order_id,user_id,session_id,order_timestamp,subtotal,discount_amount,shipping_fee,tax_amount,total_amount,order_status,shipping_method
ORD-2025-000001,834,SES-2025-000142,2025-09-08 16:31:57,24.0,0.0,7.99,1.98,33.97,Delivered,Standard Ground
ORD-2025-000002,1386,SES-2025-000165,2025-10-10 14:07:58,79.99,0.0,0.0,6.6,86.59,Delivered,Free Standard
ORD-2025-000003,6201,SES-2025-000213,2025-12-18 14:44:07,22.0,2.2,7.99,1.82,29.61,Delivered,Standard Ground
ORD-2025-000004,9354,SES-2025-000251,2025-11-29 03:26:41,267.0,0.0,0.0,22.03,289.03,Delivered,Free Standard
ORD-2025-000005,8422,SES-2025-000316,2025-10-08 23:51:30,48.0,0.0,7.99,3.96,59.95,Delivered,Standard Ground
ORD-2025-000006,9574,SES-2025-000381,2025-12-19 02:15:16,698.0,0.0,0.0,57.59,755.59,Delivered,Free Standard
ORD-2025-000007,8363,SES-2025-000408,2025-08-22 01:34:06,68.0,0.0,7.99,5.61,81.6,Delivered,Standard Ground
ORD-2025-000008,8376,SES-2025-000428,2025-05-15 21:45:08,170.0,0.0,0.0,14.03,184.03,Delivered,Free Standard
ORD-2025-000009,6095,SES-2025-000504,2025-05-11 19:45:18,34.0,0.0,7.99,2.81,44.8,Delivered,Standard Ground
ORD-2025-000010,8893,SES-2025-000522,2025-09-25 19:55:43,49.0,4.9,7.99,4.04,56.13,Delivered,Standard Ground
ORD-2025-000011,2773,SES-2025-000538,2025-04-26 04:38:13,95.0,0.0,0.0,7.84,102.84,Delivered,Free Standard
ORD-2025-000012,8403,SES-2025-000609,2025-10-26 09:20:34,170.0,0.0,0.0,14.03,184.03,Delivered,Free Standard
ORD-2025-000013,9470,SES-2025-000651,2025-10-05 15:08:58,25.0,0.0,7.99,2.06,35.05,Processing,Standard Ground
ORD-2025-000014,8737,SES-2025-000754,2025-09-23 07:43:40,28.0,0.0,7.99,2.31,38.3,Delivered,Standard Ground
ORD-2025-000015,1992,SES-2025-000891,2025-11-29 14:54:38,290.0,0.0,0.0,23.93,313.93,Delivered,Free Standard
ORD-2025-000016,3204,SES-2025-000926,2025-12-02 23:27:48,79.0,7.9,0.0,6.52,77.62,Delivered,Free Standard
ORD-2025-000017,7740,SES-2025-000969,2025-11-08 05:15:45,68.0,0.0,7.99,5.61,81.6,Delivered,Standard Ground
ORD-2025-000018,4176,SES-2025-000971,2025-09-25 16:48:40,38.0,0.0,7.99,3.14,49.13,Delivered,Standard Ground
ORD-2025-000019,32,SES-2025-001040,2025-12-24 02:02:58,68.0,0.0,7.99,5.61,81.6,Delivered,Standard Ground
ORD-2025-000020,8126,SES-2025-001071,2025-11-17 06:08:54,44.0,0.0,7.99,3.63,55.62,Delivered,Standard Ground
ORD-2025-000021,5355,SES-2025-001144,2025-10-24 06:38:35,56.0,0.0,7.99,4.62,68.61,Delivered,Standard Ground
ORD-2025-000022,4826,SES-2025-001187,2025-03-13 05:52:50,24.0,2.4,7.99,1.98,31.57,Delivered,Standard Ground
ORD-2025-000023,1703,SES-2025-001224,2025-11-27 02:52:58,34.0,0.0,7.99,2.81,44.8,Delivered,Standard Ground
ORD-2025-000024,7574,SES-2025-001243,2025-12-24 22:14:11,22.0,0.0,7.99,1.82,31.81,Delivered,Standard Ground
ORD-2025-000025,5298,SES-2025-001435,2025-12-20 12:47:03,34.0,0.0,7.99,2.81,44.8,Delivered,Standard Ground
ORD-2025-000026,1059,SES-2025-001482,2025-10-24 09:59:01,44.0,0.0,7.99,3.63,55.62,Delivered,Standard Ground
ORD-2025-000027,7241,SES-2025-001502,2025-06-05 04:02:01,64.0,0.0,7.99,5.28,77.27,Delivered,Standard Ground
ORD-2025-000028,3868,SES-2025-001537,2025-04-27 12:11:43,149.99,0.0,0.0,12.37,162.36,Delivered,Free Standard
ORD-2025-000029,8591,SES-2025-001554,2025-10-02 17:23:37,255.0,0.0,0.0,21.04,276.04,Delivered,Free Standard
ORD-2025-000030,402,SES-2025-001566,2025-12-31 14:50:45,85.0,0.0,0.0,7.01,92.01,Delivered,Free Standard
ORD-2025-000031,8613,SES-2025-001567,2025-03-05 11:23:42,85.0,8.5,0.0,7.01,83.51,Delivered,Free Standard
ORD-2025-000032,716,SES-2025-001620,2025-11-09 19:31:46,29.0,0.0,7.99,2.39,39.38,Delivered,Standard Ground
ORD-2025-000033,488,SES-2025-001623,2025-02-28 16:53:22,79.99,0.0,0.0,6.6,86.59,Delivered,Free Standard
ORD-2025-000034,1861,SES-2025-001713,2025-09-07 19:02:32,145.0,0.0,0.0,11.96,156.96,Delivered,Free Standard
ORD-2025-000035,9348,SES-2025-001794,2025-12-16 09:26:40,49.99,0.0,7.99,4.12,62.1,Delivered,Standard Ground
ORD-2025-000036,8890,SES-2025-001807,2025-10-08 08:26:10,698.0,0.0,0.0,57.59,755.59,Processing,Free Standard
ORD-2025-000037,7939,SES-2025-001833,2025-09-02 08:34:50,98.0,0.0,0.0,8.09,106.09,Delivered,Free Standard
ORD-2025-000038,2702,SES-2025-001849,2025-06-09 22:23:57,26.0,0.0,7.99,2.15,36.14,Delivered,Standard Ground
ORD-2025-000039,886,SES-2025-001851,2025-09-09 16:14:26,79.0,0.0,0.0,6.52,85.52,Delivered,Free Standard
ORD-2025-000040,4216,SES-2025-001897,2025-03-05 12:59:00,599.98,60.0,0.0,49.5,589.48,Delivered,Free Standard
ORD-2025-000041,6454,SES-2025-001938,2025-11-24 07:10:02,79.0,0.0,0.0,6.52,85.52,Delivered,Free Standard
ORD-2025-000042,5270,SES-2025-001942,2025-12-10 09:57:00,42.0,0.0,7.99,3.47,53.46,Delivered,Standard Ground
ORD-2025-000043,1685,SES-2025-002141,2025-08-06 11:33:13,38.0,0.0,7.99,3.14,49.13,Delivered,Standard Ground
ORD-2025-000044,3546,SES-2025-002157,2025-12-31 04:19:45,48.0,0.0,7.99,3.96,59.95,Delivered,Standard Ground
ORD-2025-000045,756,SES-2025-002238,2025-12-29 14:31:16,34.0,0.0,7.99,2.81,44.8,Delivered,Standard Ground
ORD-2025-000046,8021,SES-2025-002272,2025-09-11 14:08:47,159.98,0.0,0.0,13.2,173.18,Delivered,Free Standard
ORD-2025-000047,5964,SES-2025-002273,2025-06-24 06:51:52,79.0,0.0,0.0,6.52,85.52,Delivered,Free Standard
ORD-2025-000048,2711,SES-2025-002320,2025-07-06 11:50:32,42.0,0.0,7.99,3.47,53.46,Delivered,Standard Ground
ORD-2025-000049,7799,SES-2025-002340,2025-12-30 14:23:58,204.0,0.0,0.0,16.83,220.83,Delivered,Free Standard
ORD-2025-000050,7190,SES-2025-002395,2025-05-21 03:47:01,64.0,0.0,7.99,5.28,77.27,Delivered,Standard Ground
ORD-2025-000051,4447,SES-2025-002461,2025-01-17 15:20:04,145.0,0.0,0.0,11.96,156.96,Delivered,Free Standard
ORD-2025-000052,4702,SES-2025-002585,2025-07-01 17:41:28,79.0,0.0,0.0,6.52,85.52,Delivered,Free Standard
ORD-2025-000053,4414,SES-2025-002588,2025-03-07 03:52:26,95.0,0.0,0.0,7.84,102.84,Delivered,Free Standard
ORD-2025-000054,75,SES-2025-002637,2025-12-04 00:05:31,145.0,0.0,0.0,11.96,156.96,Delivered,Free Standard
ORD-2025-000055,3080,SES-2025-002669,2025-12-26 07:37:50,49.0,0.0,7.99,4.04,61.03,Delivered,Standard Ground
ORD-2025-000056,7209,SES-2025-002670,2025-12-28 00:51:06,24.0,0.0,7.99,1.98,33.97,Delivered,Standard Ground
ORD-2025-000057,3822,SES-2025-002715,2025-10-11 19:47:37,139.98,0.0,0.0,11.55,151.53,Delivered,Free Standard
ORD-2025-000058,8830,SES-2025-002762,2025-11-22 10:05:41,39.99,0.0,7.99,3.3,51.28,Delivered,Standard Ground
ORD-2025-000059,6824,SES-2025-002811,2025-01-25 19:26:32,32.0,3.2,7.99,2.64,39.43,Delivered,Standard Ground
ORD-2025-000060,4207,SES-2025-002908,2025-12-28 19:09:35,110.0,0.0,0.0,9.08,119.08,Delivered,Free Standard
ORD-2025-000061,880,SES-2025-002914,2025-03-19 06:34:48,110.0,11.0,0.0,9.08,108.08,Delivered,Free Standard
ORD-2025-000062,9088,SES-2025-002928,2025-09-25 16:40:42,74.0,0.0,7.99,6.11,88.1,Delivered,Standard Ground
ORD-2025-000063,4237,SES-2025-003078,2025-01-03 04:53:56,42.0,0.0,7.99,3.47,53.46,Delivered,Standard Ground
ORD-2025-000064,310,SES-2025-003115,2025-05-04 01:18:39,25.0,0.0,7.99,2.06,35.05,Delivered,Standard Ground
ORD-2025-000065,2328,SES-2025-003117,2025-08-02 19:28:15,158.0,0.0,0.0,13.04,171.04,Delivered,Free Standard
ORD-2025-000066,9258,SES-2025-003142,2025-12-27 15:42:35,79.0,0.0,0.0,6.52,85.52,Delivered,Free Standard
ORD-2025-000067,8252,SES-2025-003155,2025-09-28 03:53:23,79.99,0.0,0.0,6.6,86.59,Delivered,Free Standard
ORD-2025-000068,497,SES-2025-003158,2025-07-27 10:15:18,32.0,3.2,7.99,2.64,39.43,Delivered,Standard Ground
ORD-2025-000069,7172,SES-2025-003159,2025-09-28 06:33:43,68.0,0.0,7.99,5.61,81.6,Delivered,Standard Ground
ORD-2025-000070,6946,SES-2025-003175,2025-12-17 04:16:52,22.0,0.0,7.99,1.82,31.81,Processing,Standard Ground
ORD-2025-000071,8551,SES-2025-003235,2025-11-29 04:34:14,32.0,0.0,7.99,2.64,42.63,Delivered,Standard Ground
ORD-2025-000072,2048,SES-2025-003251,2025-12-09 05:39:41,52.0,5.2,7.99,4.29,59.08,Delivered,Standard Ground
ORD-2025-000073,2513,SES-2025-003254,2025-09-01 18:23:11,145.0,0.0,0.0,11.96,156.96,Delivered,Free Standard
ORD-2025-000074,9010,SES-2025-003264,2025-07-07 10:57:21,79.0,0.0,0.0,6.52,85.52,Delivered,Free Standard
ORD-2025-000075,5345,SES-2025-003325,2025-07-08 22:27:16,69.99,0.0,7.99,5.77,83.75,Delivered,Standard Ground
ORD-2025-000076,3348,SES-2025-003354,2025-08-04 10:07:20,32.0,0.0,7.99,2.64,42.63,Delivered,Standard Ground
ORD-2025-000077,4789,SES-2025-003356,2025-06-18 06:55:33,74.0,0.0,7.99,6.11,88.1,Delivered,Standard Ground
ORD-2025-000078,7693,SES-2025-003468,2025-03-08 10:29:26,220.0,0.0,0.0,18.15,238.15,Delivered,Free Standard
ORD-2025-000079,3269,SES-2025-003559,2025-07-22 06:47:20,89.0,0.0,0.0,7.34,96.34,Delivered,Free Standard
ORD-2025-000080,6521,SES-2025-003564,2025-03-04 02:11:59,89.99,0.0,0.0,7.42,97.41,Delivered,Free Standard
ORD-2025-000081,6569,SES-2025-003625,2025-05-07 01:21:43,64.0,0.0,7.99,5.28,77.27,Delivered,Standard Ground
ORD-2025-000082,7754,SES-2025-003632,2025-08-28 20:50:37,32.0,0.0,7.99,2.64,42.63,Delivered,Standard Ground
ORD-2025-000083,9551,SES-2025-003655,2025-11-13 04:49:08,79.99,0.0,0.0,6.6,86.59,Delivered,Free Standard
ORD-2025-000084,8731,SES-2025-003706,2025-09-11 05:30:20,28.0,0.0,7.99,2.31,38.3,Delivered,Standard Ground
ORD-2025-000085,8055,SES-2025-003719,2025-11-29 00:05:01,79.99,8.0,0.0,6.6,78.59,Delivered,Free Standard
ORD-2025-000086,6959,SES-2025-003856,2025-10-15 08:31:44,25.0,0.0,7.99,2.06,35.05,Delivered,Standard Ground
ORD-2025-000087,4682,SES-2025-003904,2025-12-23 21:49:03,54.99,0.0,7.99,4.54,67.52,Delivered,Standard Ground
ORD-2025-000088,2776,SES-2025-003920,2025-12-05 02:12:24,145.0,0.0,0.0,11.96,156.96,Delivered,Free Standard
ORD-2025-000089,6023,SES-2025-004009,2025-12-17 03:52:59,85.0,0.0,0.0,7.01,92.01,Delivered,Free Standard
ORD-2025-000090,612,SES-2025-004040,2025-11-03 06:30:23,136.0,0.0,0.0,11.22,147.22,Delivered,Free Standard
ORD-2025-000091,9274,SES-2025-004127,2025-09-28 19:43:40,26.0,0.0,7.99,2.15,36.14,Delivered,Standard Ground
ORD-2025-000092,2416,SES-2025-004141,2025-09-18 17:07:41,79.99,0.0,0.0,6.6,86.59,Delivered,Free Standard
ORD-2025-000093,6984,SES-2025-004162,2025-05-01 18:32:36,76.0,0.0,0.0,6.27,82.27,Delivered,Free Standard
ORD-2025-000094,9469,SES-2025-004216,2025-03-24 09:56:12,79.0,0.0,0.0,6.52,85.52,Delivered,Free Standard
ORD-2025-000095,876,SES-2025-004217,2025-04-04 02:46:38,34.0,0.0,7.99,2.81,44.8,Delivered,Standard Ground
ORD-2025-000096,981,SES-2025-004258,2025-10-25 04:54:11,56.0,0.0,7.99,4.62,68.61,Delivered,Standard Ground
ORD-2025-000097,1803,SES-2025-004261,2025-12-09 18:52:16,159.98,0.0,0.0,13.2,173.18,Delivered,Free Standard
ORD-2025-000098,3023,SES-2025-004267,2025-11-21 11:37:30,25.0,0.0,7.99,2.06,35.05,Delivered,Standard Ground
ORD-2025-000099,2362,SES-2025-004297,2025-10-23 05:36:45,49.99,0.0,7.99,4.12,62.1,Delivered,Standard Ground
ORD-2025-000100,465,SES-2025-004302,2025-10-17 19:17:49,64.0,0.0,7.99,5.28,77.27,Delivered,Standard Ground
ORD-2025-000101,3108,SES-2025-004310,2025-12-04 03:08:41,26.0,0.0,7.99,2.15,36.14,Delivered,Standard Ground
ORD-2025-000102,1609,SES-2025-004315,2025-09-05 13:04:07,75.0,0.0,0.0,6.19,81.19,Delivered,Free Standard
ORD-2025-000103,2986,SES-2025-004363,2025-10-18 08:13:41,68.0,0.0,7.99,5.61,81.6,Delivered,Standard Ground
ORD-2025-000104,9715,SES-2025-004412,2025-05-11 08:40:41,299.98,0.0,0.0,24.75,324.73,Delivered,Free Standard
ORD-2025-000105,4959,SES-2025-004413,2025-08-06 17:39:55,32.0,0.0,7.99,2.64,42.63,Delivered,Standard Ground
ORD-2025-000106,8614,SES-2025-004424,2025-08-02 03:12:51,89.0,0.0,0.0,7.34,96.34,Delivered,Free Standard
ORD-2025-000107,3931,SES-2025-004455,2025-12-17 10:33:26,49.99,0.0,7.99,4.12,62.1,Delivered,Standard Ground
ORD-2025-000108,8298,SES-2025-004575,2025-02-19 21:35:01,64.0,0.0,7.99,5.28,77.27,Delivered,Standard Ground
ORD-2025-000109,4100,SES-2025-004578,2025-02-11 09:14:31,89.99,0.0,0.0,7.42,97.41,Delivered,Free Standard
ORD-2025-000110,1033,SES-2025-004674,2025-04-21 15:55:47,42.0,4.2,7.99,3.47,49.26,Delivered,Standard Ground
ORD-2025-000111,2280,SES-2025-004712,2025-11-23 03:30:46,69.99,0.0,7.99,5.77,83.75,Delivered,Standard Ground
ORD-2025-000112,2171,SES-2025-004715,2025-04-15 17:15:54,32.0,0.0,7.99,2.64,42.63,Delivered,Standard Ground
ORD-2025-000113,1994,SES-2025-004720,2025-09-16 16:38:23,79.99,8.0,0.0,6.6,78.59,Delivered,Free Standard
ORD-2025-000114,565,SES-2025-004763,2025-10-25 07:36:00,34.0,0.0,7.99,2.81,44.8,Delivered,Standard Ground
ORD-2025-000115,9181,SES-2025-004803,2025-09-05 07:36:14,170.0,0.0,0.0,14.03,184.03,Delivered,Free Standard
ORD-2025-000116,4631,SES-2025-004844,2025-11-11 10:49:08,110.0,0.0,0.0,9.08,119.08,Delivered,Free Standard
ORD-2025-000117,449,SES-2025-004845,2025-06-17 11:43:45,42.0,0.0,7.99,3.47,53.46,Delivered,Standard Ground
ORD-2025-000118,4261,SES-2025-004871,2025-01-29 04:09:24,79.0,0.0,0.0,6.52,85.52,Delivered,Free Standard
ORD-2025-000119,202,SES-2025-004877,2025-03-26 20:40:33,84.0,0.0,0.0,6.93,90.93,Delivered,Free Standard
ORD-2025-000120,8341,SES-2025-004888,2025-10-31 12:23:24,349.0,0.0,0.0,28.79,377.79,Delivered,Free Standard
ORD-2025-000121,8410,SES-2025-004916,2025-10-10 20:05:56,299.99,0.0,0.0,24.75,324.74,Processing,Free Standard
ORD-2025-000122,1831,SES-2025-004991,2025-12-26 10:16:18,44.0,0.0,7.99,3.63,55.62,Delivered,Standard Ground
ORD-2025-000123,773,SES-2025-004998,2025-10-10 02:11:22,149.99,0.0,0.0,12.37,162.36,Delivered,Free Standard
ORD-2025-000124,8551,SES-2025-005010,2025-02-18 13:25:10,50.0,5.0,7.99,4.12,57.11,Delivered,Standard Ground
ORD-2025-000125,828,SES-2025-005016,2025-09-19 02:54:33,25.0,2.5,7.99,2.06,32.55,Delivered,Standard Ground
ORD-2025-000126,6324,SES-2025-005075,2025-12-30 22:52:17,88.0,0.0,0.0,7.26,95.26,Delivered,Free Standard
ORD-2025-000127,4229,SES-2025-005085,2025-03-29 04:12:03,26.0,0.0,7.99,2.15,36.14,Delivered,Standard Ground
ORD-2025-000128,6003,SES-2025-005104,2025-05-06 15:49:25,79.99,0.0,0.0,6.6,86.59,Delivered,Free Standard
ORD-2025-000129,8116,SES-2025-005135,2025-07-21 23:25:02,68.0,0.0,7.99,5.61,81.6,Processing,Standard Ground
ORD-2025-000130,1262,SES-2025-005183,2025-12-23 14:15:48,44.0,0.0,7.99,3.63,55.62,Delivered,Standard Ground
ORD-2025-000131,7804,SES-2025-005195,2025-03-10 12:33:58,69.99,0.0,7.99,5.77,83.75,Delivered,Standard Ground
ORD-2025-000132,5902,SES-2025-005202,2025-03-24 16:57:00,44.0,0.0,7.99,3.63,55.62,Delivered,Standard Ground
ORD-2025-000133,6531,SES-2025-005208,2025-11-15 22:52:51,24.0,0.0,7.99,1.98,33.97,Delivered,Standard Ground
ORD-2025-000134,6805,SES-2025-005219,2025-11-05 22:58:10,79.99,0.0,0.0,6.6,86.59,Delivered,Free Standard
ORD-2025-000135,6645,SES-2025-005233,2025-11-04 13:48:20,119.97,0.0,0.0,9.9,129.87,Delivered,Free Standard
ORD-2025-000136,2883,SES-2025-005237,2025-11-18 09:54:57,299.99,0.0,0.0,24.75,324.74,Delivered,Free Standard
ORD-2025-000137,5036,SES-2025-005258,2025-05-22 03:16:19,79.0,0.0,0.0,6.52,85.52,Processing,Free Standard
ORD-2025-000138,7260,SES-2025-005276,2025-10-07 22:41:52,69.99,0.0,7.99,5.77,83.75,Delivered,Standard Ground
ORD-2025-000139,510,SES-2025-005279,2025-11-14 03:37:24,39.99,0.0,7.99,3.3,51.28,Delivered,Standard Ground
ORD-2025-000140,9419,SES-2025-005281,2025-07-06 14:48:03,158.0,15.8,0.0,13.04,155.24,Processing,Free Standard
ORD-2025-000141,6771,SES-2025-005288,2025-12-16 13:54:08,74.0,0.0,7.99,6.11,88.1,Delivered,Standard Ground
ORD-2025-000142,758,SES-2025-005316,2025-10-25 15:56:39,84.0,0.0,0.0,6.93,90.93,Processing,Free Standard
ORD-2025-000143,5753,SES-2025-005466,2025-12-26 16:17:10,42.0,0.0,7.99,3.47,53.46,Delivered,Standard Ground
ORD-2025-000144,5610,SES-2025-005482,2025-08-10 09:29:13,39.99,0.0,7.99,3.3,51.28,Delivered,Standard Ground
ORD-2025-000145,1407,SES-2025-005491,2025-12-12 20:21:52,109.98,0.0,0.0,9.07,119.05,Delivered,Free Standard
ORD-2025-000146,6511,SES-2025-005528,2025-08-30 18:56:49,38.0,0.0,7.99,3.14,49.13,Delivered,Standard Ground
ORD-2025-000147,7315,SES-2025-005540,2025-12-11 18:11:44,34.0,0.0,7.99,2.81,44.8,Delivered,Standard Ground
ORD-2025-000148,9794,SES-2025-005557,2025-10-22 04:48:52,79.0,0.0,0.0,6.52,85.52,Delivered,Free Standard
ORD-2025-000149,7629,SES-2025-005601,2025-12-05 13:55:51,158.0,0.0,0.0,13.04,171.04,Delivered,Free Standard
ORD-2025-000150,6439,SES-2025-005691,2025-09-12 06:46:33,44.0,0.0,7.99,3.63,55.62,Delivered,Standard Ground
ORD-2025-000151,7773,SES-2025-005740,2025-11-06 23:54:44,79.99,0.0,0.0,6.6,86.59,Delivered,Free Standard
ORD-2025-000152,2814,SES-2025-005752,2025-06-04 08:01:41,79.99,0.0,0.0,6.6,86.59,Processing,Free Standard
ORD-2025-000153,6286,SES-2025-005766,2025-07-31 00:36:59,148.0,0.0,0.0,12.21,160.21,Delivered,Free Standard
ORD-2025-000154,1783,SES-2025-005768,2025-10-05 10:20:34,149.99,0.0,0.0,12.37,162.36,Delivered,Free Standard
ORD-2025-000155,149,SES-2025-005886,2025-07-19 12:45:22,25.0,0.0,7.99,2.06,35.05,Delivered,Standard Ground
ORD-2025-000156,4131,SES-2025-006083,2025-08-14 08:31:08,48.0,4.8,7.99,3.96,55.15,Delivered,Standard Ground
ORD-2025-000157,7535,SES-2025-006164,2025-11-19 20:01:28,22.0,0.0,7.99,1.82,31.81,Delivered,Standard Ground
ORD-2025-000158,2612,SES-2025-006184,2025-05-26 15:05:00,39.99,0.0,7.99,3.3,51.28,Delivered,Standard Ground
ORD-2025-000159,1943,SES-2025-006217,2025-04-06 13:44:22,22.0,0.0,7.99,1.82,31.81,Delivered,Standard Ground
ORD-2025-000160,1782,SES-2025-006238,2025-05-21 13:24:38,79.0,0.0,0.0,6.52,85.52,Delivered,Free Standard
ORD-2025-000161,3535,SES-2025-006242,2025-05-24 08:18:42,79.0,0.0,0.0,6.52,85.52,Delivered,Free Standard
ORD-2025-000162,8455,SES-2025-006290,2025-12-18 05:15:37,145.0,14.5,0.0,11.96,142.46,Delivered,Free Standard
ORD-2025-000163,8771,SES-2025-006393,2025-08-13 03:33:25,48.0,0.0,7.99,3.96,59.95,Delivered,Standard Ground
ORD-2025-000164,2674,SES-2025-006420,2025-10-06 07:16:48,69.99,7.0,7.99,5.77,76.75,Delivered,Standard Ground
ORD-2025-000165,6211,SES-2025-006493,2025-06-12 15:38:40,79.99,0.0,0.0,6.6,86.59,Delivered,Free Standard
ORD-2025-000166,437,SES-2025-006494,2025-11-05 13:44:22,64.0,0.0,7.99,5.28,77.27,Delivered,Standard Ground
ORD-2025-000167,2453,SES-2025-006499,2025-11-24 07:32:09,22.0,0.0,7.99,1.82,31.81,Delivered,Standard Ground
ORD-2025-000168,3297,SES-2025-006514,2025-12-15 19:21:19,38.0,0.0,7.99,3.14,49.13,Delivered,Standard Ground
ORD-2025-000169,4241,SES-2025-006521,2025-12-28 14:16:16,50.0,5.0,7.99,4.12,57.11,Delivered,Standard Ground
ORD-2025-000170,2978,SES-2025-006556,2025-05-04 05:34:20,22.0,2.2,7.99,1.82,29.61,Delivered,Standard Ground
ORD-2025-000171,3572,SES-2025-006606,2025-04-23 04:44:50,95.0,0.0,0.0,7.84,102.84,Delivered,Free Standard
ORD-2025-000172,806,SES-2025-006706,2025-10-05 01:31:34,147.0,0.0,0.0,12.13,159.13,Delivered,Free Standard
ORD-2025-000173,9454,SES-2025-006761,2025-11-14 13:24:55,48.0,4.8,7.99,3.96,55.15,Delivered,Standard Ground
ORD-2025-000174,1260,SES-2025-006783,2025-12-12 14:35:18,64.0,0.0,7.99,5.28,77.27,Delivered,Standard Ground
ORD-2025-000175,3864,SES-2025-006794,2025-11-29 03:03:09,28.0,2.8,7.99,2.31,35.5,Delivered,Standard Ground
ORD-2025-000176,9354,SES-2025-006810,2025-02-21 23:20:14,42.0,0.0,7.99,3.47,53.46,Delivered,Standard Ground
ORD-2025-000177,826,SES-2025-006865,2025-10-18 11:00:41,34.0,0.0,7.99,2.81,44.8,Delivered,Standard Ground
ORD-2025-000178,6063,SES-2025-006890,2025-12-12 04:32:42,74.0,0.0,7.99,6.11,88.1,Delivered,Standard Ground
ORD-2025-000179,5706,SES-2025-006897,2025-01-05 23:21:58,32.0,0.0,7.99,2.64,42.63,Delivered,Standard Ground
ORD-2025-000180,2713,SES-2025-006916,2025-09-28 01:56:17,79.0,0.0,0.0,6.52,85.52,Delivered,Free Standard
ORD-2025-000181,558,SES-2025-006919,2025-12-14 07:13:44,114.0,0.0,0.0,9.41,123.41,Delivered,Free Standard
ORD-2025-000182,4573,SES-2025-006922,2025-02-22 06:17:25,22.0,0.0,7.99,1.82,31.81,Delivered,Standard Ground
ORD-2025-000183,8821,SES-2025-006923,2025-06-03 20:41:10,49.0,0.0,7.99,4.04,61.03,Delivered,Standard Ground
ORD-2025-000184,6594,SES-2025-006969,2025-08-08 07:19:35,48.0,0.0,7.99,3.96,59.95,Delivered,Standard Ground
ORD-2025-000185,796,SES-2025-006992,2025-04-15 04:06:52,89.0,0.0,0.0,7.34,96.34,Delivered,Free Standard
ORD-2025-000186,3644,SES-2025-007039,2025-12-11 12:16:20,89.99,0.0,0.0,7.42,97.41,Delivered,Free Standard
ORD-2025-000187,8607,SES-2025-007110,2025-12-30 17:55:06,54.99,0.0,7.99,4.54,67.52,Delivered,Standard Ground
ORD-2025-000188,2094,SES-2025-007122,2025-12-29 21:08:57,69.99,0.0,7.99,5.77,83.75,Delivered,Standard Ground
ORD-2025-000189,2279,SES-2025-007127,2025-01-16 01:44:04,48.0,4.8,7.99,3.96,55.15,Processing,Standard Ground
ORD-2025-000190,5126,SES-2025-007139,2025-09-07 06:49:27,38.0,0.0,7.99,3.14,49.13,Delivered,Standard Ground
ORD-2025-000191,5580,SES-2025-007254,2025-11-23 23:55:25,49.0,4.9,7.99,4.04,56.13,Delivered,Standard Ground
ORD-2025-000192,4629,SES-2025-007272,2025-06-17 06:06:54,139.98,0.0,0.0,11.55,151.53,Delivered,Free Standard
ORD-2025-000193,3415,SES-2025-007296,2025-09-16 14:48:48,64.0,0.0,7.99,5.28,77.27,Delivered,Standard Ground
ORD-2025-000194,6068,SES-2025-007310,2025-12-12 21:15:20,95.0,0.0,0.0,7.84,102.84,Delivered,Free Standard
ORD-2025-000195,8481,SES-2025-007316,2025-11-12 15:10:55,84.0,0.0,0.0,6.93,90.93,Delivered,Free Standard
ORD-2025-000196,6995,SES-2025-007322,2025-05-05 23:07:17,44.0,0.0,7.99,3.63,55.62,Delivered,Standard Ground
ORD-2025-000197,6789,SES-2025-007403,2025-05-12 15:50:46,299.99,0.0,0.0,24.75,324.74,Delivered,Free Standard
ORD-2025-000198,4299,SES-2025-007479,2025-11-11 06:37:19,126.0,0.0,0.0,10.4,136.4,Delivered,Free Standard
ORD-2025-000199,5871,SES-2025-007492,2025-12-28 13:30:18,48.0,4.8,7.99,3.96,55.15,Delivered,Standard Ground
ORD-2025-000200,4446,SES-2025-007501,2025-12-24 11:38:30,28.0,0.0,7.99,2.31,38.3,Delivered,Standard Ground
ORD-2025-000201,619,SES-2025-007530,2025-12-26 21:06:31,42.0,0.0,7.99,3.47,53.46,Delivered,Standard Ground
ORD-2025-000202,9169,SES-2025-007695,2025-12-21 12:49:23,85.0,0.0,0.0,7.01,92.01,Delivered,Free Standard
ORD-2025-000203,8682,SES-2025-007752,2025-09-06 18:01:01,24.0,0.0,7.99,1.98,33.97,Delivered,Standard Ground
ORD-2025-000204,6848,SES-2025-007768,2025-01-30 02:33:10,149.99,0.0,0.0,12.37,162.36,Delivered,Free Standard
ORD-2025-000205,2158,SES-2025-007774,2025-12-13 04:50:58,29.0,0.0,7.99,2.39,39.38,Delivered,Standard Ground
ORD-2025-000206,5649,SES-2025-007791,2025-07-28 23:09:33,68.0,0.0,7.99,5.61,81.6,Delivered,Standard Ground
ORD-2025-000207,2214,SES-2025-007794,2025-10-19 18:24:04,28.0,0.0,7.99,2.31,38.3,Delivered,Standard Ground
ORD-2025-000208,988,SES-2025-007854,2025-12-08 23:45:23,267.0,0.0,0.0,22.03,289.03,Delivered,Free Standard
ORD-2025-000209,651,SES-2025-007878,2025-12-18 11:21:42,42.0,4.2,7.99,3.47,49.26,Delivered,Standard Ground
ORD-2025-000210,2955,SES-2025-007879,2025-04-23 12:06:42,24.0,0.0,7.99,1.98,33.97,Delivered,Standard Ground
ORD-2025-000211,5636,SES-2025-007905,2025-06-06 12:39:41,170.0,0.0,0.0,14.03,184.03,Delivered,Free Standard
ORD-2025-000212,6993,SES-2025-007960,2025-06-21 23:31:01,22.0,0.0,7.99,1.82,31.81,Delivered,Standard Ground
ORD-2025-000213,331,SES-2025-007974,2025-06-28 13:27:56,66.0,6.6,7.99,5.45,72.84,Delivered,Standard Ground
ORD-2025-000214,6553,SES-2025-008042,2025-08-09 05:44:09,74.0,0.0,7.99,6.11,88.1,Delivered,Standard Ground
ORD-2025-000215,1917,SES-2025-008181,2025-11-29 05:13:22,149.99,15.0,0.0,12.37,147.36,Delivered,Free Standard
ORD-2025-000216,3172,SES-2025-008225,2025-05-29 23:33:23,74.0,0.0,7.99,6.11,88.1,Delivered,Standard Ground
ORD-2025-000217,374,SES-2025-008259,2025-04-23 10:28:22,76.0,0.0,0.0,6.27,82.27,Delivered,Free Standard
ORD-2025-000218,1835,SES-2025-008312,2025-12-28 20:43:24,158.0,0.0,0.0,13.04,171.04,Delivered,Free Standard
ORD-2025-000219,9182,SES-2025-008326,2025-09-15 18:47:04,85.0,0.0,0.0,7.01,92.01,Delivered,Free Standard
ORD-2025-000220,9531,SES-2025-008328,2025-08-01 10:17:29,28.0,0.0,7.99,2.31,38.3,Delivered,Standard Ground
ORD-2025-000221,6572,SES-2025-008337,2025-12-20 18:47:43,34.0,0.0,7.99,2.81,44.8,Delivered,Standard Ground
ORD-2025-000222,1019,SES-2025-008347,2025-12-15 06:29:34,49.0,0.0,7.99,4.04,61.03,Delivered,Standard Ground
ORD-2025-000223,4510,SES-2025-008378,2025-11-07 10:27:00,68.0,0.0,7.99,5.61,81.6,Delivered,Standard Ground
ORD-2025-000224,8834,SES-2025-008418,2025-10-10 10:32:29,24.0,0.0,7.99,1.98,33.97,Delivered,Standard Ground
ORD-2025-000225,9467,SES-2025-008443,2025-01-02 02:04:53,349.0,0.0,0.0,28.79,377.79,Delivered,Free Standard
ORD-2025-000226,1532,SES-2025-008530,2025-12-24 20:43:20,54.99,0.0,7.99,4.54,67.52,Delivered,Standard Ground
ORD-2025-000227,1377,SES-2025-008543,2025-09-14 15:21:00,26.0,0.0,7.99,2.15,36.14,Delivered,Standard Ground
ORD-2025-000228,7489,SES-2025-008572,2025-01-11 23:50:09,44.0,0.0,7.99,3.63,55.62,Delivered,Standard Ground
ORD-2025-000229,2277,SES-2025-008770,2025-12-20 11:38:39,28.0,0.0,7.99,2.31,38.3,Delivered,Standard Ground
ORD-2025-000230,9759,SES-2025-008808,2025-08-25 01:03:37,449.97,0.0,0.0,37.12,487.09,Delivered,Free Standard
ORD-2025-000231,1842,SES-2025-008878,2025-12-08 23:59:50,69.99,0.0,7.99,5.77,83.75,Delivered,Standard Ground
ORD-2025-000232,5441,SES-2025-008991,2025-03-27 11:11:21,48.0,0.0,7.99,3.96,59.95,Delivered,Standard Ground
ORD-2025-000233,8693,SES-2025-009014,2025-10-18 13:51:45,44.0,0.0,7.99,3.63,55.62,Delivered,Standard Ground
ORD-2025-000234,1492,SES-2025-009069,2025-08-03 13:49:00,299.99,0.0,0.0,24.75,324.74,Delivered,Free Standard
ORD-2025-000235,8706,SES-2025-009089,2025-11-23 01:04:15,145.0,0.0,0.0,11.96,156.96,Delivered,Free Standard
ORD-2025-000236,5866,SES-2025-009099,2025-07-14 17:56:57,22.0,0.0,7.99,1.82,31.81,Delivered,Standard Ground
ORD-2025-000237,2536,SES-2025-009127,2025-10-03 10:20:59,32.0,0.0,7.99,2.64,42.63,Delivered,Standard Ground
ORD-2025-000238,7742,SES-2025-009256,2025-02-04 17:26:51,28.0,0.0,7.99,2.31,38.3,Delivered,Standard Ground
ORD-2025-000239,4433,SES-2025-009266,2025-05-31 06:14:54,39.99,0.0,7.99,3.3,51.28,Delivered,Standard Ground
ORD-2025-000240,2902,SES-2025-009278,2025-03-02 06:50:28,48.0,0.0,7.99,3.96,59.95,Delivered,Standard Ground
ORD-2025-000241,7978,SES-2025-009349,2025-09-01 09:47:56,89.0,0.0,0.0,7.34,96.34,Delivered,Free Standard
ORD-2025-000242,4570,SES-2025-009386,2025-11-17 19:48:57,24.0,0.0,7.99,1.98,33.97,Delivered,Standard Ground
ORD-2025-000243,7857,SES-2025-009401,2025-08-21 17:26:40,69.99,0.0,7.99,5.77,83.75,Delivered,Standard Ground
ORD-2025-000244,441,SES-2025-009434,2025-10-28 14:25:37,349.0,0.0,0.0,28.79,377.79,Delivered,Free Standard
ORD-2025-000245,9032,SES-2025-009496,2025-02-23 09:28:40,349.0,0.0,0.0,28.79,377.79,Delivered,Free Standard
ORD-2025-000246,1373,SES-2025-009503,2025-11-24 05:28:14,88.0,0.0,0.0,7.26,95.26,Delivered,Free Standard
ORD-2025-000247,9660,SES-2025-009637,2025-08-20 16:16:29,50.0,0.0,7.99,4.12,62.11,Delivered,Standard Ground
ORD-2025-000248,8373,SES-2025-009642,2025-06-13 09:33:35,42.0,0.0,7.99,3.47,53.46,Delivered,Standard Ground
ORD-2025-000249,9440,SES-2025-009656,2025-09-01 01:21:26,79.0,0.0,0.0,6.52,85.52,Delivered,Free Standard
ORD-2025-000250,4557,SES-2025-009681,2025-12-28 06:30:00,74.0,0.0,7.99,6.11,88.1,Delivered,Standard Ground
ORD-2025-000251,8930,SES-2025-009755,2025-11-08 14:31:33,52.0,0.0,7.99,4.29,64.28,Delivered,Standard Ground
ORD-2025-000252,110,SES-2025-009803,2025-12-13 04:20:38,89.99,0.0,0.0,7.42,97.41,Delivered,Free Standard
ORD-2025-000253,4807,SES-2025-009817,2025-12-13 03:42:33,38.0,0.0,7.99,3.14,49.13,Delivered,Standard Ground
ORD-2025-000254,6409,SES-2025-009836,2025-05-25 14:48:52,79.0,0.0,0.0,6.52,85.52,Delivered,Free Standard
ORD-2025-000255,6369,SES-2025-009992,2025-12-22 09:52:16,89.99,0.0,0.0,7.42,97.41,Delivered,Free Standard
ORD-2025-000256,2990,SES-2025-010057,2025-10-31 08:49:39,145.0,0.0,0.0,11.96,156.96,Delivered,Free Standard
ORD-2025-000257,1540,SES-2025-010059,2025-11-25 02:05:30,79.0,7.9,0.0,6.52,77.62,Delivered,Free Standard
ORD-2025-000258,8501,SES-2025-010088,2025-04-13 03:40:59,29.0,0.0,7.99,2.39,39.38,Delivered,Standard Ground
ORD-2025-000259,309,SES-2025-010145,2025-08-06 11:04:37,158.0,0.0,0.0,13.04,171.04,Delivered,Free Standard
ORD-2025-000260,2707,SES-2025-010146,2025-11-09 13:21:32,25.0,0.0,7.99,2.06,35.05,Delivered,Standard Ground
ORD-2025-000261,6048,SES-2025-010221,2025-09-11 17:27:06,25.0,0.0,7.99,2.06,35.05,Delivered,Standard Ground
ORD-2025-000262,1239,SES-2025-010467,2025-06-26 23:54:03,89.0,0.0,0.0,7.34,96.34,Delivered,Free Standard
ORD-2025-000263,1064,SES-2025-010645,2025-05-16 19:39:22,28.0,0.0,7.99,2.31,38.3,Delivered,Standard Ground
ORD-2025-000264,9222,SES-2025-010677,2025-12-27 14:43:18,26.0,0.0,7.99,2.15,36.14,Delivered,Standard Ground
ORD-2025-000265,3970,SES-2025-010768,2025-10-22 23:31:52,49.99,0.0,7.99,4.12,62.1,Delivered,Standard Ground
ORD-2025-000266,4378,SES-2025-010803,2025-12-26 11:44:12,89.0,0.0,0.0,7.34,96.34,Delivered,Free Standard
ORD-2025-000267,3335,SES-2025-010972,2025-11-28 08:42:43,110.0,0.0,0.0,9.08,119.08,Delivered,Free Standard
ORD-2025-000268,3592,SES-2025-010974,2025-06-24 04:42:42,79.0,0.0,0.0,6.52,85.52,Delivered,Free Standard
ORD-2025-000269,1253,SES-2025-010979,2025-08-07 03:46:21,28.0,0.0,7.99,2.31,38.3,Delivered,Standard Ground
ORD-2025-000270,9595,SES-2025-011016,2025-05-11 10:41:20,145.0,0.0,0.0,11.96,156.96,Delivered,Free Standard
ORD-2025-000271,4556,SES-2025-011019,2025-12-11 07:48:40,28.0,0.0,7.99,2.31,38.3,Delivered,Standard Ground
ORD-2025-000272,6157,SES-2025-011045,2025-11-10 16:25:31,237.0,0.0,0.0,19.55,256.55,Delivered,Free Standard
ORD-2025-000273,517,SES-2025-011057,2025-09-16 05:03:33,178.0,0.0,0.0,14.69,192.69,Delivered,Free Standard
ORD-2025-000274,7963,SES-2025-011121,2025-08-03 00:34:24,74.0,0.0,7.99,6.11,88.1,Delivered,Standard Ground
ORD-2025-000275,3724,SES-2025-011148,2025-12-11 18:20:15,79.99,0.0,0.0,6.6,86.59,Processing,Free Standard
ORD-2025-000276,6775,SES-2025-011176,2025-06-03 20:53:01,26.0,2.6,7.99,2.15,33.54,Delivered,Standard Ground
ORD-2025-000277,6696,SES-2025-011184,2025-12-16 22:24:47,48.0,0.0,7.99,3.96,59.95,Delivered,Standard Ground
ORD-2025-000278,4807,SES-2025-011241,2025-12-22 01:42:28,28.0,0.0,7.99,2.31,38.3,Delivered,Standard Ground
ORD-2025-000279,6957,SES-2025-011269,2025-08-17 19:13:59,34.0,0.0,7.99,2.81,44.8,Delivered,Standard Ground
ORD-2025-000280,8907,SES-2025-011311,2025-12-22 06:52:30,89.0,0.0,0.0,7.34,96.34,Delivered,Free Standard
ORD-2025-000281,7119,SES-2025-011394,2025-11-15 02:42:53,74.0,0.0,7.99,6.11,88.1,Delivered,Standard Ground
ORD-2025-000282,6247,SES-2025-011399,2025-12-27 05:57:54,79.0,0.0,0.0,6.52,85.52,Delivered,Free Standard
ORD-2025-000283,9649,SES-2025-011434,2025-02-24 06:14:51,68.0,0.0,7.99,5.61,81.6,Delivered,Standard Ground
ORD-2025-000284,5928,SES-2025-011554,2025-12-07 11:28:10,149.99,0.0,0.0,12.37,162.36,Delivered,Free Standard
ORD-2025-000285,3931,SES-2025-011600,2025-08-07 22:25:55,449.97,0.0,0.0,37.12,487.09,Delivered,Free Standard
ORD-2025-000286,9228,SES-2025-011704,2025-05-11 06:35:54,52.0,0.0,7.99,4.29,64.28,Delivered,Standard Ground
ORD-2025-000287,9955,SES-2025-011816,2025-05-28 15:00:10,38.0,0.0,7.99,3.14,49.13,Delivered,Standard Ground
ORD-2025-000288,8608,SES-2025-011838,2025-12-11 13:13:06,49.99,0.0,7.99,4.12,62.1,Delivered,Standard Ground
ORD-2025-000289,352,SES-2025-011920,2025-09-13 22:13:52,89.0,0.0,0.0,7.34,96.34,Delivered,Free Standard
ORD-2025-000290,4389,SES-2025-012006,2025-10-10 21:48:41,34.0,0.0,7.99,2.81,44.8,Delivered,Standard Ground
ORD-2025-000291,4436,SES-2025-012120,2025-10-08 16:23:08,68.0,0.0,7.99,5.61,81.6,Delivered,Standard Ground
ORD-2025-000292,1218,SES-2025-012199,2025-12-25 17:09:08,34.0,0.0,7.99,2.81,44.8,Delivered,Standard Ground
ORD-2025-000293,8078,SES-2025-012212,2025-12-05 19:20:32,44.0,0.0,7.99,3.63,55.62,Delivered,Standard Ground
ORD-2025-000294,6428,SES-2025-012213,2025-12-25 22:23:39,79.98,0.0,0.0,6.6,86.58,Delivered,Free Standard
ORD-2025-000295,9028,SES-2025-012246,2025-01-18 22:28:06,159.98,0.0,0.0,13.2,173.18,Delivered,Free Standard
ORD-2025-000296,2749,SES-2025-012301,2025-08-31 12:59:54,49.99,0.0,7.99,4.12,62.1,Delivered,Standard Ground
ORD-2025-000297,4893,SES-2025-012326,2025-08-03 14:32:47,88.0,0.0,0.0,7.26,95.26,Delivered,Free Standard
ORD-2025-000298,7638,SES-2025-012335,2025-12-25 08:21:33,99.98,0.0,0.0,8.25,108.23,Processing,Free Standard
ORD-2025-000299,830,SES-2025-012342,2025-12-10 05:51:29,110.0,0.0,0.0,9.08,119.08,Delivered,Free Standard
ORD-2025-000300,1953,SES-2025-012346,2025-02-06 23:56:07,68.0,0.0,7.99,5.61,81.6,Processing,Standard Ground
ORD-2025-000301,9193,SES-2025-012393,2025-09-17 13:57:45,79.0,7.9,0.0,6.52,77.62,Delivered,Free Standard
ORD-2025-000302,3678,SES-2025-012394,2025-10-12 12:17:22,89.99,0.0,0.0,7.42,97.41,Delivered,Free Standard
ORD-2025-000303,6710,SES-2025-012399,2025-04-30 03:17:36,84.0,8.4,0.0,6.93,82.53,Processing,Free Standard
ORD-2025-000304,4058,SES-2025-012411,2025-10-29 20:23:32,44.0,0.0,7.99,3.63,55.62,Delivered,Standard Ground
ORD-2025-000305,4129,SES-2025-012465,2025-06-25 04:19:39,99.98,0.0,0.0,8.25,108.23,Delivered,Free Standard
ORD-2025-000306,2042,SES-2025-012490,2025-04-26 23:46:17,136.0,0.0,0.0,11.22,147.22,Processing,Free Standard
ORD-2025-000307,3597,SES-2025-012553,2025-10-01 22:57:32,74.0,0.0,7.99,6.11,88.1,Delivered,Standard Ground
ORD-2025-000308,5215,SES-2025-012566,2025-04-09 00:37:40,28.0,0.0,7.99,2.31,38.3,Delivered,Standard Ground
ORD-2025-000309,7790,SES-2025-012580,2025-09-12 01:11:12,74.0,0.0,7.99,6.11,88.1,Delivered,Standard Ground
ORD-2025-000310,6619,SES-2025-012585,2025-10-03 01:20:58,74.0,7.4,7.99,6.11,80.7,Processing,Standard Ground
ORD-2025-000311,4341,SES-2025-012664,2025-12-07 20:41:38,48.0,0.0,7.99,3.96,59.95,Delivered,Standard Ground
ORD-2025-000312,5594,SES-2025-012730,2025-12-29 21:13:40,44.0,0.0,7.99,3.63,55.62,Delivered,Standard Ground
ORD-2025-000313,9376,SES-2025-012737,2025-06-13 05:26:09,79.0,0.0,0.0,6.52,85.52,Delivered,Free Standard
ORD-2025-000314,9947,SES-2025-012765,2025-11-07 04:14:39,79.0,7.9,0.0,6.52,77.62,Delivered,Free Standard
ORD-2025-000315,4087,SES-2025-012789,2025-03-17 12:34:04,79.98,0.0,0.0,6.6,86.58,Processing,Free Standard
ORD-2025-000316,2848,SES-2025-012848,2025-12-22 21:52:11,95.0,9.5,0.0,7.84,93.34,Delivered,Free Standard
ORD-2025-000317,636,SES-2025-012872,2025-11-20 10:11:59,32.0,3.2,7.99,2.64,39.43,Delivered,Standard Ground
ORD-2025-000318,5353,SES-2025-012916,2025-10-27 16:51:59,26.0,0.0,7.99,2.15,36.14,Delivered,Standard Ground
ORD-2025-000319,5582,SES-2025-012924,2025-04-25 17:30:00,54.99,0.0,7.99,4.54,67.52,Delivered,Standard Ground
ORD-2025-000320,6380,SES-2025-012968,2025-11-03 08:43:51,42.0,0.0,7.99,3.47,53.46,Delivered,Standard Ground
ORD-2025-000321,5580,SES-2025-013079,2025-12-16 21:51:01,599.98,0.0,0.0,49.5,649.48,Delivered,Free Standard
ORD-2025-000322,5296,SES-2025-013084,2025-05-28 06:02:30,54.99,0.0,7.99,4.54,67.52,Delivered,Standard Ground
ORD-2025-000323,7165,SES-2025-013086,2025-09-05 11:16:26,698.0,0.0,0.0,57.59,755.59,Delivered,Free Standard
ORD-2025-000324,2605,SES-2025-013156,2025-11-19 14:57:17,48.0,0.0,7.99,3.96,59.95,Delivered,Standard Ground
ORD-2025-000325,1853,SES-2025-013174,2025-09-14 06:08:43,84.0,8.4,0.0,6.93,82.53,Delivered,Free Standard
ORD-2025-000326,7826,SES-2025-013285,2025-11-14 12:42:25,99.98,0.0,0.0,8.25,108.23,Delivered,Free Standard
ORD-2025-000327,1051,SES-2025-013310,2025-10-10 07:44:24,89.99,9.0,0.0,7.42,88.41,Delivered,Free Standard
ORD-2025-000328,3155,SES-2025-013313,2025-11-16 02:44:43,69.99,0.0,7.99,5.77,83.75,Delivered,Standard Ground
ORD-2025-000329,2805,SES-2025-013362,2025-05-22 04:01:22,110.0,0.0,0.0,9.08,119.08,Delivered,Free Standard
ORD-2025-000330,1325,SES-2025-013369,2025-11-09 22:43:06,24.0,0.0,7.99,1.98,33.97,Delivered,Standard Ground
ORD-2025-000331,2801,SES-2025-013377,2025-10-23 06:07:17,49.0,0.0,7.99,4.04,61.03,Delivered,Standard Ground
ORD-2025-000332,5380,SES-2025-013393,2025-06-05 20:00:21,89.0,0.0,0.0,7.34,96.34,Delivered,Free Standard
ORD-2025-000333,5004,SES-2025-013425,2025-02-22 20:43:04,28.0,0.0,7.99,2.31,38.3,Delivered,Standard Ground
ORD-2025-000334,5576,SES-2025-013431,2025-08-05 16:57:20,145.0,0.0,0.0,11.96,156.96,Delivered,Free Standard
ORD-2025-000335,5860,SES-2025-013438,2025-10-02 14:59:57,179.98,0.0,0.0,14.85,194.83,Delivered,Free Standard
ORD-2025-000336,3144,SES-2025-013469,2025-07-19 11:18:21,349.0,0.0,0.0,28.79,377.79,Delivered,Free Standard
ORD-2025-000337,8163,SES-2025-013543,2025-03-03 05:34:33,158.0,0.0,0.0,13.04,171.04,Delivered,Free Standard
ORD-2025-000338,5451,SES-2025-013551,2025-01-31 22:35:37,85.0,0.0,0.0,7.01,92.01,Delivered,Free Standard
ORD-2025-000339,2645,SES-2025-013560,2025-05-14 22:20:37,74.0,0.0,7.99,6.11,88.1,Delivered,Standard Ground
ORD-2025-000340,158,SES-2025-013578,2025-12-22 18:20:41,349.0,0.0,0.0,28.79,377.79,Delivered,Free Standard
ORD-2025-000341,270,SES-2025-013587,2025-10-14 10:37:46,74.0,0.0,7.99,6.11,88.1,Delivered,Standard Ground
ORD-2025-000342,8577,SES-2025-013633,2025-06-11 08:19:48,109.98,0.0,0.0,9.07,119.05,Delivered,Free Standard
ORD-2025-000343,7815,SES-2025-013773,2025-11-09 08:06:13,145.0,0.0,0.0,11.96,156.96,Delivered,Free Standard
ORD-2025-000344,1826,SES-2025-013777,2025-08-26 22:48:58,74.0,7.4,7.99,6.11,80.7,Delivered,Standard Ground
ORD-2025-000345,6995,SES-2025-013897,2025-11-08 11:11:53,290.0,0.0,0.0,23.93,313.93,Delivered,Free Standard
ORD-2025-000346,9172,SES-2025-013949,2025-02-17 12:17:32,49.99,0.0,7.99,4.12,62.1,Delivered,Standard Ground
ORD-2025-000347,4068,SES-2025-014014,2025-09-17 23:38:16,22.0,0.0,7.99,1.82,31.81,Delivered,Standard Ground
ORD-2025-000348,5579,SES-2025-014051,2025-03-05 22:32:02,435.0,0.0,0.0,35.89,470.89,Delivered,Free Standard
ORD-2025-000349,2605,SES-2025-014055,2025-05-14 09:02:25,89.0,0.0,0.0,7.34,96.34,Delivered,Free Standard
ORD-2025-000350,8002,SES-2025-014059,2025-11-28 16:17:15,299.99,0.0,0.0,24.75,324.74,Delivered,Free Standard
ORD-2025-000351,6350,SES-2025-014080,2025-03-29 17:29:55,39.99,0.0,7.99,3.3,51.28,Delivered,Standard Ground
ORD-2025-000352,9738,SES-2025-014147,2025-02-07 15:04:40,25.0,0.0,7.99,2.06,35.05,Delivered,Standard Ground
ORD-2025-000353,2039,SES-2025-014172,2025-02-06 14:27:18,255.0,0.0,0.0,21.04,276.04,Delivered,Free Standard
ORD-2025-000354,1171,SES-2025-014177,2025-10-25 17:04:40,119.97,0.0,0.0,9.9,129.87,Delivered,Free Standard
ORD-2025-000355,7912,SES-2025-014235,2025-01-02 12:33:22,145.0,0.0,0.0,11.96,156.96,Delivered,Free Standard
ORD-2025-000356,8624,SES-2025-014270,2025-12-11 14:43:53,79.99,0.0,0.0,6.6,86.59,Delivered,Free Standard
ORD-2025-000357,3865,SES-2025-014294,2025-10-29 17:28:01,179.98,0.0,0.0,14.85,194.83,Delivered,Free Standard
ORD-2025-000358,1606,SES-2025-014316,2025-12-07 00:22:30,74.0,7.4,7.99,6.11,80.7,Delivered,Standard Ground
ORD-2025-000359,6603,SES-2025-014351,2025-12-14 20:25:59,89.99,0.0,0.0,7.42,97.41,Delivered,Free Standard
ORD-2025-000360,7799,SES-2025-014428,2025-12-30 13:40:16,68.0,0.0,7.99,5.61,81.6,Delivered,Standard Ground
ORD-2025-000361,5715,SES-2025-014441,2025-11-28 17:53:30,89.0,0.0,0.0,7.34,96.34,Delivered,Free Standard
ORD-2025-000362,7197,SES-2025-014444,2025-12-28 01:05:02,95.0,0.0,0.0,7.84,102.84,Delivered,Free Standard
ORD-2025-000363,5549,SES-2025-014465,2025-11-08 15:44:43,39.99,0.0,7.99,3.3,51.28,Delivered,Standard Ground
ORD-2025-000364,5138,SES-2025-014477,2025-11-28 05:34:52,50.0,0.0,7.99,4.12,62.11,Delivered,Standard Ground
ORD-2025-000365,5040,SES-2025-014514,2025-04-26 12:32:04,84.0,0.0,0.0,6.93,90.93,Delivered,Free Standard
ORD-2025-000366,7575,SES-2025-014625,2025-12-28 13:11:19,25.0,0.0,7.99,2.06,35.05,Delivered,Standard Ground
ORD-2025-000367,6245,SES-2025-014626,2025-12-22 19:30:45,24.0,0.0,7.99,1.98,33.97,Delivered,Standard Ground
ORD-2025-000368,1323,SES-2025-014686,2025-12-15 12:43:49,32.0,3.2,7.99,2.64,39.43,Delivered,Standard Ground
ORD-2025-000369,674,SES-2025-014747,2025-12-23 23:35:58,39.99,0.0,7.99,3.3,51.28,Processing,Standard Ground
ORD-2025-000370,252,SES-2025-014767,2025-08-05 08:29:23,159.98,0.0,0.0,13.2,173.18,Delivered,Free Standard
ORD-2025-000371,1093,SES-2025-014797,2025-06-18 17:00:02,79.0,0.0,0.0,6.52,85.52,Delivered,Free Standard
ORD-2025-000372,5805,SES-2025-014843,2025-05-06 12:51:57,56.0,0.0,7.99,4.62,68.61,Delivered,Standard Ground
ORD-2025-000373,3595,SES-2025-014846,2025-05-15 16:05:32,38.0,0.0,7.99,3.14,49.13,Delivered,Standard Ground
ORD-2025-000374,1418,SES-2025-014909,2025-12-28 11:47:45,68.0,0.0,7.99,5.61,81.6,Delivered,Standard Ground
ORD-2025-000375,72,SES-2025-014946,2025-04-12 11:17:05,110.0,0.0,0.0,9.08,119.08,Delivered,Free Standard
ORD-2025-000376,6926,SES-2025-014969,2025-06-16 13:03:13,34.0,0.0,7.99,2.81,44.8,Delivered,Standard Ground
ORD-2025-000377,693,SES-2025-015007,2025-11-27 20:22:41,98.0,9.8,0.0,8.09,96.29,Delivered,Free Standard
ORD-2025-000378,1186,SES-2025-015031,2025-09-15 16:21:12,28.0,0.0,7.99,2.31,38.3,Delivered,Standard Ground
ORD-2025-000379,6191,SES-2025-015077,2025-12-14 10:47:26,28.0,0.0,7.99,2.31,38.3,Delivered,Standard Ground
ORD-2025-000380,6681,SES-2025-015088,2025-05-25 15:10:41,145.0,14.5,0.0,11.96,142.46,Processing,Free Standard
ORD-2025-000381,7832,SES-2025-015094,2025-05-12 06:09:44,79.99,8.0,0.0,6.6,78.59,Delivered,Free Standard
ORD-2025-000382,4926,SES-2025-015201,2025-07-07 00:02:05,49.0,0.0,7.99,4.04,61.03,Delivered,Standard Ground
ORD-2025-000383,1537,SES-2025-015206,2025-03-21 23:58:25,28.0,2.8,7.99,2.31,35.5,Processing,Standard Ground
ORD-2025-000384,9097,SES-2025-015222,2025-03-17 07:15:21,22.0,0.0,7.99,1.82,31.81,Delivered,Standard Ground
ORD-2025-000385,8326,SES-2025-015225,2025-10-01 01:15:12,68.0,0.0,7.99,5.61,81.6,Delivered,Standard Ground
ORD-2025-000386,1654,SES-2025-015284,2025-10-25 14:42:25,26.0,0.0,7.99,2.15,36.14,Processing,Standard Ground
ORD-2025-000387,6975,SES-2025-015290,2025-04-21 10:55:50,110.0,0.0,0.0,9.08,119.08,Delivered,Free Standard
ORD-2025-000388,581,SES-2025-015369,2025-04-23 00:24:06,66.0,0.0,7.99,5.45,79.44,Delivered,Standard Ground
ORD-2025-000389,9885,SES-2025-015375,2025-03-29 02:43:42,110.0,0.0,0.0,9.08,119.08,Delivered,Free Standard
ORD-2025-000390,8081,SES-2025-015517,2025-03-09 18:15:56,42.0,0.0,7.99,3.47,53.46,Delivered,Standard Ground
ORD-2025-000391,2859,SES-2025-015545,2025-12-09 04:57:40,95.0,9.5,0.0,7.84,93.34,Delivered,Free Standard
ORD-2025-000392,9572,SES-2025-015581,2025-12-03 00:31:13,72.0,0.0,7.99,5.94,85.93,Delivered,Standard Ground
ORD-2025-000393,6168,SES-2025-015609,2025-06-11 04:15:46,148.0,0.0,0.0,12.21,160.21,Delivered,Free Standard
ORD-2025-000394,1245,SES-2025-015616,2025-11-19 02:49:40,110.0,0.0,0.0,9.08,119.08,Delivered,Free Standard
ORD-2025-000395,3771,SES-2025-015689,2025-03-02 22:53:06,237.0,23.7,0.0,19.55,232.85,Delivered,Free Standard
ORD-2025-000396,5609,SES-2025-015700,2025-07-10 04:08:52,435.0,0.0,0.0,35.89,470.89,Delivered,Free Standard
ORD-2025-000397,7475,SES-2025-015741,2025-03-14 19:38:31,88.0,0.0,0.0,7.26,95.26,Delivered,Free Standard
ORD-2025-000398,9488,SES-2025-015750,2025-12-15 07:19:23,96.0,0.0,0.0,7.92,103.92,Delivered,Free Standard
ORD-2025-000399,7173,SES-2025-015755,2025-08-05 23:30:48,48.0,0.0,7.99,3.96,59.95,Delivered,Standard Ground
ORD-2025-000400,7272,SES-2025-015800,2025-10-02 18:00:46,48.0,0.0,7.99,3.96,59.95,Delivered,Standard Ground
ORD-2025-000401,1468,SES-2025-015836,2025-05-27 15:03:56,66.0,0.0,7.99,5.45,79.44,Delivered,Standard Ground
ORD-2025-000402,5791,SES-2025-015845,2025-12-21 17:33:07,69.99,0.0,7.99,5.77,83.75,Delivered,Standard Ground
ORD-2025-000403,7285,SES-2025-015854,2025-12-02 11:06:18,89.0,0.0,0.0,7.34,96.34,Delivered,Free Standard
ORD-2025-000404,4105,SES-2025-015863,2025-05-09 20:29:52,267.0,0.0,0.0,22.03,289.03,Delivered,Free Standard
ORD-2025-000405,8175,SES-2025-015890,2025-10-21 11:47:11,54.99,0.0,7.99,4.54,67.52,Delivered,Standard Ground
ORD-2025-000406,172,SES-2025-015928,2025-08-25 17:53:50,38.0,0.0,7.99,3.14,49.13,Delivered,Standard Ground
ORD-2025-000407,8995,SES-2025-015940,2025-12-22 19:49:48,49.0,4.9,7.99,4.04,56.13,Delivered,Standard Ground
ORD-2025-000408,8600,SES-2025-015960,2025-12-26 08:13:10,110.0,0.0,0.0,9.08,119.08,Delivered,Free Standard
ORD-2025-000409,156,SES-2025-015971,2025-12-31 07:15:58,79.98,8.0,0.0,6.6,78.58,Processing,Free Standard
ORD-2025-000410,543,SES-2025-016059,2025-10-24 14:18:19,239.97,0.0,0.0,19.8,259.77,Delivered,Free Standard
ORD-2025-000411,372,SES-2025-016071,2025-09-06 07:39:48,145.0,14.5,0.0,11.96,142.46,Delivered,Free Standard
ORD-2025-000412,3003,SES-2025-016120,2025-12-16 21:03:49,32.0,3.2,7.99,2.64,39.43,Delivered,Standard Ground
ORD-2025-000413,3590,SES-2025-016150,2025-10-09 23:00:47,28.0,0.0,7.99,2.31,38.3,Delivered,Standard Ground
ORD-2025-000414,4097,SES-2025-016159,2025-12-29 14:05:43,85.0,8.5,0.0,7.01,83.51,Delivered,Free Standard
ORD-2025-000415,403,SES-2025-016217,2025-02-11 03:39:21,145.0,0.0,0.0,11.96,156.96,Delivered,Free Standard
ORD-2025-000416,5420,SES-2025-016223,2025-10-04 03:52:38,48.0,0.0,7.99,3.96,59.95,Delivered,Standard Ground
ORD-2025-000417,228,SES-2025-016257,2025-11-28 02:15:56,29.0,0.0,7.99,2.39,39.38,Delivered,Standard Ground
ORD-2025-000418,6859,SES-2025-016339,2025-09-08 04:26:11,44.0,0.0,7.99,3.63,55.62,Delivered,Standard Ground
ORD-2025-000419,4382,SES-2025-016426,2025-08-25 03:35:51,349.0,0.0,0.0,28.79,377.79,Delivered,Free Standard
ORD-2025-000420,7684,SES-2025-016437,2025-10-13 14:06:45,149.99,0.0,0.0,12.37,162.36,Delivered,Free Standard
ORD-2025-000421,3774,SES-2025-016444,2025-09-09 19:31:17,29.0,0.0,7.99,2.39,39.38,Delivered,Standard Ground
ORD-2025-000422,9943,SES-2025-016500,2025-12-05 18:46:29,79.99,0.0,0.0,6.6,86.59,Delivered,Free Standard
ORD-2025-000423,9586,SES-2025-016508,2025-12-10 04:39:10,79.0,0.0,0.0,6.52,85.52,Delivered,Free Standard
ORD-2025-000424,26,SES-2025-016605,2025-12-04 20:35:32,56.0,0.0,7.99,4.62,68.61,Processing,Standard Ground
ORD-2025-000425,5623,SES-2025-016626,2025-09-27 18:50:45,44.0,0.0,7.99,3.63,55.62,Processing,Standard Ground
ORD-2025-000426,4294,SES-2025-016631,2025-03-22 01:47:36,54.99,0.0,7.99,4.54,67.52,Delivered,Standard Ground
ORD-2025-000427,1726,SES-2025-016670,2025-10-27 03:27:03,24.0,0.0,7.99,1.98,33.97,Delivered,Standard Ground
ORD-2025-000428,5770,SES-2025-016714,2025-12-11 06:25:03,39.99,0.0,7.99,3.3,51.28,Delivered,Standard Ground
ORD-2025-000429,4228,SES-2025-016723,2025-11-16 01:58:14,89.0,8.9,0.0,7.34,87.44,Delivered,Free Standard
ORD-2025-000430,3730,SES-2025-016731,2025-05-20 07:25:21,26.0,0.0,7.99,2.15,36.14,Delivered,Standard Ground
ORD-2025-000431,3697,SES-2025-016765,2025-02-02 19:46:38,24.0,0.0,7.99,1.98,33.97,Delivered,Standard Ground
ORD-2025-000432,4297,SES-2025-016797,2025-10-17 09:20:53,29.0,0.0,7.99,2.39,39.38,Delivered,Standard Ground
ORD-2025-000433,9890,SES-2025-016804,2025-12-25 05:27:09,698.0,0.0,0.0,57.59,755.59,Delivered,Free Standard
ORD-2025-000434,298,SES-2025-016818,2025-12-25 05:20:03,38.0,0.0,7.99,3.14,49.13,Delivered,Standard Ground
ORD-2025-000435,11,SES-2025-016853,2025-05-10 22:42:31,79.0,7.9,0.0,6.52,77.62,Delivered,Free Standard
ORD-2025-000436,3625,SES-2025-016857,2025-04-08 04:50:25,89.0,0.0,0.0,7.34,96.34,Delivered,Free Standard
ORD-2025-000437,2048,SES-2025-017011,2025-01-09 10:31:26,68.0,6.8,7.99,5.61,74.8,Delivered,Standard Ground
ORD-2025-000438,8690,SES-2025-017030,2025-08-06 21:36:43,39.99,4.0,7.99,3.3,47.28,Delivered,Standard Ground
ORD-2025-000439,3491,SES-2025-017052,2025-07-02 19:49:49,69.99,0.0,7.99,5.77,83.75,Delivered,Standard Ground
ORD-2025-000440,3113,SES-2025-017118,2025-06-08 18:09:07,349.0,0.0,0.0,28.79,377.79,Processing,Free Standard
ORD-2025-000441,2252,SES-2025-017147,2025-12-09 17:15:41,34.0,0.0,7.99,2.81,44.8,Delivered,Standard Ground
ORD-2025-000442,7694,SES-2025-017206,2025-07-06 08:37:43,22.0,0.0,7.99,1.82,31.81,Delivered,Standard Ground
ORD-2025-000443,5306,SES-2025-017258,2025-12-25 20:58:41,349.0,0.0,0.0,28.79,377.79,Processing,Free Standard
ORD-2025-000444,851,SES-2025-017272,2025-08-21 21:03:14,54.99,0.0,7.99,4.54,67.52,Delivered,Standard Ground
ORD-2025-000445,427,SES-2025-017306,2025-09-27 16:33:48,299.98,0.0,0.0,24.75,324.73,Delivered,Free Standard
ORD-2025-000446,5945,SES-2025-017340,2025-06-10 06:49:40,85.0,0.0,0.0,7.01,92.01,Delivered,Free Standard
ORD-2025-000447,4228,SES-2025-017342,2025-07-03 06:56:24,49.0,0.0,7.99,4.04,61.03,Delivered,Standard Ground
ORD-2025-000448,3430,SES-2025-017364,2025-11-14 10:51:18,34.0,0.0,7.99,2.81,44.8,Delivered,Standard Ground
ORD-2025-000449,7613,SES-2025-017366,2025-09-25 03:05:19,79.0,0.0,0.0,6.52,85.52,Delivered,Free Standard
ORD-2025-000450,2874,SES-2025-017453,2025-12-18 22:00:56,25.0,0.0,7.99,2.06,35.05,Delivered,Standard Ground
ORD-2025-000451,3832,SES-2025-017496,2025-04-12 20:05:19,26.0,0.0,7.99,2.15,36.14,Processing,Standard Ground
ORD-2025-000452,9557,SES-2025-017550,2025-11-08 12:59:43,68.0,0.0,7.99,5.61,81.6,Delivered,Standard Ground
ORD-2025-000453,9190,SES-2025-017558,2025-12-27 12:17:12,110.0,11.0,0.0,9.08,108.08,Delivered,Free Standard
ORD-2025-000454,2468,SES-2025-017586,2025-12-25 13:36:48,267.0,0.0,0.0,22.03,289.03,Delivered,Free Standard
ORD-2025-000455,5448,SES-2025-017603,2025-07-27 03:15:19,88.0,0.0,0.0,7.26,95.26,Delivered,Free Standard
ORD-2025-000456,8289,SES-2025-017606,2025-10-31 15:29:07,68.0,0.0,7.99,5.61,81.6,Delivered,Standard Ground
ORD-2025-000457,7983,SES-2025-017635,2025-08-05 02:48:45,34.0,0.0,7.99,2.81,44.8,Delivered,Standard Ground
ORD-2025-000458,9814,SES-2025-017692,2025-04-09 19:55:52,64.0,0.0,7.99,5.28,77.27,Delivered,Standard Ground
ORD-2025-000459,7436,SES-2025-017767,2025-09-07 07:34:12,599.98,60.0,0.0,49.5,589.48,Delivered,Free Standard
ORD-2025-000460,2503,SES-2025-017811,2025-01-29 11:17:02,96.0,0.0,0.0,7.92,103.92,Processing,Free Standard
ORD-2025-000461,2663,SES-2025-017812,2025-04-24 15:41:50,26.0,0.0,7.99,2.15,36.14,Delivered,Standard Ground
ORD-2025-000462,5980,SES-2025-017856,2025-12-19 10:35:54,28.0,0.0,7.99,2.31,38.3,Delivered,Standard Ground
ORD-2025-000463,6004,SES-2025-017862,2025-12-15 21:29:09,49.0,0.0,7.99,4.04,61.03,Delivered,Standard Ground
ORD-2025-000464,5931,SES-2025-017955,2025-10-08 18:08:26,68.0,6.8,7.99,5.61,74.8,Delivered,Standard Ground
ORD-2025-000465,1555,SES-2025-017958,2025-09-26 07:52:36,99.98,10.0,0.0,8.25,98.23,Delivered,Free Standard
ORD-2025-000466,4371,SES-2025-017971,2025-02-21 09:11:54,44.0,0.0,7.99,3.63,55.62,Delivered,Standard Ground
ORD-2025-000467,5084,SES-2025-018109,2025-02-01 03:23:37,32.0,0.0,7.99,2.64,42.63,Delivered,Standard Ground
ORD-2025-000468,3840,SES-2025-018120,2025-09-17 05:22:56,64.0,0.0,7.99,5.28,77.27,Delivered,Standard Ground
ORD-2025-000469,2347,SES-2025-018345,2025-08-04 14:48:09,48.0,4.8,7.99,3.96,55.15,Delivered,Standard Ground
ORD-2025-000470,2573,SES-2025-018347,2025-12-28 21:09:09,28.0,0.0,7.99,2.31,38.3,Delivered,Standard Ground
ORD-2025-000471,7635,SES-2025-018352,2025-04-29 18:48:13,44.0,0.0,7.99,3.63,55.62,Delivered,Standard Ground
ORD-2025-000472,8731,SES-2025-018397,2025-11-07 01:15:51,32.0,3.2,7.99,2.64,39.43,Delivered,Standard Ground
ORD-2025-000473,6001,SES-2025-018542,2025-04-08 01:21:31,42.0,0.0,7.99,3.47,53.46,Delivered,Standard Ground
ORD-2025-000474,2830,SES-2025-018548,2025-11-24 23:18:37,74.0,0.0,7.99,6.11,88.1,Delivered,Standard Ground
ORD-2025-000475,8437,SES-2025-018574,2025-09-28 15:27:30,85.0,0.0,0.0,7.01,92.01,Delivered,Free Standard
ORD-2025-000476,3725,SES-2025-018578,2025-12-22 00:58:39,110.0,0.0,0.0,9.08,119.08,Delivered,Free Standard
ORD-2025-000477,3752,SES-2025-018647,2025-09-15 19:20:03,84.0,0.0,0.0,6.93,90.93,Delivered,Free Standard
ORD-2025-000478,7640,SES-2025-018879,2025-12-17 08:22:25,95.0,0.0,0.0,7.84,102.84,Processing,Free Standard
ORD-2025-000479,5787,SES-2025-018930,2025-06-12 11:20:09,299.99,0.0,0.0,24.75,324.74,Delivered,Free Standard
ORD-2025-000480,5373,SES-2025-019012,2025-08-06 10:26:27,54.99,0.0,7.99,4.54,67.52,Delivered,Standard Ground
ORD-2025-000481,7110,SES-2025-019025,2025-09-24 08:16:47,49.99,0.0,7.99,4.12,62.1,Delivered,Standard Ground
ORD-2025-000482,8555,SES-2025-019028,2025-07-22 18:16:33,79.0,0.0,0.0,6.52,85.52,Delivered,Free Standard
ORD-2025-000483,1233,SES-2025-019065,2025-12-16 10:17:11,29.0,2.9,7.99,2.39,36.48,Delivered,Standard Ground
ORD-2025-000484,5481,SES-2025-019164,2025-08-27 02:11:38,68.0,6.8,7.99,5.61,74.8,Delivered,Standard Ground
ORD-2025-000485,5030,SES-2025-019220,2025-07-09 19:08:07,28.0,0.0,7.99,2.31,38.3,Delivered,Standard Ground
ORD-2025-000486,9636,SES-2025-019383,2025-09-19 04:45:10,159.98,0.0,0.0,13.2,173.18,Delivered,Free Standard
ORD-2025-000487,7956,SES-2025-019396,2025-12-12 22:06:36,44.0,0.0,7.99,3.63,55.62,Delivered,Standard Ground
ORD-2025-000488,4243,SES-2025-019403,2025-07-19 06:37:36,89.0,0.0,0.0,7.34,96.34,Delivered,Free Standard
ORD-2025-000489,3044,SES-2025-019423,2025-08-28 10:13:22,89.0,0.0,0.0,7.34,96.34,Delivered,Free Standard
ORD-2025-000490,133,SES-2025-019447,2025-01-03 07:31:25,38.0,0.0,7.99,3.14,49.13,Delivered,Standard Ground
ORD-2025-000491,6697,SES-2025-019478,2025-09-29 19:45:38,74.0,0.0,7.99,6.11,88.1,Delivered,Standard Ground
ORD-2025-000492,805,SES-2025-019487,2025-08-23 23:21:59,26.0,2.6,7.99,2.15,33.54,Processing,Standard Ground
ORD-2025-000493,8365,SES-2025-019510,2025-09-21 21:44:54,190.0,0.0,0.0,15.68,205.68,Delivered,Free Standard
ORD-2025-000494,2938,SES-2025-019551,2025-07-11 20:28:43,32.0,0.0,7.99,2.64,42.63,Delivered,Standard Ground
ORD-2025-000495,3511,SES-2025-019580,2025-12-03 02:05:34,22.0,0.0,7.99,1.82,31.81,Delivered,Standard Ground
ORD-2025-000496,1852,SES-2025-019663,2025-07-17 09:50:23,49.0,0.0,7.99,4.04,61.03,Delivered,Standard Ground
ORD-2025-000497,1405,SES-2025-019684,2025-01-12 19:45:12,24.0,0.0,7.99,1.98,33.97,Delivered,Standard Ground
ORD-2025-000498,4160,SES-2025-019687,2025-09-27 19:55:34,44.0,0.0,7.99,3.63,55.62,Delivered,Standard Ground
ORD-2025-000499,386,SES-2025-019720,2025-12-06 17:21:31,89.0,0.0,0.0,7.34,96.34,Delivered,Free Standard
ORD-2025-000500,7064,SES-2025-019852,2025-05-22 20:59:58,79.0,0.0,0.0,6.52,85.52,Delivered,Free Standard
ORD-2025-000501,942,SES-2025-019902,2025-11-06 16:10:57,220.0,0.0,0.0,18.15,238.15,Delivered,Free Standard
ORD-2025-000502,7914,SES-2025-019963,2025-10-14 00:04:06,54.99,0.0,7.99,4.54,67.52,Delivered,Standard Ground
ORD-2025-000503,2571,SES-2025-019967,2025-08-03 06:42:43,139.98,0.0,0.0,11.55,151.53,Delivered,Free Standard
ORD-2025-000504,9548,SES-2025-019968,2025-11-23 09:22:01,64.0,0.0,7.99,5.28,77.27,Delivered,Standard Ground
ORD-2025-000505,2629,SES-2025-020024,2025-12-21 22:44:58,89.0,0.0,0.0,7.34,96.34,Delivered,Free Standard
ORD-2025-000506,9972,SES-2025-020031,2025-12-14 20:42:32,24.0,0.0,7.99,1.98,33.97,Delivered,Standard Ground
ORD-2025-000507,3133,SES-2025-020058,2025-07-06 22:30:10,149.99,0.0,0.0,12.37,162.36,Delivered,Free Standard
ORD-2025-000508,8189,SES-2025-020066,2025-07-16 05:45:06,24.0,0.0,7.99,1.98,33.97,Delivered,Standard Ground
ORD-2025-000509,7352,SES-2025-020074,2025-09-05 22:24:07,126.0,0.0,0.0,10.4,136.4,Delivered,Free Standard
ORD-2025-000510,8363,SES-2025-020076,2025-01-29 06:39:45,69.99,0.0,7.99,5.77,83.75,Delivered,Standard Ground
ORD-2025-000511,108,SES-2025-020095,2025-02-19 03:55:39,39.99,0.0,7.99,3.3,51.28,Delivered,Standard Ground
ORD-2025-000512,3773,SES-2025-020117,2025-09-27 17:57:53,145.0,0.0,0.0,11.96,156.96,Delivered,Free Standard
ORD-2025-000513,9803,SES-2025-020152,2025-12-07 04:06:51,26.0,0.0,7.99,2.15,36.14,Delivered,Standard Ground
ORD-2025-000514,9934,SES-2025-020168,2025-04-28 02:39:37,52.0,0.0,7.99,4.29,64.28,Delivered,Standard Ground
ORD-2025-000515,2736,SES-2025-020175,2025-11-27 17:13:23,85.0,0.0,0.0,7.01,92.01,Delivered,Free Standard
ORD-2025-000516,8446,SES-2025-020196,2025-12-09 22:30:40,178.0,0.0,0.0,14.69,192.69,Delivered,Free Standard
ORD-2025-000517,6914,SES-2025-020267,2025-02-04 20:52:52,48.0,0.0,7.99,3.96,59.95,Delivered,Standard Ground
ORD-2025-000518,4618,SES-2025-020292,2025-08-30 18:17:32,34.0,3.4,7.99,2.81,41.4,Delivered,Standard Ground
ORD-2025-000519,6665,SES-2025-020293,2025-05-01 00:43:42,158.0,0.0,0.0,13.04,171.04,Delivered,Free Standard
ORD-2025-000520,2251,SES-2025-020339,2025-12-17 06:54:23,22.0,0.0,7.99,1.82,31.81,Delivered,Standard Ground
ORD-2025-000521,7363,SES-2025-020409,2025-08-13 05:19:40,145.0,0.0,0.0,11.96,156.96,Delivered,Free Standard
ORD-2025-000522,6071,SES-2025-020471,2025-02-23 20:27:16,44.0,0.0,7.99,3.63,55.62,Delivered,Standard Ground
ORD-2025-000523,8043,SES-2025-020490,2025-12-28 11:39:59,49.0,0.0,7.99,4.04,61.03,Delivered,Standard Ground
ORD-2025-000524,3798,SES-2025-020532,2025-10-10 18:26:45,32.0,0.0,7.99,2.64,42.63,Delivered,Standard Ground
ORD-2025-000525,9736,SES-2025-020568,2025-04-10 01:56:49,89.99,0.0,0.0,7.42,97.41,Delivered,Free Standard
ORD-2025-000526,601,SES-2025-020570,2025-12-07 09:06:38,76.0,0.0,0.0,6.27,82.27,Delivered,Free Standard
ORD-2025-000527,7421,SES-2025-020580,2025-03-07 04:30:51,49.99,0.0,7.99,4.12,62.1,Delivered,Standard Ground
ORD-2025-000528,5235,SES-2025-020660,2025-09-09 02:38:58,32.0,0.0,7.99,2.64,42.63,Delivered,Standard Ground
ORD-2025-000529,6850,SES-2025-020661,2025-09-17 22:14:13,49.99,0.0,7.99,4.12,62.1,Delivered,Standard Ground
ORD-2025-000530,2205,SES-2025-020693,2025-12-09 01:49:48,85.0,0.0,0.0,7.01,92.01,Delivered,Free Standard
ORD-2025-000531,2994,SES-2025-020720,2025-12-11 00:31:58,89.0,0.0,0.0,7.34,96.34,Delivered,Free Standard
ORD-2025-000532,7338,SES-2025-020729,2025-09-09 12:38:21,44.0,0.0,7.99,3.63,55.62,Processing,Standard Ground
ORD-2025-000533,3470,SES-2025-020771,2025-02-08 12:40:20,299.99,0.0,0.0,24.75,324.74,Delivered,Free Standard
ORD-2025-000534,738,SES-2025-020825,2025-01-14 14:28:10,38.0,0.0,7.99,3.14,49.13,Delivered,Standard Ground
ORD-2025-000535,1144,SES-2025-020853,2025-09-16 04:08:14,58.0,5.8,7.99,4.79,64.98,Delivered,Standard Ground
ORD-2025-000536,4685,SES-2025-020879,2025-08-25 07:15:15,48.0,0.0,7.99,3.96,59.95,Delivered,Standard Ground
ORD-2025-000537,6118,SES-2025-020910,2025-11-22 05:26:50,28.0,0.0,7.99,2.31,38.3,Delivered,Standard Ground
ORD-2025-000538,3958,SES-2025-020962,2025-10-09 09:29:33,136.0,0.0,0.0,11.22,147.22,Delivered,Free Standard
ORD-2025-000539,3487,SES-2025-021026,2025-12-04 05:07:38,75.0,0.0,0.0,6.19,81.19,Delivered,Free Standard
ORD-2025-000540,7485,SES-2025-021038,2025-10-08 10:54:17,48.0,0.0,7.99,3.96,59.95,Delivered,Standard Ground
ORD-2025-000541,6885,SES-2025-021065,2025-10-02 21:17:22,69.99,0.0,7.99,5.77,83.75,Delivered,Standard Ground
ORD-2025-000542,8587,SES-2025-021127,2025-10-28 10:49:04,148.0,0.0,0.0,12.21,160.21,Delivered,Free Standard
ORD-2025-000543,5347,SES-2025-021168,2025-11-07 10:22:51,32.0,0.0,7.99,2.64,42.63,Delivered,Standard Ground
ORD-2025-000544,9046,SES-2025-021185,2025-12-27 19:43:36,119.97,12.0,0.0,9.9,117.87,Delivered,Free Standard
ORD-2025-000545,734,SES-2025-021295,2025-09-21 16:39:45,110.0,0.0,0.0,9.08,119.08,Delivered,Free Standard
ORD-2025-000546,4303,SES-2025-021301,2025-12-22 20:52:03,24.0,0.0,7.99,1.98,33.97,Delivered,Standard Ground
ORD-2025-000547,6539,SES-2025-021305,2025-08-12 09:50:23,32.0,0.0,7.99,2.64,42.63,Delivered,Standard Ground
ORD-2025-000548,2961,SES-2025-021378,2025-08-07 09:44:49,49.0,0.0,7.99,4.04,61.03,Delivered,Standard Ground
ORD-2025-000549,7784,SES-2025-021439,2025-12-19 06:34:28,109.98,11.0,0.0,9.07,108.05,Delivered,Free Standard
ORD-2025-000550,7618,SES-2025-021497,2025-12-16 13:25:59,39.99,0.0,7.99,3.3,51.28,Processing,Standard Ground
ORD-2025-000551,9422,SES-2025-021528,2025-04-08 21:37:22,145.0,0.0,0.0,11.96,156.96,Delivered,Free Standard
ORD-2025-000552,5143,SES-2025-021529,2025-04-19 06:52:20,89.0,0.0,0.0,7.34,96.34,Delivered,Free Standard
ORD-2025-000553,3133,SES-2025-021544,2025-03-27 03:41:30,25.0,0.0,7.99,2.06,35.05,Delivered,Standard Ground
ORD-2025-000554,1928,SES-2025-021561,2025-11-05 08:00:01,42.0,0.0,7.99,3.47,53.46,Delivered,Standard Ground
ORD-2025-000555,5817,SES-2025-021590,2025-09-16 15:39:16,24.0,0.0,7.99,1.98,33.97,Delivered,Standard Ground
ORD-2025-000556,1006,SES-2025-021603,2025-05-30 22:35:17,110.0,0.0,0.0,9.08,119.08,Delivered,Free Standard
ORD-2025-000557,1828,SES-2025-021604,2025-06-19 03:12:12,95.0,0.0,0.0,7.84,102.84,Delivered,Free Standard
ORD-2025-000558,5660,SES-2025-021614,2025-05-13 15:41:53,109.98,0.0,0.0,9.07,119.05,Delivered,Free Standard
ORD-2025-000559,8305,SES-2025-021680,2025-11-29 03:20:43,32.0,0.0,7.99,2.64,42.63,Delivered,Standard Ground
ORD-2025-000560,7985,SES-2025-021735,2025-12-12 09:07:07,49.0,0.0,7.99,4.04,61.03,Delivered,Standard Ground
ORD-2025-000561,1746,SES-2025-021748,2025-10-28 00:18:12,32.0,0.0,7.99,2.64,42.63,Delivered,Standard Ground
ORD-2025-000562,9728,SES-2025-021753,2025-08-11 09:35:03,26.0,0.0,7.99,2.15,36.14,Delivered,Standard Ground
ORD-2025-000563,2177,SES-2025-021789,2025-12-11 01:06:26,79.99,0.0,0.0,6.6,86.59,Delivered,Free Standard
ORD-2025-000564,799,SES-2025-021863,2025-04-19 23:46:32,158.0,0.0,0.0,13.04,171.04,Delivered,Free Standard
ORD-2025-000565,3574,SES-2025-021865,2025-09-19 19:02:50,38.0,0.0,7.99,3.14,49.13,Delivered,Standard Ground
ORD-2025-000566,2079,SES-2025-021923,2025-05-17 01:40:52,74.0,0.0,7.99,6.11,88.1,Delivered,Standard Ground
ORD-2025-000567,4181,SES-2025-021948,2025-11-18 13:50:53,178.0,0.0,0.0,14.69,192.69,Delivered,Free Standard
ORD-2025-000568,168,SES-2025-021957,2025-11-29 17:10:38,49.0,0.0,7.99,4.04,61.03,Delivered,Standard Ground
ORD-2025-000569,8224,SES-2025-021959,2025-07-11 14:15:19,32.0,0.0,7.99,2.64,42.63,Processing,Standard Ground
ORD-2025-000570,5294,SES-2025-021974,2025-12-13 07:27:16,89.99,0.0,0.0,7.42,97.41,Delivered,Free Standard
ORD-2025-000571,8503,SES-2025-021978,2025-12-14 20:34:44,39.99,0.0,7.99,3.3,51.28,Delivered,Standard Ground
ORD-2025-000572,4598,SES-2025-022183,2025-09-06 00:25:58,49.0,0.0,7.99,4.04,61.03,Delivered,Standard Ground
ORD-2025-000573,4695,SES-2025-022195,2025-06-23 04:20:24,110.0,0.0,0.0,9.08,119.08,Delivered,Free Standard
ORD-2025-000574,9831,SES-2025-022208,2025-11-22 08:31:55,44.0,0.0,7.99,3.63,55.62,Delivered,Standard Ground
ORD-2025-000575,2965,SES-2025-022287,2025-12-13 11:38:04,145.0,14.5,0.0,11.96,142.46,Delivered,Free Standard
ORD-2025-000576,2097,SES-2025-022332,2025-06-30 13:22:57,48.0,0.0,7.99,3.96,59.95,Delivered,Standard Ground
ORD-2025-000577,7886,SES-2025-022342,2025-12-12 03:09:39,48.0,0.0,7.99,3.96,59.95,Delivered,Standard Ground
ORD-2025-000578,1324,SES-2025-022359,2025-11-09 19:19:45,28.0,0.0,7.99,2.31,38.3,Delivered,Standard Ground
ORD-2025-000579,7315,SES-2025-022362,2025-09-21 01:13:01,98.0,0.0,0.0,8.09,106.09,Delivered,Free Standard
ORD-2025-000580,7317,SES-2025-022373,2025-07-26 21:36:47,22.0,0.0,7.99,1.82,31.81,Delivered,Standard Ground
ORD-2025-000581,3679,SES-2025-022391,2025-03-10 04:57:49,25.0,0.0,7.99,2.06,35.05,Delivered,Standard Ground
ORD-2025-000582,9601,SES-2025-022411,2025-12-31 03:08:57,25.0,0.0,7.99,2.06,35.05,Delivered,Standard Ground
ORD-2025-000583,7314,SES-2025-022417,2025-08-26 19:24:32,299.99,30.0,0.0,24.75,294.74,Delivered,Free Standard
ORD-2025-000584,9122,SES-2025-022422,2025-11-25 11:50:45,79.0,0.0,0.0,6.52,85.52,Delivered,Free Standard
ORD-2025-000585,4551,SES-2025-022431,2025-07-17 02:20:00,149.99,0.0,0.0,12.37,162.36,Processing,Free Standard
ORD-2025-000586,8872,SES-2025-022452,2025-02-26 10:40:26,290.0,29.0,0.0,23.93,284.93,Delivered,Free Standard
ORD-2025-000587,2992,SES-2025-022503,2025-07-05 20:47:52,34.0,3.4,7.99,2.81,41.4,Delivered,Standard Ground
ORD-2025-000588,5315,SES-2025-022599,2025-10-17 07:21:38,68.0,0.0,7.99,5.61,81.6,Delivered,Standard Ground
ORD-2025-000589,9380,SES-2025-022624,2025-02-19 07:11:55,44.0,0.0,7.99,3.63,55.62,Delivered,Standard Ground
ORD-2025-000590,8565,SES-2025-022626,2025-09-21 09:50:46,44.0,0.0,7.99,3.63,55.62,Delivered,Standard Ground
ORD-2025-000591,8166,SES-2025-022683,2025-09-17 01:21:09,110.0,0.0,0.0,9.08,119.08,Delivered,Free Standard
ORD-2025-000592,9615,SES-2025-022704,2025-04-30 12:24:27,24.0,0.0,7.99,1.98,33.97,Delivered,Standard Ground
ORD-2025-000593,1690,SES-2025-022726,2025-08-26 02:25:42,68.0,0.0,7.99,5.61,81.6,Delivered,Standard Ground
ORD-2025-000594,7510,SES-2025-022741,2025-11-21 13:59:34,64.0,0.0,7.99,5.28,77.27,Delivered,Standard Ground
ORD-2025-000595,3539,SES-2025-022772,2025-09-18 09:58:47,149.99,15.0,0.0,12.37,147.36,Delivered,Free Standard
ORD-2025-000596,941,SES-2025-022843,2025-05-18 22:58:26,32.0,0.0,7.99,2.64,42.63,Delivered,Standard Ground
ORD-2025-000597,7605,SES-2025-022946,2025-04-08 00:18:20,25.0,0.0,7.99,2.06,35.05,Delivered,Standard Ground
ORD-2025-000598,8498,SES-2025-022971,2025-10-14 15:01:33,74.0,0.0,7.99,6.11,88.1,Delivered,Standard Ground
ORD-2025-000599,3282,SES-2025-022973,2025-12-09 03:50:00,89.0,0.0,0.0,7.34,96.34,Delivered,Free Standard
ORD-2025-000600,4924,SES-2025-022980,2025-06-26 01:22:25,79.0,0.0,0.0,6.52,85.52,Delivered,Free Standard
ORD-2025-000601,8147,SES-2025-022982,2025-12-25 14:36:48,32.0,0.0,7.99,2.64,42.63,Delivered,Standard Ground
ORD-2025-000602,445,SES-2025-023028,2025-08-10 09:41:55,28.0,0.0,7.99,2.31,38.3,Delivered,Standard Ground
ORD-2025-000603,9612,SES-2025-023053,2025-12-04 16:25:06,79.0,0.0,0.0,6.52,85.52,Delivered,Free Standard
ORD-2025-000604,5108,SES-2025-023109,2025-02-08 23:47:35,178.0,0.0,0.0,14.69,192.69,Processing,Free Standard
ORD-2025-000605,9373,SES-2025-023157,2025-12-03 22:30:25,95.0,0.0,0.0,7.84,102.84,Delivered,Free Standard
ORD-2025-000606,4470,SES-2025-023192,2025-12-18 20:11:07,42.0,0.0,7.99,3.47,53.46,Delivered,Standard Ground
ORD-2025-000607,1717,SES-2025-023242,2025-02-01 22:42:32,299.98,0.0,0.0,24.75,324.73,Delivered,Free Standard
ORD-2025-000608,8293,SES-2025-023248,2025-11-09 19:54:58,145.0,0.0,0.0,11.96,156.96,Delivered,Free Standard
ORD-2025-000609,4497,SES-2025-023281,2025-12-24 08:16:08,85.0,0.0,0.0,7.01,92.01,Delivered,Free Standard
ORD-2025-000610,2717,SES-2025-023305,2025-09-22 11:16:40,84.0,0.0,0.0,6.93,90.93,Delivered,Free Standard
ORD-2025-000611,922,SES-2025-023356,2025-09-25 05:46:34,26.0,0.0,7.99,2.15,36.14,Delivered,Standard Ground
ORD-2025-000612,5929,SES-2025-023367,2025-12-10 00:30:44,28.0,0.0,7.99,2.31,38.3,Delivered,Standard Ground
ORD-2025-000613,6208,SES-2025-023391,2025-06-21 20:05:56,29.0,0.0,7.99,2.39,39.38,Processing,Standard Ground
ORD-2025-000614,5842,SES-2025-023407,2025-11-30 05:47:15,56.0,5.6,7.99,4.62,63.01,Delivered,Standard Ground
ORD-2025-000615,6811,SES-2025-023413,2025-10-16 08:29:06,39.99,0.0,7.99,3.3,51.28,Delivered,Standard Ground
ORD-2025-000616,4892,SES-2025-023427,2025-03-14 02:06:35,145.0,0.0,0.0,11.96,156.96,Delivered,Free Standard
ORD-2025-000617,6952,SES-2025-023443,2025-03-22 01:18:33,54.99,0.0,7.99,4.54,67.52,Delivered,Standard Ground
ORD-2025-000618,3096,SES-2025-023444,2025-12-31 02:17:32,349.0,34.9,0.0,28.79,342.89,Delivered,Free Standard
ORD-2025-000619,5934,SES-2025-023508,2025-12-26 07:52:23,89.0,0.0,0.0,7.34,96.34,Delivered,Free Standard
ORD-2025-000620,2546,SES-2025-023524,2025-06-23 23:56:43,349.0,0.0,0.0,28.79,377.79,Processing,Free Standard
ORD-2025-000621,8691,SES-2025-023548,2025-05-24 13:26:56,109.98,11.0,0.0,9.07,108.05,Delivered,Free Standard
ORD-2025-000622,2011,SES-2025-023575,2025-11-12 01:32:27,148.0,14.8,0.0,12.21,145.41,Delivered,Free Standard
ORD-2025-000623,8862,SES-2025-023577,2025-10-31 04:04:44,145.0,14.5,0.0,11.96,142.46,Delivered,Free Standard
ORD-2025-000624,6530,SES-2025-023580,2025-01-28 03:55:03,49.99,0.0,7.99,4.12,62.1,Delivered,Standard Ground
ORD-2025-000625,8407,SES-2025-023596,2025-12-25 18:50:20,64.0,6.4,7.99,5.28,70.87,Delivered,Standard Ground
ORD-2025-000626,9187,SES-2025-023600,2025-09-22 19:32:00,89.0,0.0,0.0,7.34,96.34,Delivered,Free Standard
ORD-2025-000627,2495,SES-2025-023684,2025-11-16 08:25:15,209.97,21.0,0.0,17.32,206.29,Processing,Free Standard
ORD-2025-000628,2464,SES-2025-023704,2025-08-21 11:07:12,49.0,0.0,7.99,4.04,61.03,Delivered,Standard Ground
ORD-2025-000629,6681,SES-2025-023750,2025-06-16 15:57:52,95.0,9.5,0.0,7.84,93.34,Delivered,Free Standard
ORD-2025-000630,5216,SES-2025-023783,2025-05-28 23:34:49,28.0,0.0,7.99,2.31,38.3,Processing,Standard Ground
ORD-2025-000631,254,SES-2025-023801,2025-03-04 01:42:54,24.0,0.0,7.99,1.98,33.97,Delivered,Standard Ground
ORD-2025-000632,5044,SES-2025-023842,2025-11-12 03:18:13,85.0,0.0,0.0,7.01,92.01,Delivered,Free Standard
ORD-2025-000633,738,SES-2025-023935,2025-11-22 09:19:46,22.0,0.0,7.99,1.82,31.81,Delivered,Standard Ground
ORD-2025-000634,8952,SES-2025-023983,2025-09-13 02:56:01,237.0,23.7,0.0,19.55,232.85,Delivered,Free Standard
ORD-2025-000635,5736,SES-2025-024017,2025-09-10 01:12:55,44.0,4.4,7.99,3.63,51.22,Delivered,Standard Ground
ORD-2025-000636,6886,SES-2025-024048,2025-12-08 01:23:45,34.0,3.4,7.99,2.81,41.4,Delivered,Standard Ground
ORD-2025-000637,7234,SES-2025-024060,2025-02-21 21:43:07,52.0,5.2,7.99,4.29,59.08,Delivered,Standard Ground
ORD-2025-000638,2860,SES-2025-024101,2025-08-21 03:06:25,1047.0,0.0,0.0,86.38,1133.38,Delivered,Free Standard
ORD-2025-000639,5538,SES-2025-024116,2025-09-29 12:07:36,349.0,0.0,0.0,28.79,377.79,Delivered,Free Standard
ORD-2025-000640,3258,SES-2025-024145,2025-01-07 19:27:36,74.0,0.0,7.99,6.11,88.1,Delivered,Standard Ground
ORD-2025-000641,9703,SES-2025-024154,2025-12-10 15:34:16,299.99,0.0,0.0,24.75,324.74,Delivered,Free Standard
ORD-2025-000642,7843,SES-2025-024165,2025-07-09 02:55:56,28.0,0.0,7.99,2.31,38.3,Delivered,Standard Ground
ORD-2025-000643,1141,SES-2025-024237,2025-10-25 02:46:10,349.0,0.0,0.0,28.79,377.79,Processing,Free Standard
ORD-2025-000644,3613,SES-2025-024273,2025-11-17 03:05:42,34.0,0.0,7.99,2.81,44.8,Delivered,Standard Ground
ORD-2025-000645,1651,SES-2025-024298,2025-10-30 13:48:14,220.0,22.0,0.0,18.15,216.15,Processing,Free Standard
ORD-2025-000646,8090,SES-2025-024373,2025-12-22 08:50:40,26.0,2.6,7.99,2.15,33.54,Delivered,Standard Ground
ORD-2025-000647,847,SES-2025-024412,2025-12-19 20:07:36,28.0,0.0,7.99,2.31,38.3,Delivered,Standard Ground
ORD-2025-000648,9363,SES-2025-024497,2025-05-16 18:10:47,79.0,0.0,0.0,6.52,85.52,Delivered,Free Standard
ORD-2025-000649,6056,SES-2025-024525,2025-12-23 11:39:43,58.0,0.0,7.99,4.79,70.78,Delivered,Standard Ground
ORD-2025-000650,1213,SES-2025-024544,2025-01-24 17:23:55,79.0,7.9,0.0,6.52,77.62,Delivered,Free Standard
ORD-2025-000651,3392,SES-2025-024551,2025-07-14 11:23:07,44.0,4.4,7.99,3.63,51.22,Delivered,Standard Ground
ORD-2025-000652,8495,SES-2025-024568,2025-03-19 01:18:26,136.0,13.6,0.0,11.22,133.62,Processing,Free Standard
ORD-2025-000653,9532,SES-2025-024647,2025-05-03 16:59:15,89.0,0.0,0.0,7.34,96.34,Delivered,Free Standard
ORD-2025-000654,2662,SES-2025-024650,2025-11-20 16:20:05,48.0,0.0,7.99,3.96,59.95,Delivered,Standard Ground
ORD-2025-000655,1738,SES-2025-024727,2025-07-12 11:37:17,79.0,0.0,0.0,6.52,85.52,Delivered,Free Standard
ORD-2025-000656,3537,SES-2025-024731,2025-12-19 12:50:26,64.0,0.0,7.99,5.28,77.27,Delivered,Standard Ground
ORD-2025-000657,1627,SES-2025-024741,2025-08-24 11:30:32,69.99,0.0,7.99,5.77,83.75,Delivered,Standard Ground
ORD-2025-000658,8059,SES-2025-024813,2025-08-20 06:17:15,49.99,5.0,7.99,4.12,57.1,Delivered,Standard Ground
ORD-2025-000659,9912,SES-2025-024823,2025-03-22 15:50:44,147.0,0.0,0.0,12.13,159.13,Delivered,Free Standard
ORD-2025-000660,6580,SES-2025-024856,2025-01-04 22:26:54,22.0,0.0,7.99,1.82,31.81,Delivered,Standard Ground
ORD-2025-000661,5990,SES-2025-024891,2025-12-02 01:08:45,32.0,0.0,7.99,2.64,42.63,Delivered,Standard Ground
ORD-2025-000662,8266,SES-2025-024944,2025-03-30 08:17:47,25.0,2.5,7.99,2.06,32.55,Delivered,Standard Ground
ORD-2025-000663,5778,SES-2025-024978,2025-05-21 14:51:33,64.0,0.0,7.99,5.28,77.27,Delivered,Standard Ground
ORD-2025-000664,9079,SES-2025-024991,2025-11-13 22:01:28,99.98,10.0,0.0,8.25,98.23,Delivered,Free Standard
ORD-2025-000665,9750,SES-2025-025008,2025-03-30 02:03:30,48.0,0.0,7.99,3.96,59.95,Processing,Standard Ground
ORD-2025-000666,1121,SES-2025-025017,2025-12-31 04:04:29,32.0,0.0,7.99,2.64,42.63,Delivered,Standard Ground
ORD-2025-000667,9416,SES-2025-025042,2025-05-09 20:29:28,170.0,0.0,0.0,14.03,184.03,Delivered,Free Standard
ORD-2025-000668,6346,SES-2025-025077,2025-11-23 02:38:32,84.0,0.0,0.0,6.93,90.93,Delivered,Free Standard
ORD-2025-000669,9189,SES-2025-025094,2025-12-25 07:56:38,145.0,0.0,0.0,11.96,156.96,Delivered,Free Standard
ORD-2025-000670,1873,SES-2025-025146,2025-11-24 00:11:38,85.0,0.0,0.0,7.01,92.01,Delivered,Free Standard
ORD-2025-000671,9895,SES-2025-025157,2025-01-21 03:14:03,95.0,0.0,0.0,7.84,102.84,Delivered,Free Standard
ORD-2025-000672,4453,SES-2025-025208,2025-10-26 11:09:24,79.0,0.0,0.0,6.52,85.52,Delivered,Free Standard
ORD-2025-000673,5645,SES-2025-025211,2025-10-27 09:02:41,68.0,6.8,7.99,5.61,74.8,Delivered,Standard Ground
ORD-2025-000674,2969,SES-2025-025338,2025-08-28 10:26:43,38.0,0.0,7.99,3.14,49.13,Delivered,Standard Ground
ORD-2025-000675,4972,SES-2025-025433,2025-12-28 08:06:50,38.0,0.0,7.99,3.14,49.13,Delivered,Standard Ground
ORD-2025-000676,1001,SES-2025-025434,2025-05-24 10:20:23,58.0,0.0,7.99,4.79,70.78,Delivered,Standard Ground
ORD-2025-000677,1683,SES-2025-025470,2025-10-17 07:55:30,126.0,12.6,0.0,10.4,123.8,Delivered,Free Standard
ORD-2025-000678,2087,SES-2025-025512,2025-07-05 11:45:50,42.0,0.0,7.99,3.47,53.46,Delivered,Standard Ground
ORD-2025-000679,1044,SES-2025-025523,2025-07-25 14:59:12,32.0,0.0,7.99,2.64,42.63,Delivered,Standard Ground
ORD-2025-000680,9275,SES-2025-025631,2025-03-30 00:45:33,349.0,0.0,0.0,28.79,377.79,Delivered,Free Standard
ORD-2025-000681,6465,SES-2025-025633,2025-10-01 01:15:07,42.0,0.0,7.99,3.47,53.46,Delivered,Standard Ground
ORD-2025-000682,5723,SES-2025-025649,2025-09-05 16:19:26,44.0,4.4,7.99,3.63,51.22,Delivered,Standard Ground
ORD-2025-000683,691,SES-2025-025662,2025-11-22 10:19:33,52.0,0.0,7.99,4.29,64.28,Delivered,Standard Ground
ORD-2025-000684,1057,SES-2025-025746,2025-05-24 12:33:35,32.0,0.0,7.99,2.64,42.63,Delivered,Standard Ground
ORD-2025-000685,1946,SES-2025-025802,2025-12-24 08:09:01,158.0,15.8,0.0,13.04,155.24,Processing,Free Standard
ORD-2025-000686,6584,SES-2025-025889,2025-11-18 17:38:06,136.0,0.0,0.0,11.22,147.22,Delivered,Free Standard
ORD-2025-000687,9770,SES-2025-025897,2025-10-02 19:15:36,58.0,0.0,7.99,4.79,70.78,Delivered,Standard Ground
ORD-2025-000688,8767,SES-2025-025977,2025-09-26 01:48:07,25.0,0.0,7.99,2.06,35.05,Delivered,Standard Ground
ORD-2025-000689,236,SES-2025-026009,2025-08-10 20:28:27,89.0,0.0,0.0,7.34,96.34,Delivered,Free Standard
ORD-2025-000690,3503,SES-2025-026019,2025-12-02 03:51:18,178.0,0.0,0.0,14.69,192.69,Delivered,Free Standard
ORD-2025-000691,2583,SES-2025-026024,2025-12-19 17:30:38,42.0,4.2,7.99,3.47,49.26,Delivered,Standard Ground
ORD-2025-000692,4046,SES-2025-026105,2025-05-28 07:19:24,84.0,0.0,0.0,6.93,90.93,Delivered,Free Standard
ORD-2025-000693,7513,SES-2025-026121,2025-11-09 21:01:05,109.98,0.0,0.0,9.07,119.05,Delivered,Free Standard
ORD-2025-000694,7910,SES-2025-026129,2025-06-11 02:41:07,26.0,0.0,7.99,2.15,36.14,Delivered,Standard Ground
ORD-2025-000695,5872,SES-2025-026167,2025-04-01 07:44:18,42.0,0.0,7.99,3.47,53.46,Delivered,Standard Ground
ORD-2025-000696,1439,SES-2025-026194,2025-11-29 17:33:15,89.99,0.0,0.0,7.42,97.41,Processing,Free Standard
ORD-2025-000697,9553,SES-2025-026202,2025-07-26 08:32:02,38.0,0.0,7.99,3.14,49.13,Delivered,Standard Ground
ORD-2025-000698,1907,SES-2025-026228,2025-12-31 13:25:25,349.0,0.0,0.0,28.79,377.79,Delivered,Free Standard
ORD-2025-000699,7273,SES-2025-026307,2025-11-26 04:16:20,299.99,0.0,0.0,24.75,324.74,Delivered,Free Standard
ORD-2025-000700,5471,SES-2025-026318,2025-11-17 12:44:21,50.0,5.0,7.99,4.12,57.11,Delivered,Standard Ground
ORD-2025-000701,5688,SES-2025-026331,2025-11-22 19:22:29,26.0,0.0,7.99,2.15,36.14,Delivered,Standard Ground
ORD-2025-000702,2777,SES-2025-026476,2025-12-15 16:31:00,68.0,0.0,7.99,5.61,81.6,Delivered,Standard Ground
ORD-2025-000703,4430,SES-2025-026586,2025-12-16 16:07:14,22.0,0.0,7.99,1.82,31.81,Delivered,Standard Ground
ORD-2025-000704,8017,SES-2025-026598,2025-05-26 05:30:48,44.0,0.0,7.99,3.63,55.62,Delivered,Standard Ground
ORD-2025-000705,2800,SES-2025-026630,2025-09-09 12:20:57,49.99,5.0,7.99,4.12,57.1,Delivered,Standard Ground
ORD-2025-000706,6905,SES-2025-026634,2025-10-10 21:05:48,79.0,0.0,0.0,6.52,85.52,Delivered,Free Standard
ORD-2025-000707,2048,SES-2025-026670,2025-02-21 05:47:05,25.0,0.0,7.99,2.06,35.05,Delivered,Standard Ground
ORD-2025-000708,5855,SES-2025-026675,2025-04-02 14:01:38,74.0,0.0,7.99,6.11,88.1,Delivered,Standard Ground
ORD-2025-000709,3426,SES-2025-026680,2025-12-14 15:15:22,32.0,0.0,7.99,2.64,42.63,Delivered,Standard Ground
ORD-2025-000710,8573,SES-2025-026730,2025-10-16 15:57:13,28.0,0.0,7.99,2.31,38.3,Delivered,Standard Ground
ORD-2025-000711,185,SES-2025-026797,2025-04-03 06:59:35,269.97,0.0,0.0,22.27,292.24,Delivered,Free Standard
ORD-2025-000712,8177,SES-2025-026900,2025-02-26 08:52:22,56.0,0.0,7.99,4.62,68.61,Delivered,Standard Ground
ORD-2025-000713,498,SES-2025-026927,2025-01-01 12:07:07,148.0,0.0,0.0,12.21,160.21,Delivered,Free Standard
ORD-2025-000714,7496,SES-2025-026941,2025-10-10 18:42:12,149.97,0.0,0.0,12.37,162.34,Delivered,Free Standard
ORD-2025-000715,4788,SES-2025-027115,2025-12-21 07:42:17,48.0,0.0,7.99,3.96,59.95,Delivered,Standard Ground
ORD-2025-000716,1451,SES-2025-027141,2025-08-22 11:02:01,22.0,0.0,7.99,1.82,31.81,Delivered,Standard Ground
ORD-2025-000717,5985,SES-2025-027257,2025-08-12 01:54:54,44.0,0.0,7.99,3.63,55.62,Processing,Standard Ground
ORD-2025-000718,6267,SES-2025-027340,2025-10-21 08:48:28,44.0,4.4,7.99,3.63,51.22,Delivered,Standard Ground
ORD-2025-000719,6345,SES-2025-027361,2025-11-17 22:58:56,110.0,0.0,0.0,9.08,119.08,Delivered,Free Standard
ORD-2025-000720,8239,SES-2025-027453,2025-10-12 20:59:05,38.0,0.0,7.99,3.14,49.13,Delivered,Standard Ground
ORD-2025-000721,4814,SES-2025-027560,2025-12-19 08:18:56,69.99,0.0,7.99,5.77,83.75,Delivered,Standard Ground
ORD-2025-000722,3391,SES-2025-027589,2025-09-06 11:32:44,290.0,0.0,0.0,23.93,313.93,Delivered,Free Standard
ORD-2025-000723,9761,SES-2025-027656,2025-10-14 16:22:04,24.0,2.4,7.99,1.98,31.57,Delivered,Standard Ground
ORD-2025-000724,6505,SES-2025-027724,2025-08-16 00:12:01,28.0,2.8,7.99,2.31,35.5,Delivered,Standard Ground
ORD-2025-000725,6278,SES-2025-027731,2025-01-05 13:13:37,66.0,0.0,7.99,5.45,79.44,Delivered,Standard Ground
ORD-2025-000726,4279,SES-2025-027764,2025-02-17 10:27:37,89.0,0.0,0.0,7.34,96.34,Delivered,Free Standard
ORD-2025-000727,8967,SES-2025-027775,2025-11-17 07:14:50,79.0,0.0,0.0,6.52,85.52,Delivered,Free Standard
ORD-2025-000728,6033,SES-2025-027814,2025-12-29 05:59:01,56.0,0.0,7.99,4.62,68.61,Delivered,Standard Ground
ORD-2025-000729,8264,SES-2025-027933,2025-10-29 23:04:11,26.0,0.0,7.99,2.15,36.14,Delivered,Standard Ground
ORD-2025-000730,8239,SES-2025-027968,2025-02-04 03:26:14,26.0,0.0,7.99,2.15,36.14,Delivered,Standard Ground
ORD-2025-000731,3953,SES-2025-027995,2025-07-18 01:04:16,239.97,0.0,0.0,19.8,259.77,Delivered,Free Standard
ORD-2025-000732,7521,SES-2025-028022,2025-01-05 15:47:55,435.0,0.0,0.0,35.89,470.89,Delivered,Free Standard
ORD-2025-000733,2670,SES-2025-028153,2025-10-26 07:02:50,145.0,0.0,0.0,11.96,156.96,Delivered,Free Standard
ORD-2025-000734,9126,SES-2025-028176,2025-09-13 15:38:33,38.0,0.0,7.99,3.14,49.13,Delivered,Standard Ground
ORD-2025-000735,832,SES-2025-028188,2025-12-10 14:44:29,79.99,0.0,0.0,6.6,86.59,Delivered,Free Standard
ORD-2025-000736,9220,SES-2025-028203,2025-05-26 10:46:00,29.0,0.0,7.99,2.39,39.38,Delivered,Standard Ground
ORD-2025-000737,6371,SES-2025-028282,2025-06-28 13:49:25,114.0,0.0,0.0,9.41,123.41,Delivered,Free Standard
ORD-2025-000738,1094,SES-2025-028334,2025-09-17 12:36:36,79.0,0.0,0.0,6.52,85.52,Delivered,Free Standard
ORD-2025-000739,5695,SES-2025-028338,2025-04-16 18:31:25,25.0,0.0,7.99,2.06,35.05,Delivered,Standard Ground
ORD-2025-000740,5308,SES-2025-028362,2025-05-20 12:58:10,220.0,22.0,0.0,18.15,216.15,Delivered,Free Standard
ORD-2025-000741,5187,SES-2025-028477,2025-10-26 10:13:58,98.0,0.0,0.0,8.09,106.09,Delivered,Free Standard
ORD-2025-000742,4801,SES-2025-028489,2025-12-04 11:48:36,209.97,0.0,0.0,17.32,227.29,Delivered,Free Standard
ORD-2025-000743,2168,SES-2025-028538,2025-06-16 15:59:46,25.0,0.0,7.99,2.06,35.05,Delivered,Standard Ground
ORD-2025-000744,6461,SES-2025-028580,2025-05-17 12:46:46,79.98,0.0,0.0,6.6,86.58,Delivered,Free Standard
ORD-2025-000745,2959,SES-2025-028638,2025-12-15 11:59:56,698.0,0.0,0.0,57.59,755.59,Delivered,Free Standard
ORD-2025-000746,1300,SES-2025-028650,2025-12-09 04:47:05,28.0,2.8,7.99,2.31,35.5,Delivered,Standard Ground
ORD-2025-000747,9237,SES-2025-028660,2025-11-14 20:50:23,89.0,8.9,0.0,7.34,87.44,Delivered,Free Standard
ORD-2025-000748,2452,SES-2025-028684,2025-07-26 18:22:36,89.99,0.0,0.0,7.42,97.41,Processing,Free Standard
ORD-2025-000749,5925,SES-2025-028730,2025-08-02 06:35:11,26.0,0.0,7.99,2.15,36.14,Delivered,Standard Ground
ORD-2025-000750,6951,SES-2025-028732,2025-12-26 09:21:49,29.0,0.0,7.99,2.39,39.38,Delivered,Standard Ground
ORD-2025-000751,2460,SES-2025-028735,2025-09-30 17:37:20,89.0,0.0,0.0,7.34,96.34,Delivered,Free Standard
ORD-2025-000752,3269,SES-2025-028765,2025-10-16 16:49:21,44.0,0.0,7.99,3.63,55.62,Delivered,Standard Ground
ORD-2025-000753,9233,SES-2025-028772,2025-12-01 09:00:19,28.0,0.0,7.99,2.31,38.3,Delivered,Standard Ground
ORD-2025-000754,5175,SES-2025-028785,2025-07-17 20:34:19,69.99,7.0,7.99,5.77,76.75,Processing,Standard Ground
ORD-2025-000755,6019,SES-2025-028846,2025-08-02 02:06:12,68.0,0.0,7.99,5.61,81.6,Delivered,Standard Ground
ORD-2025-000756,8934,SES-2025-029020,2025-07-14 21:44:05,32.0,0.0,7.99,2.64,42.63,Delivered,Standard Ground
ORD-2025-000757,9884,SES-2025-029021,2025-10-02 15:24:49,39.99,0.0,7.99,3.3,51.28,Delivered,Standard Ground
ORD-2025-000758,1748,SES-2025-029045,2025-12-09 18:53:31,698.0,0.0,0.0,57.59,755.59,Delivered,Free Standard
ORD-2025-000759,6765,SES-2025-029111,2025-10-12 05:29:53,79.0,0.0,0.0,6.52,85.52,Delivered,Free Standard
ORD-2025-000760,6874,SES-2025-029126,2025-11-04 02:28:43,79.0,7.9,0.0,6.52,77.62,Delivered,Free Standard
ORD-2025-000761,3129,SES-2025-029138,2025-12-01 11:19:57,74.0,0.0,7.99,6.11,88.1,Delivered,Standard Ground
ORD-2025-000762,9714,SES-2025-029166,2025-11-11 15:31:01,96.0,0.0,0.0,7.92,103.92,Delivered,Free Standard
ORD-2025-000763,5183,SES-2025-029203,2025-02-12 10:36:51,39.99,4.0,7.99,3.3,47.28,Delivered,Standard Ground
ORD-2025-000764,9493,SES-2025-029206,2025-10-14 00:44:07,44.0,0.0,7.99,3.63,55.62,Processing,Standard Ground
ORD-2025-000765,2882,SES-2025-029220,2025-10-25 06:14:17,32.0,0.0,7.99,2.64,42.63,Delivered,Standard Ground
ORD-2025-000766,8003,SES-2025-029234,2025-10-22 10:03:55,39.99,0.0,7.99,3.3,51.28,Delivered,Standard Ground
ORD-2025-000767,1591,SES-2025-029244,2025-03-27 06:39:53,24.0,0.0,7.99,1.98,33.97,Delivered,Standard Ground
ORD-2025-000768,4853,SES-2025-029254,2025-09-20 06:14:50,54.99,0.0,7.99,4.54,67.52,Delivered,Standard Ground
ORD-2025-000769,5963,SES-2025-029255,2025-12-05 23:29:50,136.0,0.0,0.0,11.22,147.22,Delivered,Free Standard
ORD-2025-000770,1258,SES-2025-029261,2025-07-24 20:14:42,89.0,8.9,0.0,7.34,87.44,Delivered,Free Standard
ORD-2025-000771,4942,SES-2025-029304,2025-08-04 17:42:48,170.0,17.0,0.0,14.03,167.03,Delivered,Free Standard
ORD-2025-000772,5670,SES-2025-029326,2025-09-04 13:29:12,64.0,0.0,7.99,5.28,77.27,Delivered,Standard Ground
ORD-2025-000773,5393,SES-2025-029386,2025-12-20 15:49:00,44.0,0.0,7.99,3.63,55.62,Delivered,Standard Ground
ORD-2025-000774,5006,SES-2025-029407,2025-12-17 13:34:35,32.0,0.0,7.99,2.64,42.63,Processing,Standard Ground
ORD-2025-000775,1263,SES-2025-029452,2025-09-15 08:59:18,48.0,4.8,7.99,3.96,55.15,Delivered,Standard Ground
ORD-2025-000776,4492,SES-2025-029465,2025-02-11 11:40:13,32.0,0.0,7.99,2.64,42.63,Delivered,Standard Ground
ORD-2025-000777,5696,SES-2025-029553,2025-11-28 20:49:28,68.0,0.0,7.99,5.61,81.6,Delivered,Standard Ground
ORD-2025-000778,9862,SES-2025-029594,2025-09-29 09:44:01,68.0,0.0,7.99,5.61,81.6,Delivered,Standard Ground
ORD-2025-000779,1548,SES-2025-029611,2025-07-31 20:42:07,44.0,0.0,7.99,3.63,55.62,Delivered,Standard Ground
ORD-2025-000780,5480,SES-2025-029774,2025-08-10 08:28:20,179.98,0.0,0.0,14.85,194.83,Delivered,Free Standard
ORD-2025-000781,460,SES-2025-029832,2025-08-05 13:28:51,25.0,0.0,7.99,2.06,35.05,Delivered,Standard Ground
ORD-2025-000782,1543,SES-2025-029865,2025-09-22 16:02:44,32.0,0.0,7.99,2.64,42.63,Delivered,Standard Ground
ORD-2025-000783,9620,SES-2025-029880,2025-09-12 03:43:06,88.0,0.0,0.0,7.26,95.26,Delivered,Free Standard
ORD-2025-000784,2436,SES-2025-029894,2025-04-28 13:49:29,22.0,0.0,7.99,1.82,31.81,Delivered,Standard Ground
ORD-2025-000785,6080,SES-2025-029944,2025-11-19 02:11:18,54.99,0.0,7.99,4.54,67.52,Delivered,Standard Ground
ORD-2025-000786,9594,SES-2025-030023,2025-06-04 03:17:25,54.99,0.0,7.99,4.54,67.52,Delivered,Standard Ground
ORD-2025-000787,6668,SES-2025-030037,2025-11-29 17:15:10,50.0,0.0,7.99,4.12,62.11,Delivered,Standard Ground
ORD-2025-000788,3613,SES-2025-030054,2025-12-22 19:36:05,95.0,0.0,0.0,7.84,102.84,Delivered,Free Standard
ORD-2025-000789,7914,SES-2025-030056,2025-09-22 15:52:46,349.0,0.0,0.0,28.79,377.79,Delivered,Free Standard
ORD-2025-000790,4154,SES-2025-030058,2025-09-24 14:39:49,34.0,0.0,7.99,2.81,44.8,Delivered,Standard Ground
ORD-2025-000791,2159,SES-2025-030111,2025-12-25 23:23:09,32.0,0.0,7.99,2.64,42.63,Delivered,Standard Ground
ORD-2025-000792,623,SES-2025-030183,2025-12-03 22:01:02,26.0,0.0,7.99,2.15,36.14,Delivered,Standard Ground
ORD-2025-000793,4687,SES-2025-030218,2025-10-16 13:13:57,32.0,0.0,7.99,2.64,42.63,Processing,Standard Ground
ORD-2025-000794,9308,SES-2025-030220,2025-11-14 13:21:20,28.0,0.0,7.99,2.31,38.3,Processing,Standard Ground
ORD-2025-000795,1007,SES-2025-030265,2025-08-20 04:55:27,44.0,4.4,7.99,3.63,51.22,Delivered,Standard Ground
ORD-2025-000796,342,SES-2025-030289,2025-11-08 19:25:04,110.0,11.0,0.0,9.08,108.08,Delivered,Free Standard
ORD-2025-000797,4191,SES-2025-030316,2025-10-29 11:20:38,26.0,2.6,7.99,2.15,33.54,Processing,Standard Ground
ORD-2025-000798,8391,SES-2025-030317,2025-08-24 01:49:22,290.0,0.0,0.0,23.93,313.93,Delivered,Free Standard
ORD-2025-000799,857,SES-2025-030346,2025-12-12 07:46:54,237.0,0.0,0.0,19.55,256.55,Delivered,Free Standard
ORD-2025-000800,2973,SES-2025-030380,2025-01-29 08:53:25,34.0,0.0,7.99,2.81,44.8,Delivered,Standard Ground
ORD-2025-000801,3194,SES-2025-030402,2025-11-07 10:50:19,68.0,0.0,7.99,5.61,81.6,Delivered,Standard Ground
ORD-2025-000802,239,SES-2025-030430,2025-12-28 12:03:16,89.0,8.9,0.0,7.34,87.44,Delivered,Free Standard
ORD-2025-000803,300,SES-2025-030473,2025-10-01 15:41:57,22.0,0.0,7.99,1.82,31.81,Delivered,Standard Ground
ORD-2025-000804,9326,SES-2025-030475,2025-10-01 13:27:54,68.0,0.0,7.99,5.61,81.6,Delivered,Standard Ground
ORD-2025-000805,9740,SES-2025-030481,2025-12-04 03:56:46,88.0,0.0,0.0,7.26,95.26,Delivered,Free Standard
ORD-2025-000806,185,SES-2025-030502,2025-04-24 14:52:09,698.0,0.0,0.0,57.59,755.59,Delivered,Free Standard
ORD-2025-000807,4325,SES-2025-030517,2025-08-22 18:15:42,48.0,0.0,7.99,3.96,59.95,Delivered,Standard Ground
ORD-2025-000808,245,SES-2025-030556,2025-10-09 22:00:32,76.0,0.0,0.0,6.27,82.27,Processing,Free Standard
ORD-2025-000809,9567,SES-2025-030559,2025-01-04 19:26:32,190.0,19.0,0.0,15.68,186.68,Delivered,Free Standard
ORD-2025-000810,4891,SES-2025-030563,2025-08-27 00:02:21,79.98,0.0,0.0,6.6,86.58,Processing,Free Standard
ORD-2025-000811,8755,SES-2025-030600,2025-12-21 13:22:56,79.0,7.9,0.0,6.52,77.62,Delivered,Free Standard
ORD-2025-000812,6487,SES-2025-030620,2025-11-14 03:23:23,44.0,0.0,7.99,3.63,55.62,Delivered,Standard Ground
ORD-2025-000813,550,SES-2025-030632,2025-08-01 13:34:19,29.0,2.9,7.99,2.39,36.48,Delivered,Standard Ground
ORD-2025-000814,2042,SES-2025-030637,2025-03-27 23:23:36,68.0,0.0,7.99,5.61,81.6,Delivered,Standard Ground
ORD-2025-000815,3203,SES-2025-030652,2025-01-03 07:54:04,49.99,0.0,7.99,4.12,62.1,Delivered,Standard Ground
ORD-2025-000816,6567,SES-2025-030653,2025-11-25 05:01:00,349.0,0.0,0.0,28.79,377.79,Delivered,Free Standard
ORD-2025-000817,8945,SES-2025-030682,2025-10-22 13:50:36,96.0,0.0,0.0,7.92,103.92,Processing,Free Standard
ORD-2025-000818,2517,SES-2025-030749,2025-12-18 03:05:08,28.0,0.0,7.99,2.31,38.3,Delivered,Standard Ground
ORD-2025-000819,8592,SES-2025-030820,2025-08-12 05:39:15,22.0,0.0,7.99,1.82,31.81,Delivered,Standard Ground
ORD-2025-000820,7518,SES-2025-030890,2025-04-24 18:48:26,44.0,0.0,7.99,3.63,55.62,Delivered,Standard Ground
ORD-2025-000821,458,SES-2025-030894,2025-11-17 01:39:19,25.0,0.0,7.99,2.06,35.05,Delivered,Standard Ground
ORD-2025-000822,5523,SES-2025-030933,2025-10-31 04:48:17,79.0,0.0,0.0,6.52,85.52,Delivered,Free Standard
ORD-2025-000823,717,SES-2025-030956,2025-05-10 06:44:19,119.97,0.0,0.0,9.9,129.87,Delivered,Free Standard
ORD-2025-000824,5933,SES-2025-030965,2025-11-29 17:27:00,299.99,0.0,0.0,24.75,324.74,Delivered,Free Standard
ORD-2025-000825,750,SES-2025-030988,2025-12-28 15:49:39,39.99,4.0,7.99,3.3,47.28,Delivered,Standard Ground
ORD-2025-000826,954,SES-2025-030999,2025-11-20 17:36:08,52.0,0.0,7.99,4.29,64.28,Delivered,Standard Ground
ORD-2025-000827,937,SES-2025-031005,2025-05-21 02:54:00,32.0,0.0,7.99,2.64,42.63,Delivered,Standard Ground
ORD-2025-000828,176,SES-2025-031054,2025-11-24 23:19:46,29.0,0.0,7.99,2.39,39.38,Delivered,Standard Ground
ORD-2025-000829,6702,SES-2025-031061,2025-05-12 06:22:46,68.0,0.0,7.99,5.61,81.6,Delivered,Standard Ground
ORD-2025-000830,6973,SES-2025-031091,2025-12-20 11:09:39,49.99,5.0,7.99,4.12,57.1,Delivered,Standard Ground
ORD-2025-000831,76,SES-2025-031172,2025-07-28 03:07:57,299.98,0.0,0.0,24.75,324.73,Delivered,Free Standard
ORD-2025-000832,6740,SES-2025-031181,2025-12-04 09:14:15,149.99,0.0,0.0,12.37,162.36,Processing,Free Standard
ORD-2025-000833,1066,SES-2025-031200,2025-11-14 06:05:28,190.0,19.0,0.0,15.68,186.68,Delivered,Free Standard
ORD-2025-000834,5802,SES-2025-031233,2025-01-23 19:43:26,178.0,0.0,0.0,14.69,192.69,Delivered,Free Standard
ORD-2025-000835,8794,SES-2025-031246,2025-09-24 23:07:35,85.0,8.5,0.0,7.01,83.51,Delivered,Free Standard
ORD-2025-000836,3651,SES-2025-031260,2025-10-27 11:22:11,48.0,0.0,7.99,3.96,59.95,Delivered,Standard Ground
ORD-2025-000837,8791,SES-2025-031276,2025-03-11 10:33:44,85.0,0.0,0.0,7.01,92.01,Delivered,Free Standard
ORD-2025-000838,5032,SES-2025-031277,2025-10-06 17:08:34,32.0,0.0,7.99,2.64,42.63,Delivered,Standard Ground
ORD-2025-000839,3217,SES-2025-031287,2025-11-23 23:26:28,69.99,0.0,7.99,5.77,83.75,Delivered,Standard Ground
ORD-2025-000840,8615,SES-2025-031312,2025-03-12 07:27:58,89.0,0.0,0.0,7.34,96.34,Delivered,Free Standard
ORD-2025-000841,5517,SES-2025-031370,2025-11-01 07:11:09,84.0,0.0,0.0,6.93,90.93,Delivered,Free Standard
ORD-2025-000842,297,SES-2025-031404,2025-07-16 00:53:15,22.0,0.0,7.99,1.82,31.81,Delivered,Standard Ground
ORD-2025-000843,5130,SES-2025-031436,2025-03-15 04:57:09,26.0,0.0,7.99,2.15,36.14,Delivered,Standard Ground
ORD-2025-000844,2316,SES-2025-031451,2025-07-17 00:52:21,25.0,0.0,7.99,2.06,35.05,Delivered,Standard Ground
ORD-2025-000845,6755,SES-2025-031569,2025-08-13 00:01:33,25.0,0.0,7.99,2.06,35.05,Delivered,Standard Ground
ORD-2025-000846,9070,SES-2025-031590,2025-08-09 02:59:18,178.0,17.8,0.0,14.69,174.89,Delivered,Free Standard
ORD-2025-000847,6967,SES-2025-031646,2025-08-10 18:14:11,109.98,0.0,0.0,9.07,119.05,Delivered,Free Standard
ORD-2025-000848,1929,SES-2025-031656,2025-12-02 13:13:05,24.0,0.0,7.99,1.98,33.97,Delivered,Standard Ground
ORD-2025-000849,4488,SES-2025-031741,2025-12-10 01:57:56,84.0,8.4,0.0,6.93,82.53,Delivered,Free Standard
ORD-2025-000850,6902,SES-2025-031779,2025-09-21 23:27:18,39.99,0.0,7.99,3.3,51.28,Delivered,Standard Ground
ORD-2025-000851,7001,SES-2025-031801,2025-11-26 23:32:54,98.0,0.0,0.0,8.09,106.09,Delivered,Free Standard
ORD-2025-000852,663,SES-2025-031837,2025-12-26 10:43:25,49.99,0.0,7.99,4.12,62.1,Delivered,Standard Ground
ORD-2025-000853,9773,SES-2025-031868,2025-07-31 12:16:25,38.0,0.0,7.99,3.14,49.13,Processing,Standard Ground
ORD-2025-000854,178,SES-2025-031893,2025-12-19 02:29:53,42.0,0.0,7.99,3.47,53.46,Delivered,Standard Ground
ORD-2025-000855,2382,SES-2025-031894,2025-08-04 19:48:55,44.0,0.0,7.99,3.63,55.62,Delivered,Standard Ground
ORD-2025-000856,7510,SES-2025-031938,2025-09-07 19:56:23,54.99,0.0,7.99,4.54,67.52,Delivered,Standard Ground
ORD-2025-000857,9470,SES-2025-031968,2025-08-12 11:11:52,68.0,0.0,7.99,5.61,81.6,Delivered,Standard Ground
