payment_id,order_id,session_id,payment_method,amount,payment_status,error_code,payment_timestamp
1,ORD-2025-000001,SES-2025-000142,Buy Now Pay Later,33.97,Successful,,2025-09-08 16:31:57
2,ORD-2025-000002,SES-2025-000165,Credit Card,86.59,Successful,,2025-10-10 14:07:58
3,ORD-2025-000003,SES-2025-000213,Debit Card,29.61,Successful,,2025-12-18 14:44:07
4,ORD-2025-000004,SES-2025-000251,Debit Card,289.03,Successful,,2025-11-29 03:26:41
5,,SES-2025-000300,Debit Card,34.0,Failed,DECLINED_BY_ISSUER,2025-02-24 04:20:31
6,ORD-2025-000005,SES-2025-000316,Debit Card,59.95,Successful,,2025-10-08 23:51:30
7,ORD-2025-000006,SES-2025-000381,Credit Card,755.59,Successful,,2025-12-19 02:15:16
8,ORD-2025-000007,SES-2025-000408,PayPal,81.6,Successful,,2025-08-22 01:34:06
9,ORD-2025-000008,SES-2025-000428,Buy Now Pay Later,184.03,Successful,,2025-05-15 21:45:08
10,ORD-2025-000009,SES-2025-000504,Credit Card,44.8,Successful,,2025-05-11 19:45:18
11,ORD-2025-000010,SES-2025-000522,Debit Card,56.13,Successful,,2025-09-25 19:55:43
12,ORD-2025-000011,SES-2025-000538,Credit Card,102.84,Successful,,2025-04-26 04:38:13
13,ORD-2025-000012,SES-2025-000609,Debit Card,184.03,Successful,,2025-10-26 09:20:34
14,ORD-2025-000013,SES-2025-000651,Debit Card,35.05,Successful,,2025-10-05 15:08:58
15,ORD-2025-000014,SES-2025-000754,Apple Pay,38.3,Successful,,2025-09-23 07:43:40
16,ORD-2025-000015,SES-2025-000891,Credit Card,313.93,Successful,,2025-11-29 14:54:38
17,ORD-2025-000016,SES-2025-000926,Apple Pay,77.62,Successful,,2025-12-02 23:27:48
18,ORD-2025-000017,SES-2025-000969,PayPal,81.6,Successful,,2025-11-08 05:15:45
19,ORD-2025-000018,SES-2025-000971,Debit Card,49.13,Successful,,2025-09-25 16:48:40
20,ORD-2025-000019,SES-2025-001040,Debit Card,81.6,Successful,,2025-12-24 02:02:58
21,ORD-2025-000020,SES-2025-001071,Credit Card,55.62,Successful,,2025-11-17 06:08:54
22,ORD-2025-000021,SES-2025-001144,Debit Card,68.61,Successful,,2025-10-24 06:38:35
23,ORD-2025-000022,SES-2025-001187,PayPal,31.57,Successful,,2025-03-13 05:52:50
24,ORD-2025-000023,SES-2025-001224,Credit Card,44.8,Successful,,2025-11-27 02:52:58
25,ORD-2025-000024,SES-2025-001243,PayPal,31.81,Successful,,2025-12-24 22:14:11
26,,SES-2025-001384,Debit Card,349.0,Failed,DECLINED_BY_ISSUER,2025-12-26 04:04:19
27,ORD-2025-000025,SES-2025-001435,Credit Card,44.8,Successful,,2025-12-20 12:47:03
28,ORD-2025-000026,SES-2025-001482,PayPal,55.62,Successful,,2025-10-24 09:59:01
29,ORD-2025-000027,SES-2025-001502,Debit Card,77.27,Successful,,2025-06-05 04:02:01
30,ORD-2025-000028,SES-2025-001537,Apple Pay,162.36,Successful,,2025-04-27 12:11:43
31,ORD-2025-000029,SES-2025-001554,Credit Card,276.04,Successful,,2025-10-02 17:23:37
32,ORD-2025-000030,SES-2025-001566,Debit Card,92.01,Successful,,2025-12-31 14:50:45
33,ORD-2025-000031,SES-2025-001567,Credit Card,83.51,Successful,,2025-03-05 11:23:42
34,ORD-2025-000032,SES-2025-001620,Apple Pay,39.38,Successful,,2025-11-09 19:31:46
35,ORD-2025-000033,SES-2025-001623,Debit Card,86.59,Successful,,2025-02-28 16:53:22
36,ORD-2025-000034,SES-2025-001713,PayPal,156.96,Successful,,2025-09-07 19:02:32
37,ORD-2025-000035,SES-2025-001794,Credit Card,62.1,Successful,,2025-12-16 09:26:40
38,ORD-2025-000036,SES-2025-001807,Credit Card,755.59,Successful,,2025-10-08 08:26:10
39,ORD-2025-000037,SES-2025-001833,Credit Card,106.09,Successful,,2025-09-02 08:34:50
40,ORD-2025-000038,SES-2025-001849,Debit Card,36.14,Successful,,2025-06-09 22:23:57
41,ORD-2025-000039,SES-2025-001851,Credit Card,85.52,Successful,,2025-09-09 16:14:26
42,ORD-2025-000040,SES-2025-001897,Credit Card,589.48,Successful,,2025-03-05 12:59:00
43,ORD-2025-000041,SES-2025-001938,PayPal,85.52,Successful,,2025-11-24 07:10:02
44,ORD-2025-000042,SES-2025-001942,PayPal,53.46,Successful,,2025-12-10 09:57:00
45,ORD-2025-000043,SES-2025-002141,PayPal,49.13,Successful,,2025-08-06 11:33:13
46,ORD-2025-000044,SES-2025-002157,Credit Card,59.95,Successful,,2025-12-31 04:19:45
47,ORD-2025-000045,SES-2025-002238,Apple Pay,44.8,Successful,,2025-12-29 14:31:16
48,ORD-2025-000046,SES-2025-002272,Apple Pay,173.18,Successful,,2025-09-11 14:08:47
49,ORD-2025-000047,SES-2025-002273,Credit Card,85.52,Successful,,2025-06-24 06:51:52
50,ORD-2025-000048,SES-2025-002320,Debit Card,53.46,Successful,,2025-07-06 11:50:32
51,ORD-2025-000049,SES-2025-002340,Apple Pay,220.83,Successful,,2025-12-30 14:23:58
52,ORD-2025-000050,SES-2025-002395,PayPal,77.27,Successful,,2025-05-21 03:47:01
53,ORD-2025-000051,SES-2025-002461,PayPal,156.96,Successful,,2025-01-17 15:20:04
54,ORD-2025-000052,SES-2025-002585,Buy Now Pay Later,85.52,Successful,,2025-07-01 17:41:28
55,ORD-2025-000053,SES-2025-002588,PayPal,102.84,Successful,,2025-03-07 03:52:26
56,ORD-2025-000054,SES-2025-002637,Debit Card,156.96,Successful,,2025-12-04 00:05:31
57,ORD-2025-000055,SES-2025-002669,PayPal,61.03,Successful,,2025-12-26 07:37:50
58,ORD-2025-000056,SES-2025-002670,Credit Card,33.97,Successful,,2025-12-28 00:51:06
59,ORD-2025-000057,SES-2025-002715,Credit Card,151.53,Successful,,2025-10-11 19:47:37
60,ORD-2025-000058,SES-2025-002762,PayPal,51.28,Successful,,2025-11-22 10:05:41
61,ORD-2025-000059,SES-2025-002811,Credit Card,39.43,Successful,,2025-01-25 19:26:32
62,,SES-2025-002903,Debit Card,79.99,Failed,DECLINED_BY_ISSUER,2025-10-29 08:38:32
63,ORD-2025-000060,SES-2025-002908,Credit Card,119.08,Successful,,2025-12-28 19:09:35
64,ORD-2025-000061,SES-2025-002914,PayPal,108.08,Successful,,2025-03-19 06:34:48
65,ORD-2025-000062,SES-2025-002928,Apple Pay,88.1,Successful,,2025-09-25 16:40:42
66,,SES-2025-003051,PayPal,32.0,Failed,DECLINED_BY_ISSUER,2025-06-25 20:11:20
67,ORD-2025-000063,SES-2025-003078,PayPal,53.46,Successful,,2025-01-03 04:53:56
68,ORD-2025-000064,SES-2025-003115,Credit Card,35.05,Successful,,2025-05-04 01:18:39
69,ORD-2025-000065,SES-2025-003117,Credit Card,171.04,Successful,,2025-08-02 19:28:15
70,ORD-2025-000066,SES-2025-003142,Buy Now Pay Later,85.52,Successful,,2025-12-27 15:42:35
71,ORD-2025-000067,SES-2025-003155,Credit Card,86.59,Successful,,2025-09-28 03:53:23
72,ORD-2025-000068,SES-2025-003158,PayPal,39.43,Successful,,2025-07-27 10:15:18
73,ORD-2025-000069,SES-2025-003159,Credit Card,81.6,Successful,,2025-09-28 06:33:43
74,ORD-2025-000070,SES-2025-003175,Credit Card,31.81,Successful,,2025-12-17 04:16:52
75,ORD-2025-000071,SES-2025-003235,Apple Pay,42.63,Successful,,2025-11-29 04:34:14
76,ORD-2025-000072,SES-2025-003251,Credit Card,59.08,Successful,,2025-12-09 05:39:41
77,ORD-2025-000073,SES-2025-003254,Debit Card,156.96,Successful,,2025-09-01 18:23:11
78,ORD-2025-000074,SES-2025-003264,PayPal,85.52,Successful,,2025-07-07 10:57:21
79,ORD-2025-000075,SES-2025-003325,Debit Card,83.75,Successful,,2025-07-08 22:27:16
80,ORD-2025-000076,SES-2025-003354,Credit Card,42.63,Successful,,2025-08-04 10:07:20
81,ORD-2025-000077,SES-2025-003356,Credit Card,88.1,Successful,,2025-06-18 06:55:33
82,ORD-2025-000078,SES-2025-003468,Debit Card,238.15,Successful,,2025-03-08 10:29:26
83,ORD-2025-000079,SES-2025-003559,Apple Pay,96.34,Successful,,2025-07-22 06:47:20
84,ORD-2025-000080,SES-2025-003564,Debit Card,97.41,Successful,,2025-03-04 02:11:59
85,ORD-2025-000081,SES-2025-003625,Credit Card,77.27,Successful,,2025-05-07 01:21:43
86,ORD-2025-000082,SES-2025-003632,Credit Card,42.63,Successful,,2025-08-28 20:50:37
87,ORD-2025-000083,SES-2025-003655,PayPal,86.59,Successful,,2025-11-13 04:49:08
88,ORD-2025-000084,SES-2025-003706,Buy Now Pay Later,38.3,Successful,,2025-09-11 05:30:20
89,ORD-2025-000085,SES-2025-003719,Debit Card,78.59,Successful,,2025-11-29 00:05:01
90,,SES-2025-003846,PayPal,222.0,Failed,DECLINED_BY_ISSUER,2025-07-30 21:41:13
91,ORD-2025-000086,SES-2025-003856,Credit Card,35.05,Successful,,2025-10-15 08:31:44
92,ORD-2025-000087,SES-2025-003904,Buy Now Pay Later,67.52,Successful,,2025-12-23 21:49:03
93,ORD-2025-000088,SES-2025-003920,Credit Card,156.96,Successful,,2025-12-05 02:12:24
94,ORD-2025-000089,SES-2025-004009,PayPal,92.01,Successful,,2025-12-17 03:52:59
95,ORD-2025-000090,SES-2025-004040,Buy Now Pay Later,147.22,Successful,,2025-11-03 06:30:23
96,ORD-2025-000091,SES-2025-004127,Credit Card,36.14,Successful,,2025-09-28 19:43:40
97,ORD-2025-000092,SES-2025-004141,Debit Card,86.59,Successful,,2025-09-18 17:07:41
98,ORD-2025-000093,SES-2025-004162,Debit Card,82.27,Successful,,2025-05-01 18:32:36
99,ORD-2025-000094,SES-2025-004216,Credit Card,85.52,Successful,,2025-03-24 09:56:12
100,ORD-2025-000095,SES-2025-004217,Credit Card,44.8,Successful,,2025-04-04 02:46:38
101,ORD-2025-000096,SES-2025-004258,Debit Card,68.61,Successful,,2025-10-25 04:54:11
102,ORD-2025-000097,SES-2025-004261,Buy Now Pay Later,173.18,Successful,,2025-12-09 18:52:16
103,ORD-2025-000098,SES-2025-004267,PayPal,35.05,Successful,,2025-11-21 11:37:30
104,ORD-2025-000099,SES-2025-004297,Credit Card,62.1,Successful,,2025-10-23 05:36:45
105,ORD-2025-000100,SES-2025-004302,Debit Card,77.27,Successful,,2025-10-17 19:17:49
106,ORD-2025-000101,SES-2025-004310,Credit Card,36.14,Successful,,2025-12-04 03:08:41
107,ORD-2025-000102,SES-2025-004315,Debit Card,81.19,Successful,,2025-09-05 13:04:07
108,ORD-2025-000103,SES-2025-004363,Credit Card,81.6,Successful,,2025-10-18 08:13:41
109,ORD-2025-000104,SES-2025-004412,Credit Card,324.73,Successful,,2025-05-11 08:40:41
110,ORD-2025-000105,SES-2025-004413,Debit Card,42.63,Successful,,2025-08-06 17:39:55
111,ORD-2025-000106,SES-2025-004424,Credit Card,96.34,Successful,,2025-08-02 03:12:51
112,ORD-2025-000107,SES-2025-004455,Buy Now Pay Later,62.1,Successful,,2025-12-17 10:33:26
113,ORD-2025-000108,SES-2025-004575,Credit Card,77.27,Successful,,2025-02-19 21:35:01
114,ORD-2025-000109,SES-2025-004578,Debit Card,97.41,Successful,,2025-02-11 09:14:31
115,,SES-2025-004635,Debit Card,85.0,Failed,DECLINED_BY_ISSUER,2025-12-24 17:23:05
116,ORD-2025-000110,SES-2025-004674,Credit Card,49.26,Successful,,2025-04-21 15:55:47
117,ORD-2025-000111,SES-2025-004712,PayPal,83.75,Successful,,2025-11-23 03:30:46
118,ORD-2025-000112,SES-2025-004715,Debit Card,42.63,Successful,,2025-04-15 17:15:54
119,ORD-2025-000113,SES-2025-004720,Buy Now Pay Later,78.59,Successful,,2025-09-16 16:38:23
120,ORD-2025-000114,SES-2025-004763,Apple Pay,44.8,Successful,,2025-10-25 07:36:00
121,ORD-2025-000115,SES-2025-004803,Credit Card,184.03,Successful,,2025-09-05 07:36:14
122,ORD-2025-000116,SES-2025-004844,PayPal,119.08,Successful,,2025-11-11 10:49:08
123,ORD-2025-000117,SES-2025-004845,Apple Pay,53.46,Successful,,2025-06-17 11:43:45
124,ORD-2025-000118,SES-2025-004871,Debit Card,85.52,Successful,,2025-01-29 04:09:24
125,ORD-2025-000119,SES-2025-004877,Apple Pay,90.93,Successful,,2025-03-26 20:40:33
126,ORD-2025-000120,SES-2025-004888,Debit Card,377.79,Successful,,2025-10-31 12:23:24
127,ORD-2025-000121,SES-2025-004916,Apple Pay,324.74,Successful,,2025-10-10 20:05:56
128,ORD-2025-000122,SES-2025-004991,Credit Card,55.62,Successful,,2025-12-26 10:16:18
129,ORD-2025-000123,SES-2025-004998,Debit Card,162.36,Successful,,2025-10-10 02:11:22
130,ORD-2025-000124,SES-2025-005010,Buy Now Pay Later,57.11,Successful,,2025-02-18 13:25:10
131,ORD-2025-000125,SES-2025-005016,Credit Card,32.55,Successful,,2025-09-19 02:54:33
132,ORD-2025-000126,SES-2025-005075,Credit Card,95.26,Successful,,2025-12-30 22:52:17
133,ORD-2025-000127,SES-2025-005085,Credit Card,36.14,Successful,,2025-03-29 04:12:03
134,ORD-2025-000128,SES-2025-005104,Buy Now Pay Later,86.59,Successful,,2025-05-06 15:49:25
135,ORD-2025-000129,SES-2025-005135,Debit Card,81.6,Successful,,2025-07-21 23:25:02
136,ORD-2025-000130,SES-2025-005183,Credit Card,55.62,Successful,,2025-12-23 14:15:48
137,ORD-2025-000131,SES-2025-005195,PayPal,83.75,Successful,,2025-03-10 12:33:58
138,ORD-2025-000132,SES-2025-005202,Apple Pay,55.62,Successful,,2025-03-24 16:57:00
139,ORD-2025-000133,SES-2025-005208,Debit Card,33.97,Successful,,2025-11-15 22:52:51
140,ORD-2025-000134,SES-2025-005219,Credit Card,86.59,Successful,,2025-11-05 22:58:10
141,ORD-2025-000135,SES-2025-005233,Apple Pay,129.87,Successful,,2025-11-04 13:48:20
142,ORD-2025-000136,SES-2025-005237,Apple Pay,324.74,Successful,,2025-11-18 09:54:57
143,ORD-2025-000137,SES-2025-005258,Credit Card,85.52,Successful,,2025-05-22 03:16:19
144,ORD-2025-000138,SES-2025-005276,Credit Card,83.75,Successful,,2025-10-07 22:41:52
145,ORD-2025-000139,SES-2025-005279,Credit Card,51.28,Successful,,2025-11-14 03:37:24
146,ORD-2025-000140,SES-2025-005281,PayPal,155.24,Successful,,2025-07-06 14:48:03
147,ORD-2025-000141,SES-2025-005288,Credit Card,88.1,Successful,,2025-12-16 13:54:08
148,ORD-2025-000142,SES-2025-005316,Credit Card,90.93,Successful,,2025-10-25 15:56:39
149,ORD-2025-000143,SES-2025-005466,Credit Card,53.46,Successful,,2025-12-26 16:17:10
150,ORD-2025-000144,SES-2025-005482,Credit Card,51.28,Successful,,2025-08-10 09:29:13
151,ORD-2025-000145,SES-2025-005491,PayPal,119.05,Successful,,2025-12-12 20:21:52
152,ORD-2025-000146,SES-2025-005528,Credit Card,49.13,Successful,,2025-08-30 18:56:49
153,ORD-2025-000147,SES-2025-005540,Credit Card,44.8,Successful,,2025-12-11 18:11:44
154,ORD-2025-000148,SES-2025-005557,PayPal,85.52,Successful,,2025-10-22 04:48:52
155,ORD-2025-000149,SES-2025-005601,Debit Card,171.04,Successful,,2025-12-05 13:55:51
156,ORD-2025-000150,SES-2025-005691,PayPal,55.62,Successful,,2025-09-12 06:46:33
157,ORD-2025-000151,SES-2025-005740,Credit Card,86.59,Successful,,2025-11-06 23:54:44
158,ORD-2025-000152,SES-2025-005752,Credit Card,86.59,Successful,,2025-06-04 08:01:41
159,ORD-2025-000153,SES-2025-005766,Credit Card,160.21,Successful,,2025-07-31 00:36:59
160,ORD-2025-000154,SES-2025-005768,Credit Card,162.36,Successful,,2025-10-05 10:20:34
161,ORD-2025-000155,SES-2025-005886,PayPal,35.05,Successful,,2025-07-19 12:45:22
162,ORD-2025-000156,SES-2025-006083,Credit Card,55.15,Successful,,2025-08-14 08:31:08
163,ORD-2025-000157,SES-2025-006164,Apple Pay,31.81,Successful,,2025-11-19 20:01:28
164,ORD-2025-000158,SES-2025-006184,Credit Card,51.28,Successful,,2025-05-26 15:05:00
165,ORD-2025-000159,SES-2025-006217,Credit Card,31.81,Successful,,2025-04-06 13:44:22
166,ORD-2025-000160,SES-2025-006238,Credit Card,85.52,Successful,,2025-05-21 13:24:38
167,ORD-2025-000161,SES-2025-006242,PayPal,85.52,Successful,,2025-05-24 08:18:42
168,ORD-2025-000162,SES-2025-006290,Credit Card,142.46,Successful,,2025-12-18 05:15:37
169,,SES-2025-006332,Buy Now Pay Later,26.0,Failed,CREDIT_THRESHOLD_EXCEEDED,2025-01-18 03:46:17
170,ORD-2025-000163,SES-2025-006393,Debit Card,59.95,Successful,,2025-08-13 03:33:25
171,ORD-2025-000164,SES-2025-006420,PayPal,76.75,Successful,,2025-10-06 07:16:48
172,ORD-2025-000165,SES-2025-006493,Credit Card,86.59,Successful,,2025-06-12 15:38:40
173,ORD-2025-000166,SES-2025-006494,PayPal,77.27,Successful,,2025-11-05 13:44:22
174,ORD-2025-000167,SES-2025-006499,Debit Card,31.81,Successful,,2025-11-24 07:32:09
175,ORD-2025-000168,SES-2025-006514,Credit Card,49.13,Successful,,2025-12-15 19:21:19
176,ORD-2025-000169,SES-2025-006521,PayPal,57.11,Successful,,2025-12-28 14:16:16
177,ORD-2025-000170,SES-2025-006556,Credit Card,29.61,Successful,,2025-05-04 05:34:20
178,ORD-2025-000171,SES-2025-006606,Credit Card,102.84,Successful,,2025-04-23 04:44:50
179,ORD-2025-000172,SES-2025-006706,Debit Card,159.13,Successful,,2025-10-05 01:31:34
180,ORD-2025-000173,SES-2025-006761,Debit Card,55.15,Successful,,2025-11-14 13:24:55
181,ORD-2025-000174,SES-2025-006783,PayPal,77.27,Successful,,2025-12-12 14:35:18
182,ORD-2025-000175,SES-2025-006794,Credit Card,35.5,Successful,,2025-11-29 03:03:09
183,,SES-2025-006806,Apple Pay,147.0,Failed,DECLINED_BY_ISSUER,2025-09-30 22:16:46
184,ORD-2025-000176,SES-2025-006810,Credit Card,53.46,Successful,,2025-02-21 23:20:14
185,,SES-2025-006856,PayPal,22.0,Failed,DECLINED_BY_ISSUER,2025-06-29 05:56:16
186,ORD-2025-000177,SES-2025-006865,PayPal,44.8,Successful,,2025-10-18 11:00:41
187,ORD-2025-000178,SES-2025-006890,Credit Card,88.1,Successful,,2025-12-12 04:32:42
188,ORD-2025-000179,SES-2025-006897,Credit Card,42.63,Successful,,2025-01-05 23:21:58
189,ORD-2025-000180,SES-2025-006916,PayPal,85.52,Successful,,2025-09-28 01:56:17
190,ORD-2025-000181,SES-2025-006919,Credit Card,123.41,Successful,,2025-12-14 07:13:44
191,ORD-2025-000182,SES-2025-006922,Debit Card,31.81,Successful,,2025-02-22 06:17:25
192,ORD-2025-000183,SES-2025-006923,Credit Card,61.03,Successful,,2025-06-03 20:41:10
193,ORD-2025-000184,SES-2025-006969,PayPal,59.95,Successful,,2025-08-08 07:19:35
194,ORD-2025-000185,SES-2025-006992,Buy Now Pay Later,96.34,Successful,,2025-04-15 04:06:52
195,ORD-2025-000186,SES-2025-007039,Credit Card,97.41,Successful,,2025-12-11 12:16:20
196,ORD-2025-000187,SES-2025-007110,Credit Card,67.52,Successful,,2025-12-30 17:55:06
197,ORD-2025-000188,SES-2025-007122,Apple Pay,83.75,Successful,,2025-12-29 21:08:57
198,ORD-2025-000189,SES-2025-007127,Credit Card,55.15,Successful,,2025-01-16 01:44:04
199,ORD-2025-000190,SES-2025-007139,Debit Card,49.13,Successful,,2025-09-07 06:49:27
200,,SES-2025-007248,Apple Pay,85.0,Failed,DECLINED_BY_ISSUER,2025-08-31 12:37:07
201,ORD-2025-000191,SES-2025-007254,Debit Card,56.13,Successful,,2025-11-23 23:55:25
202,ORD-2025-000192,SES-2025-007272,Credit Card,151.53,Successful,,2025-06-17 06:06:54
203,ORD-2025-000193,SES-2025-007296,Apple Pay,77.27,Successful,,2025-09-16 14:48:48
204,ORD-2025-000194,SES-2025-007310,Credit Card,102.84,Successful,,2025-12-12 21:15:20
205,ORD-2025-000195,SES-2025-007316,PayPal,90.93,Successful,,2025-11-12 15:10:55
206,ORD-2025-000196,SES-2025-007322,Debit Card,55.62,Successful,,2025-05-05 23:07:17
207,ORD-2025-000197,SES-2025-007403,Credit Card,324.74,Successful,,2025-05-12 15:50:46
208,ORD-2025-000198,SES-2025-007479,Debit Card,136.4,Successful,,2025-11-11 06:37:19
209,ORD-2025-000199,SES-2025-007492,Credit Card,55.15,Successful,,2025-12-28 13:30:18
210,ORD-2025-000200,SES-2025-007501,PayPal,38.3,Successful,,2025-12-24 11:38:30
211,ORD-2025-000201,SES-2025-007530,Credit Card,53.46,Successful,,2025-12-26 21:06:31
212,,SES-2025-007568,Debit Card,24.0,Failed,DECLINED_BY_ISSUER,2025-11-05 06:14:52
213,ORD-2025-000202,SES-2025-007695,PayPal,92.01,Successful,,2025-12-21 12:49:23
214,ORD-2025-000203,SES-2025-007752,Credit Card,33.97,Successful,,2025-09-06 18:01:01
215,ORD-2025-000204,SES-2025-007768,Credit Card,162.36,Successful,,2025-01-30 02:33:10
216,ORD-2025-000205,SES-2025-007774,Buy Now Pay Later,39.38,Successful,,2025-12-13 04:50:58
217,ORD-2025-000206,SES-2025-007791,Debit Card,81.6,Successful,,2025-07-28 23:09:33
218,ORD-2025-000207,SES-2025-007794,Credit Card,38.3,Successful,,2025-10-19 18:24:04
219,ORD-2025-000208,SES-2025-007854,Credit Card,289.03,Successful,,2025-12-08 23:45:23
220,ORD-2025-000209,SES-2025-007878,Apple Pay,49.26,Successful,,2025-12-18 11:21:42
221,ORD-2025-000210,SES-2025-007879,Credit Card,33.97,Successful,,2025-04-23 12:06:42
222,ORD-2025-000211,SES-2025-007905,Credit Card,184.03,Successful,,2025-06-06 12:39:41
223,ORD-2025-000212,SES-2025-007960,Credit Card,31.81,Successful,,2025-06-21 23:31:01
224,ORD-2025-000213,SES-2025-007974,Credit Card,72.84,Successful,,2025-06-28 13:27:56
225,ORD-2025-000214,SES-2025-008042,Debit Card,88.1,Successful,,2025-08-09 05:44:09
226,ORD-2025-000215,SES-2025-008181,PayPal,147.36,Successful,,2025-11-29 05:13:22
227,ORD-2025-000216,SES-2025-008225,Buy Now Pay Later,88.1,Successful,,2025-05-29 23:33:23
228,ORD-2025-000217,SES-2025-008259,Debit Card,82.27,Successful,,2025-04-23 10:28:22
229,ORD-2025-000218,SES-2025-008312,Credit Card,171.04,Successful,,2025-12-28 20:43:24
230,ORD-2025-000219,SES-2025-008326,Credit Card,92.01,Successful,,2025-09-15 18:47:04
231,ORD-2025-000220,SES-2025-008328,PayPal,38.3,Successful,,2025-08-01 10:17:29
232,ORD-2025-000221,SES-2025-008337,Credit Card,44.8,Successful,,2025-12-20 18:47:43
233,ORD-2025-000222,SES-2025-008347,Debit Card,61.03,Successful,,2025-12-15 06:29:34
234,ORD-2025-000223,SES-2025-008378,Buy Now Pay Later,81.6,Successful,,2025-11-07 10:27:00
235,ORD-2025-000224,SES-2025-008418,PayPal,33.97,Successful,,2025-10-10 10:32:29
236,ORD-2025-000225,SES-2025-008443,Credit Card,377.79,Successful,,2025-01-02 02:04:53
237,ORD-2025-000226,SES-2025-008530,Credit Card,67.52,Successful,,2025-12-24 20:43:20
238,ORD-2025-000227,SES-2025-008543,Buy Now Pay Later,36.14,Successful,,2025-09-14 15:21:00
239,ORD-2025-000228,SES-2025-008572,Debit Card,55.62,Successful,,2025-01-11 23:50:09
240,,SES-2025-008649,PayPal,44.0,Failed,DECLINED_BY_ISSUER,2025-06-26 10:05:34
241,ORD-2025-000229,SES-2025-008770,Debit Card,38.3,Successful,,2025-12-20 11:38:39
242,ORD-2025-000230,SES-2025-008808,PayPal,487.09,Successful,,2025-08-25 01:03:37
243,ORD-2025-000231,SES-2025-008878,PayPal,83.75,Successful,,2025-12-08 23:59:50
244,ORD-2025-000232,SES-2025-008991,Debit Card,59.95,Successful,,2025-03-27 11:11:21
245,ORD-2025-000233,SES-2025-009014,Credit Card,55.62,Successful,,2025-10-18 13:51:45
246,ORD-2025-000234,SES-2025-009069,PayPal,324.74,Successful,,2025-08-03 13:49:00
247,ORD-2025-000235,SES-2025-009089,Credit Card,156.96,Successful,,2025-11-23 01:04:15
248,ORD-2025-000236,SES-2025-009099,Apple Pay,31.81,Successful,,2025-07-14 17:56:57
249,ORD-2025-000237,SES-2025-009127,Debit Card,42.63,Successful,,2025-10-03 10:20:59
250,,SES-2025-009164,Debit Card,89.99,Failed,DECLINED_BY_ISSUER,2025-10-02 10:51:44
251,ORD-2025-000238,SES-2025-009256,Credit Card,38.3,Successful,,2025-02-04 17:26:51
252,ORD-2025-000239,SES-2025-009266,Credit Card,51.28,Successful,,2025-05-31 06:14:54
253,ORD-2025-000240,SES-2025-009278,Credit Card,59.95,Successful,,2025-03-02 06:50:28
254,ORD-2025-000241,SES-2025-009349,Apple Pay,96.34,Successful,,2025-09-01 09:47:56
255,ORD-2025-000242,SES-2025-009386,PayPal,33.97,Successful,,2025-11-17 19:48:57
256,ORD-2025-000243,SES-2025-009401,PayPal,83.75,Successful,,2025-08-21 17:26:40
257,ORD-2025-000244,SES-2025-009434,Apple Pay,377.79,Successful,,2025-10-28 14:25:37
258,ORD-2025-000245,SES-2025-009496,PayPal,377.79,Successful,,2025-02-23 09:28:40
259,ORD-2025-000246,SES-2025-009503,PayPal,95.26,Successful,,2025-11-24 05:28:14
260,ORD-2025-000247,SES-2025-009637,Credit Card,62.11,Successful,,2025-08-20 16:16:29
261,ORD-2025-000248,SES-2025-009642,PayPal,53.46,Successful,,2025-06-13 09:33:35
262,ORD-2025-000249,SES-2025-009656,Apple Pay,85.52,Successful,,2025-09-01 01:21:26
263,ORD-2025-000250,SES-2025-009681,Credit Card,88.1,Successful,,2025-12-28 06:30:00
264,ORD-2025-000251,SES-2025-009755,Apple Pay,64.28,Successful,,2025-11-08 14:31:33
265,ORD-2025-000252,SES-2025-009803,Credit Card,97.41,Successful,,2025-12-13 04:20:38
266,ORD-2025-000253,SES-2025-009817,Debit Card,49.13,Successful,,2025-12-13 03:42:33
267,ORD-2025-000254,SES-2025-009836,PayPal,85.52,Successful,,2025-05-25 14:48:52
268,,SES-2025-009938,Buy Now Pay Later,149.99,Failed,CREDIT_THRESHOLD_EXCEEDED,2025-04-29 22:30:06
269,ORD-2025-000255,SES-2025-009992,Debit Card,97.41,Successful,,2025-12-22 09:52:16
270,ORD-2025-000256,SES-2025-010057,Credit Card,156.96,Successful,,2025-10-31 08:49:39
271,ORD-2025-000257,SES-2025-010059,Credit Card,77.62,Successful,,2025-11-25 02:05:30
272,ORD-2025-000258,SES-2025-010088,Credit Card,39.38,Successful,,2025-04-13 03:40:59
273,ORD-2025-000259,SES-2025-010145,Credit Card,171.04,Successful,,2025-08-06 11:04:37
274,ORD-2025-000260,SES-2025-010146,Credit Card,35.05,Successful,,2025-11-09 13:21:32
275,ORD-2025-000261,SES-2025-010221,Debit Card,35.05,Successful,,2025-09-11 17:27:06
276,ORD-2025-000262,SES-2025-010467,PayPal,96.34,Successful,,2025-06-26 23:54:03
277,ORD-2025-000263,SES-2025-010645,PayPal,38.3,Successful,,2025-05-16 19:39:22
278,ORD-2025-000264,SES-2025-010677,Apple Pay,36.14,Successful,,2025-12-27 14:43:18
279,ORD-2025-000265,SES-2025-010768,Credit Card,62.1,Successful,,2025-10-22 23:31:52
280,ORD-2025-000266,SES-2025-010803,PayPal,96.34,Successful,,2025-12-26 11:44:12
281,ORD-2025-000267,SES-2025-010972,Buy Now Pay Later,119.08,Successful,,2025-11-28 08:42:43
282,ORD-2025-000268,SES-2025-010974,Credit Card,85.52,Successful,,2025-06-24 04:42:42
283,ORD-2025-000269,SES-2025-010979,Debit Card,38.3,Successful,,2025-08-07 03:46:21
284,ORD-2025-000270,SES-2025-011016,Credit Card,156.96,Successful,,2025-05-11 10:41:20
285,ORD-2025-000271,SES-2025-011019,Buy Now Pay Later,38.3,Successful,,2025-12-11 07:48:40
286,ORD-2025-000272,SES-2025-011045,Apple Pay,256.55,Successful,,2025-11-10 16:25:31
287,ORD-2025-000273,SES-2025-011057,Apple Pay,192.69,Successful,,2025-09-16 05:03:33
288,ORD-2025-000274,SES-2025-011121,PayPal,88.1,Successful,,2025-08-03 00:34:24
289,ORD-2025-000275,SES-2025-011148,Buy Now Pay Later,86.59,Successful,,2025-12-11 18:20:15
290,ORD-2025-000276,SES-2025-011176,Credit Card,33.54,Successful,,2025-06-03 20:53:01
291,ORD-2025-000277,SES-2025-011184,Buy Now Pay Later,59.95,Successful,,2025-12-16 22:24:47
292,ORD-2025-000278,SES-2025-011241,Credit Card,38.3,Successful,,2025-12-22 01:42:28
293,ORD-2025-000279,SES-2025-011269,Buy Now Pay Later,44.8,Successful,,2025-08-17 19:13:59
294,ORD-2025-000280,SES-2025-011311,PayPal,96.34,Successful,,2025-12-22 06:52:30
295,ORD-2025-000281,SES-2025-011394,Apple Pay,88.1,Successful,,2025-11-15 02:42:53
296,ORD-2025-000282,SES-2025-011399,PayPal,85.52,Successful,,2025-12-27 05:57:54
297,ORD-2025-000283,SES-2025-011434,Credit Card,81.6,Successful,,2025-02-24 06:14:51
298,ORD-2025-000284,SES-2025-011554,PayPal,162.36,Successful,,2025-12-07 11:28:10
299,ORD-2025-000285,SES-2025-011600,Debit Card,487.09,Successful,,2025-08-07 22:25:55
300,ORD-2025-000286,SES-2025-011704,Credit Card,64.28,Successful,,2025-05-11 06:35:54
301,ORD-2025-000287,SES-2025-011816,Debit Card,49.13,Successful,,2025-05-28 15:00:10
302,ORD-2025-000288,SES-2025-011838,PayPal,62.1,Successful,,2025-12-11 13:13:06
303,ORD-2025-000289,SES-2025-011920,Credit Card,96.34,Successful,,2025-09-13 22:13:52
304,,SES-2025-011964,Buy Now Pay Later,24.0,Failed,CREDIT_THRESHOLD_EXCEEDED,2025-11-30 14:41:32
305,ORD-2025-000290,SES-2025-012006,Debit Card,44.8,Successful,,2025-10-10 21:48:41
306,ORD-2025-000291,SES-2025-012120,Credit Card,81.6,Successful,,2025-10-08 16:23:08
307,ORD-2025-000292,SES-2025-012199,Debit Card,44.8,Successful,,2025-12-25 17:09:08
308,ORD-2025-000293,SES-2025-012212,Debit Card,55.62,Successful,,2025-12-05 19:20:32
309,ORD-2025-000294,SES-2025-012213,Credit Card,86.58,Successful,,2025-12-25 22:23:39
310,ORD-2025-000295,SES-2025-012246,Debit Card,173.18,Successful,,2025-01-18 22:28:06
311,ORD-2025-000296,SES-2025-012301,Debit Card,62.1,Successful,,2025-08-31 12:59:54
312,ORD-2025-000297,SES-2025-012326,Credit Card,95.26,Successful,,2025-08-03 14:32:47
313,ORD-2025-000298,SES-2025-012335,Debit Card,108.23,Successful,,2025-12-25 08:21:33
314,ORD-2025-000299,SES-2025-012342,Credit Card,119.08,Successful,,2025-12-10 05:51:29
315,ORD-2025-000300,SES-2025-012346,Credit Card,81.6,Successful,,2025-02-06 23:56:07
316,ORD-2025-000301,SES-2025-012393,Debit Card,77.62,Successful,,2025-09-17 13:57:45
317,ORD-2025-000302,SES-2025-012394,Apple Pay,97.41,Successful,,2025-10-12 12:17:22
318,ORD-2025-000303,SES-2025-012399,Credit Card,82.53,Successful,,2025-04-30 03:17:36
319,ORD-2025-000304,SES-2025-012411,PayPal,55.62,Successful,,2025-10-29 20:23:32
320,ORD-2025-000305,SES-2025-012465,Apple Pay,108.23,Successful,,2025-06-25 04:19:39
321,ORD-2025-000306,SES-2025-012490,Credit Card,147.22,Successful,,2025-04-26 23:46:17
322,ORD-2025-000307,SES-2025-012553,PayPal,88.1,Successful,,2025-10-01 22:57:32
323,ORD-2025-000308,SES-2025-012566,Credit Card,38.3,Successful,,2025-04-09 00:37:40
324,ORD-2025-000309,SES-2025-012580,Credit Card,88.1,Successful,,2025-09-12 01:11:12
325,ORD-2025-000310,SES-2025-012585,Debit Card,80.7,Successful,,2025-10-03 01:20:58
326,ORD-2025-000311,SES-2025-012664,Debit Card,59.95,Successful,,2025-12-07 20:41:38
327,,SES-2025-012718,Credit Card,24.0,Failed,DECLINED_BY_ISSUER,2025-12-10 06:46:44
328,ORD-2025-000312,SES-2025-012730,Debit Card,55.62,Successful,,2025-12-29 21:13:40
329,ORD-2025-000313,SES-2025-012737,Buy Now Pay Later,85.52,Successful,,2025-06-13 05:26:09
330,ORD-2025-000314,SES-2025-012765,PayPal,77.62,Successful,,2025-11-07 04:14:39
331,ORD-2025-000315,SES-2025-012789,Buy Now Pay Later,86.58,Successful,,2025-03-17 12:34:04
332,ORD-2025-000316,SES-2025-012848,Credit Card,93.34,Successful,,2025-12-22 21:52:11
333,ORD-2025-000317,SES-2025-012872,Debit Card,39.43,Successful,,2025-11-20 10:11:59
334,ORD-2025-000318,SES-2025-012916,PayPal,36.14,Successful,,2025-10-27 16:51:59
335,ORD-2025-000319,SES-2025-012924,Debit Card,67.52,Successful,,2025-04-25 17:30:00
336,ORD-2025-000320,SES-2025-012968,Buy Now Pay Later,53.46,Successful,,2025-11-03 08:43:51
337,ORD-2025-000321,SES-2025-013079,Credit Card,649.48,Successful,,2025-12-16 21:51:01
338,ORD-2025-000322,SES-2025-013084,Credit Card,67.52,Successful,,2025-05-28 06:02:30
339,ORD-2025-000323,SES-2025-013086,PayPal,755.59,Successful,,2025-09-05 11:16:26
340,ORD-2025-000324,SES-2025-013156,PayPal,59.95,Successful,,2025-11-19 14:57:17
341,,SES-2025-013159,Credit Card,34.0,Failed,DECLINED_BY_ISSUER,2025-07-02 17:11:12
342,ORD-2025-000325,SES-2025-013174,Credit Card,82.53,Successful,,2025-09-14 06:08:43
343,ORD-2025-000326,SES-2025-013285,Credit Card,108.23,Successful,,2025-11-14 12:42:25
344,ORD-2025-000327,SES-2025-013310,Debit Card,88.41,Successful,,2025-10-10 07:44:24
345,ORD-2025-000328,SES-2025-013313,Credit Card,83.75,Successful,,2025-11-16 02:44:43
346,ORD-2025-000329,SES-2025-013362,Credit Card,119.08,Successful,,2025-05-22 04:01:22
347,ORD-2025-000330,SES-2025-013369,PayPal,33.97,Successful,,2025-11-09 22:43:06
348,ORD-2025-000331,SES-2025-013377,PayPal,61.03,Successful,,2025-10-23 06:07:17
349,ORD-2025-000332,SES-2025-013393,Credit Card,96.34,Successful,,2025-06-05 20:00:21
350,ORD-2025-000333,SES-2025-013425,Debit Card,38.3,Successful,,2025-02-22 20:43:04
351,ORD-2025-000334,SES-2025-013431,Apple Pay,156.96,Successful,,2025-08-05 16:57:20
352,ORD-2025-000335,SES-2025-013438,Apple Pay,194.83,Successful,,2025-10-02 14:59:57
353,ORD-2025-000336,SES-2025-013469,Debit Card,377.79,Successful,,2025-07-19 11:18:21
354,ORD-2025-000337,SES-2025-013543,Credit Card,171.04,Successful,,2025-03-03 05:34:33
355,ORD-2025-000338,SES-2025-013551,PayPal,92.01,Successful,,2025-01-31 22:35:37
356,ORD-2025-000339,SES-2025-013560,Credit Card,88.1,Successful,,2025-05-14 22:20:37
357,ORD-2025-000340,SES-2025-013578,Apple Pay,377.79,Successful,,2025-12-22 18:20:41
358,ORD-2025-000341,SES-2025-013587,Credit Card,88.1,Successful,,2025-10-14 10:37:46
359,ORD-2025-000342,SES-2025-013633,Debit Card,119.05,Successful,,2025-06-11 08:19:48
360,ORD-2025-000343,SES-2025-013773,Buy Now Pay Later,156.96,Successful,,2025-11-09 08:06:13
361,ORD-2025-000344,SES-2025-013777,Credit Card,80.7,Successful,,2025-08-26 22:48:58
362,ORD-2025-000345,SES-2025-013897,Debit Card,313.93,Successful,,2025-11-08 11:11:53
363,ORD-2025-000346,SES-2025-013949,PayPal,62.1,Successful,,2025-02-17 12:17:32
364,ORD-2025-000347,SES-2025-014014,Credit Card,31.81,Successful,,2025-09-17 23:38:16
365,ORD-2025-000348,SES-2025-014051,Debit Card,470.89,Successful,,2025-03-05 22:32:02
366,ORD-2025-000349,SES-2025-014055,PayPal,96.34,Successful,,2025-05-14 09:02:25
367,ORD-2025-000350,SES-2025-014059,Credit Card,324.74,Successful,,2025-11-28 16:17:15
368,ORD-2025-000351,SES-2025-014080,Credit Card,51.28,Successful,,2025-03-29 17:29:55
369,,SES-2025-014125,Credit Card,110.0,Failed,DECLINED_BY_ISSUER,2025-12-18 08:51:13
370,ORD-2025-000352,SES-2025-014147,Apple Pay,35.05,Successful,,2025-02-07 15:04:40
371,ORD-2025-000353,SES-2025-014172,PayPal,276.04,Successful,,2025-02-06 14:27:18
372,ORD-2025-000354,SES-2025-014177,Debit Card,129.87,Successful,,2025-10-25 17:04:40
373,ORD-2025-000355,SES-2025-014235,Credit Card,156.96,Successful,,2025-01-02 12:33:22
374,ORD-2025-000356,SES-2025-014270,Apple Pay,86.59,Successful,,2025-12-11 14:43:53
375,ORD-2025-000357,SES-2025-014294,PayPal,194.83,Successful,,2025-10-29 17:28:01
376,ORD-2025-000358,SES-2025-014316,PayPal,80.7,Successful,,2025-12-07 00:22:30
377,ORD-2025-000359,SES-2025-014351,Credit Card,97.41,Successful,,2025-12-14 20:25:59
378,,SES-2025-014406,Buy Now Pay Later,110.0,Failed,CREDIT_THRESHOLD_EXCEEDED,2025-10-02 02:43:11
379,ORD-2025-000360,SES-2025-014428,Credit Card,81.6,Successful,,2025-12-30 13:40:16
380,ORD-2025-000361,SES-2025-014441,Credit Card,96.34,Successful,,2025-11-28 17:53:30
381,ORD-2025-000362,SES-2025-014444,Credit Card,102.84,Successful,,2025-12-28 01:05:02
382,ORD-2025-000363,SES-2025-014465,Credit Card,51.28,Successful,,2025-11-08 15:44:43
383,ORD-2025-000364,SES-2025-014477,Credit Card,62.11,Successful,,2025-11-28 05:34:52
384,ORD-2025-000365,SES-2025-014514,Credit Card,90.93,Successful,,2025-04-26 12:32:04
385,ORD-2025-000366,SES-2025-014625,PayPal,35.05,Successful,,2025-12-28 13:11:19
386,ORD-2025-000367,SES-2025-014626,Credit Card,33.97,Successful,,2025-12-22 19:30:45
387,ORD-2025-000368,SES-2025-014686,Credit Card,39.43,Successful,,2025-12-15 12:43:49
388,ORD-2025-000369,SES-2025-014747,Buy Now Pay Later,51.28,Successful,,2025-12-23 23:35:58
389,ORD-2025-000370,SES-2025-014767,Debit Card,173.18,Successful,,2025-08-05 08:29:23
390,ORD-2025-000371,SES-2025-014797,Credit Card,85.52,Successful,,2025-06-18 17:00:02
391,ORD-2025-000372,SES-2025-014843,Credit Card,68.61,Successful,,2025-05-06 12:51:57
392,ORD-2025-000373,SES-2025-014846,Debit Card,49.13,Successful,,2025-05-15 16:05:32
393,ORD-2025-000374,SES-2025-014909,PayPal,81.6,Successful,,2025-12-28 11:47:45
394,ORD-2025-000375,SES-2025-014946,Debit Card,119.08,Successful,,2025-04-12 11:17:05
395,ORD-2025-000376,SES-2025-014969,Apple Pay,44.8,Successful,,2025-06-16 13:03:13
396,ORD-2025-000377,SES-2025-015007,Credit Card,96.29,Successful,,2025-11-27 20:22:41
397,ORD-2025-000378,SES-2025-015031,Buy Now Pay Later,38.3,Successful,,2025-09-15 16:21:12
398,ORD-2025-000379,SES-2025-015077,PayPal,38.3,Successful,,2025-12-14 10:47:26
399,ORD-2025-000380,SES-2025-015088,Debit Card,142.46,Successful,,2025-05-25 15:10:41
400,ORD-2025-000381,SES-2025-015094,PayPal,78.59,Successful,,2025-05-12 06:09:44
401,ORD-2025-000382,SES-2025-015201,Credit Card,61.03,Successful,,2025-07-07 00:02:05
402,ORD-2025-000383,SES-2025-015206,PayPal,35.5,Successful,,2025-03-21 23:58:25
403,ORD-2025-000384,SES-2025-015222,Credit Card,31.81,Successful,,2025-03-17 07:15:21
404,ORD-2025-000385,SES-2025-015225,PayPal,81.6,Successful,,2025-10-01 01:15:12
405,ORD-2025-000386,SES-2025-015284,Credit Card,36.14,Successful,,2025-10-25 14:42:25
406,ORD-2025-000387,SES-2025-015290,PayPal,119.08,Successful,,2025-04-21 10:55:50
407,ORD-2025-000388,SES-2025-015369,PayPal,79.44,Successful,,2025-04-23 00:24:06
408,ORD-2025-000389,SES-2025-015375,Apple Pay,119.08,Successful,,2025-03-29 02:43:42
409,,SES-2025-015404,Credit Card,38.0,Failed,DECLINED_BY_ISSUER,2025-04-01 05:19:59
410,ORD-2025-000390,SES-2025-015517,PayPal,53.46,Successful,,2025-03-09 18:15:56
411,ORD-2025-000391,SES-2025-015545,Credit Card,93.34,Successful,,2025-12-09 04:57:40
412,ORD-2025-000392,SES-2025-015581,PayPal,85.93,Successful,,2025-12-03 00:31:13
413,ORD-2025-000393,SES-2025-015609,Credit Card,160.21,Successful,,2025-06-11 04:15:46
414,ORD-2025-000394,SES-2025-015616,PayPal,119.08,Successful,,2025-11-19 02:49:40
415,ORD-2025-000395,SES-2025-015689,Apple Pay,232.85,Successful,,2025-03-02 22:53:06
416,ORD-2025-000396,SES-2025-015700,Credit Card,470.89,Successful,,2025-07-10 04:08:52
417,ORD-2025-000397,SES-2025-015741,Apple Pay,95.26,Successful,,2025-03-14 19:38:31
418,ORD-2025-000398,SES-2025-015750,Credit Card,103.92,Successful,,2025-12-15 07:19:23
419,ORD-2025-000399,SES-2025-015755,Credit Card,59.95,Successful,,2025-08-05 23:30:48
420,ORD-2025-000400,SES-2025-015800,Apple Pay,59.95,Successful,,2025-10-02 18:00:46
421,ORD-2025-000401,SES-2025-015836,Credit Card,79.44,Successful,,2025-05-27 15:03:56
422,ORD-2025-000402,SES-2025-015845,Credit Card,83.75,Successful,,2025-12-21 17:33:07
423,ORD-2025-000403,SES-2025-015854,Credit Card,96.34,Successful,,2025-12-02 11:06:18
424,ORD-2025-000404,SES-2025-015863,Apple Pay,289.03,Successful,,2025-05-09 20:29:52
425,ORD-2025-000405,SES-2025-015890,Debit Card,67.52,Successful,,2025-10-21 11:47:11
426,ORD-2025-000406,SES-2025-015928,Apple Pay,49.13,Successful,,2025-08-25 17:53:50
427,ORD-2025-000407,SES-2025-015940,Credit Card,56.13,Successful,,2025-12-22 19:49:48
428,ORD-2025-000408,SES-2025-015960,Debit Card,119.08,Successful,,2025-12-26 08:13:10
429,ORD-2025-000409,SES-2025-015971,Credit Card,78.58,Successful,,2025-12-31 07:15:58
430,ORD-2025-000410,SES-2025-016059,Debit Card,259.77,Successful,,2025-10-24 14:18:19
431,ORD-2025-000411,SES-2025-016071,PayPal,142.46,Successful,,2025-09-06 07:39:48
432,ORD-2025-000412,SES-2025-016120,Credit Card,39.43,Successful,,2025-12-16 21:03:49
433,ORD-2025-000413,SES-2025-016150,Credit Card,38.3,Successful,,2025-10-09 23:00:47
434,ORD-2025-000414,SES-2025-016159,Credit Card,83.51,Successful,,2025-12-29 14:05:43
435,ORD-2025-000415,SES-2025-016217,Debit Card,156.96,Successful,,2025-02-11 03:39:21
436,ORD-2025-000416,SES-2025-016223,Debit Card,59.95,Successful,,2025-10-04 03:52:38
437,,SES-2025-016241,Apple Pay,84.0,Failed,DECLINED_BY_ISSUER,2025-08-05 06:30:48
438,ORD-2025-000417,SES-2025-016257,Credit Card,39.38,Successful,,2025-11-28 02:15:56
439,ORD-2025-000418,SES-2025-016339,Buy Now Pay Later,55.62,Successful,,2025-09-08 04:26:11
440,ORD-2025-000419,SES-2025-016426,Credit Card,377.79,Successful,,2025-08-25 03:35:51
441,ORD-2025-000420,SES-2025-016437,PayPal,162.36,Successful,,2025-10-13 14:06:45
442,ORD-2025-000421,SES-2025-016444,PayPal,39.38,Successful,,2025-09-09 19:31:17
443,ORD-2025-000422,SES-2025-016500,Credit Card,86.59,Successful,,2025-12-05 18:46:29
444,ORD-2025-000423,SES-2025-016508,Debit Card,85.52,Successful,,2025-12-10 04:39:10
445,ORD-2025-000424,SES-2025-016605,Apple Pay,68.61,Successful,,2025-12-04 20:35:32
446,ORD-2025-000425,SES-2025-016626,Credit Card,55.62,Successful,,2025-09-27 18:50:45
447,ORD-2025-000426,SES-2025-016631,PayPal,67.52,Successful,,2025-03-22 01:47:36
448,ORD-2025-000427,SES-2025-016670,Apple Pay,33.97,Successful,,2025-10-27 03:27:03
449,,SES-2025-016712,Credit Card,39.99,Failed,DECLINED_BY_ISSUER,2025-12-28 14:41:27
450,ORD-2025-000428,SES-2025-016714,Buy Now Pay Later,51.28,Successful,,2025-12-11 06:25:03
451,ORD-2025-000429,SES-2025-016723,Debit Card,87.44,Successful,,2025-11-16 01:58:14
452,ORD-2025-000430,SES-2025-016731,Credit Card,36.14,Successful,,2025-05-20 07:25:21
453,ORD-2025-000431,SES-2025-016765,Credit Card,33.97,Successful,,2025-02-02 19:46:38
454,ORD-2025-000432,SES-2025-016797,Apple Pay,39.38,Successful,,2025-10-17 09:20:53
455,ORD-2025-000433,SES-2025-016804,Debit Card,755.59,Successful,,2025-12-25 05:27:09
456,ORD-2025-000434,SES-2025-016818,Credit Card,49.13,Successful,,2025-12-25 05:20:03
457,ORD-2025-000435,SES-2025-016853,PayPal,77.62,Successful,,2025-05-10 22:42:31
458,ORD-2025-000436,SES-2025-016857,Debit Card,96.34,Successful,,2025-04-08 04:50:25
459,ORD-2025-000437,SES-2025-017011,Debit Card,74.8,Successful,,2025-01-09 10:31:26
460,ORD-2025-000438,SES-2025-017030,Debit Card,47.28,Successful,,2025-08-06 21:36:43
461,ORD-2025-000439,SES-2025-017052,Buy Now Pay Later,83.75,Successful,,2025-07-02 19:49:49
462,ORD-2025-000440,SES-2025-017118,Credit Card,377.79,Successful,,2025-06-08 18:09:07
463,,SES-2025-017119,Credit Card,22.0,Failed,DECLINED_BY_ISSUER,2025-12-18 18:32:01
464,ORD-2025-000441,SES-2025-017147,Credit Card,44.8,Successful,,2025-12-09 17:15:41
465,ORD-2025-000442,SES-2025-017206,Credit Card,31.81,Successful,,2025-07-06 08:37:43
466,ORD-2025-000443,SES-2025-017258,Credit Card,377.79,Successful,,2025-12-25 20:58:41
467,ORD-2025-000444,SES-2025-017272,PayPal,67.52,Successful,,2025-08-21 21:03:14
468,,SES-2025-017291,Credit Card,50.0,Failed,DECLINED_BY_ISSUER,2025-10-31 17:56:05
469,ORD-2025-000445,SES-2025-017306,Buy Now Pay Later,324.73,Successful,,2025-09-27 16:33:48
470,ORD-2025-000446,SES-2025-017340,Buy Now Pay Later,92.01,Successful,,2025-06-10 06:49:40
471,ORD-2025-000447,SES-2025-017342,Buy Now Pay Later,61.03,Successful,,2025-07-03 06:56:24
472,ORD-2025-000448,SES-2025-017364,PayPal,44.8,Successful,,2025-11-14 10:51:18
473,ORD-2025-000449,SES-2025-017366,Debit Card,85.52,Successful,,2025-09-25 03:05:19
474,ORD-2025-000450,SES-2025-017453,Credit Card,35.05,Successful,,2025-12-18 22:00:56
475,ORD-2025-000451,SES-2025-017496,PayPal,36.14,Successful,,2025-04-12 20:05:19
476,,SES-2025-017504,PayPal,49.99,Failed,DECLINED_BY_ISSUER,2025-11-18 18:48:41
477,ORD-2025-000452,SES-2025-017550,Credit Card,81.6,Successful,,2025-11-08 12:59:43
478,ORD-2025-000453,SES-2025-017558,Credit Card,108.08,Successful,,2025-12-27 12:17:12
479,ORD-2025-000454,SES-2025-017586,Apple Pay,289.03,Successful,,2025-12-25 13:36:48
480,ORD-2025-000455,SES-2025-017603,Credit Card,95.26,Successful,,2025-07-27 03:15:19
481,ORD-2025-000456,SES-2025-017606,Debit Card,81.6,Successful,,2025-10-31 15:29:07
482,ORD-2025-000457,SES-2025-017635,Credit Card,44.8,Successful,,2025-08-05 02:48:45
483,,SES-2025-017678,PayPal,34.0,Failed,DECLINED_BY_ISSUER,2025-05-02 20:53:48
484,ORD-2025-000458,SES-2025-017692,Credit Card,77.27,Successful,,2025-04-09 19:55:52
485,ORD-2025-000459,SES-2025-017767,Credit Card,589.48,Successful,,2025-09-07 07:34:12
486,ORD-2025-000460,SES-2025-017811,Debit Card,103.92,Successful,,2025-01-29 11:17:02
487,ORD-2025-000461,SES-2025-017812,Credit Card,36.14,Successful,,2025-04-24 15:41:50
488,ORD-2025-000462,SES-2025-017856,Apple Pay,38.3,Successful,,2025-12-19 10:35:54
489,ORD-2025-000463,SES-2025-017862,Credit Card,61.03,Successful,,2025-12-15 21:29:09
490,ORD-2025-000464,SES-2025-017955,Debit Card,74.8,Successful,,2025-10-08 18:08:26
491,ORD-2025-000465,SES-2025-017958,Apple Pay,98.23,Successful,,2025-09-26 07:52:36
492,ORD-2025-000466,SES-2025-017971,Debit Card,55.62,Successful,,2025-02-21 09:11:54
493,ORD-2025-000467,SES-2025-018109,Credit Card,42.63,Successful,,2025-02-01 03:23:37
494,ORD-2025-000468,SES-2025-018120,Credit Card,77.27,Successful,,2025-09-17 05:22:56
495,ORD-2025-000469,SES-2025-018345,Credit Card,55.15,Successful,,2025-08-04 14:48:09
496,ORD-2025-000470,SES-2025-018347,Credit Card,38.3,Successful,,2025-12-28 21:09:09
497,ORD-2025-000471,SES-2025-018352,Credit Card,55.62,Successful,,2025-04-29 18:48:13
498,ORD-2025-000472,SES-2025-018397,Credit Card,39.43,Successful,,2025-11-07 01:15:51
499,ORD-2025-000473,SES-2025-018542,Credit Card,53.46,Successful,,2025-04-08 01:21:31
500,ORD-2025-000474,SES-2025-018548,Buy Now Pay Later,88.1,Successful,,2025-11-24 23:18:37
501,ORD-2025-000475,SES-2025-018574,PayPal,92.01,Successful,,2025-09-28 15:27:30
502,ORD-2025-000476,SES-2025-018578,Apple Pay,119.08,Successful,,2025-12-22 00:58:39
503,ORD-2025-000477,SES-2025-018647,PayPal,90.93,Successful,,2025-09-15 19:20:03
504,ORD-2025-000478,SES-2025-018879,Credit Card,102.84,Successful,,2025-12-17 08:22:25
505,ORD-2025-000479,SES-2025-018930,Credit Card,324.74,Successful,,2025-06-12 11:20:09
506,ORD-2025-000480,SES-2025-019012,Credit Card,67.52,Successful,,2025-08-06 10:26:27
507,ORD-2025-000481,SES-2025-019025,PayPal,62.1,Successful,,2025-09-24 08:16:47
508,ORD-2025-000482,SES-2025-019028,Debit Card,85.52,Successful,,2025-07-22 18:16:33
509,ORD-2025-000483,SES-2025-019065,Credit Card,36.48,Successful,,2025-12-16 10:17:11
510,,SES-2025-019104,Debit Card,25.0,Failed,DECLINED_BY_ISSUER,2025-12-29 19:10:44
511,ORD-2025-000484,SES-2025-019164,Credit Card,74.8,Successful,,2025-08-27 02:11:38
512,ORD-2025-000485,SES-2025-019220,Debit Card,38.3,Successful,,2025-07-09 19:08:07
513,ORD-2025-000486,SES-2025-019383,Credit Card,173.18,Successful,,2025-09-19 04:45:10
514,ORD-2025-000487,SES-2025-019396,Debit Card,55.62,Successful,,2025-12-12 22:06:36
515,ORD-2025-000488,SES-2025-019403,Debit Card,96.34,Successful,,2025-07-19 06:37:36
516,ORD-2025-000489,SES-2025-019423,Credit Card,96.34,Successful,,2025-08-28 10:13:22
517,ORD-2025-000490,SES-2025-019447,Debit Card,49.13,Successful,,2025-01-03 07:31:25
518,ORD-2025-000491,SES-2025-019478,Debit Card,88.1,Successful,,2025-09-29 19:45:38
519,ORD-2025-000492,SES-2025-019487,PayPal,33.54,Successful,,2025-08-23 23:21:59
520,ORD-2025-000493,SES-2025-019510,Debit Card,205.68,Successful,,2025-09-21 21:44:54
521,ORD-2025-000494,SES-2025-019551,Debit Card,42.63,Successful,,2025-07-11 20:28:43
522,ORD-2025-000495,SES-2025-019580,Debit Card,31.81,Successful,,2025-12-03 02:05:34
523,ORD-2025-000496,SES-2025-019663,Buy Now Pay Later,61.03,Successful,,2025-07-17 09:50:23
524,ORD-2025-000497,SES-2025-019684,Credit Card,33.97,Successful,,2025-01-12 19:45:12
525,ORD-2025-000498,SES-2025-019687,Apple Pay,55.62,Successful,,2025-09-27 19:55:34
526,ORD-2025-000499,SES-2025-019720,PayPal,96.34,Successful,,2025-12-06 17:21:31
527,ORD-2025-000500,SES-2025-019852,Credit Card,85.52,Successful,,2025-05-22 20:59:58
528,ORD-2025-000501,SES-2025-019902,Credit Card,238.15,Successful,,2025-11-06 16:10:57
529,,SES-2025-019907,Credit Card,145.0,Failed,DECLINED_BY_ISSUER,2025-03-31 07:01:57
530,ORD-2025-000502,SES-2025-019963,Credit Card,67.52,Successful,,2025-10-14 00:04:06
531,ORD-2025-000503,SES-2025-019967,Credit Card,151.53,Successful,,2025-08-03 06:42:43
532,ORD-2025-000504,SES-2025-019968,Debit Card,77.27,Successful,,2025-11-23 09:22:01
533,ORD-2025-000505,SES-2025-020024,Credit Card,96.34,Successful,,2025-12-21 22:44:58
534,ORD-2025-000506,SES-2025-020031,PayPal,33.97,Successful,,2025-12-14 20:42:32
535,ORD-2025-000507,SES-2025-020058,PayPal,162.36,Successful,,2025-07-06 22:30:10
536,ORD-2025-000508,SES-2025-020066,Credit Card,33.97,Successful,,2025-07-16 05:45:06
537,ORD-2025-000509,SES-2025-020074,Buy Now Pay Later,136.4,Successful,,2025-09-05 22:24:07
538,ORD-2025-000510,SES-2025-020076,Credit Card,83.75,Successful,,2025-01-29 06:39:45
539,ORD-2025-000511,SES-2025-020095,Debit Card,51.28,Successful,,2025-02-19 03:55:39
540,ORD-2025-000512,SES-2025-020117,Credit Card,156.96,Successful,,2025-09-27 17:57:53
541,ORD-2025-000513,SES-2025-020152,Credit Card,36.14,Successful,,2025-12-07 04:06:51
542,ORD-2025-000514,SES-2025-020168,PayPal,64.28,Successful,,2025-04-28 02:39:37
543,ORD-2025-000515,SES-2025-020175,PayPal,92.01,Successful,,2025-11-27 17:13:23
544,ORD-2025-000516,SES-2025-020196,Credit Card,192.69,Successful,,2025-12-09 22:30:40
545,ORD-2025-000517,SES-2025-020267,Apple Pay,59.95,Successful,,2025-02-04 20:52:52
546,ORD-2025-000518,SES-2025-020292,Debit Card,41.4,Successful,,2025-08-30 18:17:32
547,ORD-2025-000519,SES-2025-020293,Credit Card,171.04,Successful,,2025-05-01 00:43:42
548,ORD-2025-000520,SES-2025-020339,PayPal,31.81,Successful,,2025-12-17 06:54:23
549,ORD-2025-000521,SES-2025-020409,Buy Now Pay Later,156.96,Successful,,2025-08-13 05:19:40
550,ORD-2025-000522,SES-2025-020471,Debit Card,55.62,Successful,,2025-02-23 20:27:16
551,ORD-2025-000523,SES-2025-020490,Credit Card,61.03,Successful,,2025-12-28 11:39:59
552,ORD-2025-000524,SES-2025-020532,Credit Card,42.63,Successful,,2025-10-10 18:26:45
553,ORD-2025-000525,SES-2025-020568,Credit Card,97.41,Successful,,2025-04-10 01:56:49
554,ORD-2025-000526,SES-2025-020570,PayPal,82.27,Successful,,2025-12-07 09:06:38
555,ORD-2025-000527,SES-2025-020580,Debit Card,62.1,Successful,,2025-03-07 04:30:51
556,ORD-2025-000528,SES-2025-020660,Credit Card,42.63,Successful,,2025-09-09 02:38:58
557,ORD-2025-000529,SES-2025-020661,Credit Card,62.1,Successful,,2025-09-17 22:14:13
558,ORD-2025-000530,SES-2025-020693,PayPal,92.01,Successful,,2025-12-09 01:49:48
559,ORD-2025-000531,SES-2025-020720,Credit Card,96.34,Successful,,2025-12-11 00:31:58
560,ORD-2025-000532,SES-2025-020729,Debit Card,55.62,Successful,,2025-09-09 12:38:21
561,ORD-2025-000533,SES-2025-020771,Credit Card,324.74,Successful,,2025-02-08 12:40:20
562,ORD-2025-000534,SES-2025-020825,Buy Now Pay Later,49.13,Successful,,2025-01-14 14:28:10
563,ORD-2025-000535,SES-2025-020853,Credit Card,64.98,Successful,,2025-09-16 04:08:14
564,ORD-2025-000536,SES-2025-020879,Credit Card,59.95,Successful,,2025-08-25 07:15:15
565,,SES-2025-020899,Debit Card,39.99,Failed,DECLINED_BY_ISSUER,2025-10-06 19:37:57
566,ORD-2025-000537,SES-2025-020910,Credit Card,38.3,Successful,,2025-11-22 05:26:50
567,ORD-2025-000538,SES-2025-020962,Credit Card,147.22,Successful,,2025-10-09 09:29:33
568,ORD-2025-000539,SES-2025-021026,Credit Card,81.19,Successful,,2025-12-04 05:07:38
569,ORD-2025-000540,SES-2025-021038,Credit Card,59.95,Successful,,2025-10-08 10:54:17
570,ORD-2025-000541,SES-2025-021065,Buy Now Pay Later,83.75,Successful,,2025-10-02 21:17:22
571,ORD-2025-000542,SES-2025-021127,Credit Card,160.21,Successful,,2025-10-28 10:49:04
572,ORD-2025-000543,SES-2025-021168,PayPal,42.63,Successful,,2025-11-07 10:22:51
573,ORD-2025-000544,SES-2025-021185,Credit Card,117.87,Successful,,2025-12-27 19:43:36
574,,SES-2025-021249,Credit Card,89.0,Failed,DECLINED_BY_ISSUER,2025-12-19 12:38:39
575,ORD-2025-000545,SES-2025-021295,Debit Card,119.08,Successful,,2025-09-21 16:39:45
576,ORD-2025-000546,SES-2025-021301,Credit Card,33.97,Successful,,2025-12-22 20:52:03
577,ORD-2025-000547,SES-2025-021305,Debit Card,42.63,Successful,,2025-08-12 09:50:23
578,ORD-2025-000548,SES-2025-021378,Apple Pay,61.03,Successful,,2025-08-07 09:44:49
579,ORD-2025-000549,SES-2025-021439,Credit Card,108.05,Successful,,2025-12-19 06:34:28
580,ORD-2025-000550,SES-2025-021497,Debit Card,51.28,Successful,,2025-12-16 13:25:59
581,ORD-2025-000551,SES-2025-021528,Debit Card,156.96,Successful,,2025-04-08 21:37:22
582,ORD-2025-000552,SES-2025-021529,Debit Card,96.34,Successful,,2025-04-19 06:52:20
583,,SES-2025-021541,Credit Card,145.0,Failed,DECLINED_BY_ISSUER,2025-06-30 17:49:00
584,ORD-2025-000553,SES-2025-021544,PayPal,35.05,Successful,,2025-03-27 03:41:30
585,ORD-2025-000554,SES-2025-021561,Buy Now Pay Later,53.46,Successful,,2025-11-05 08:00:01
586,ORD-2025-000555,SES-2025-021590,Debit Card,33.97,Successful,,2025-09-16 15:39:16
587,ORD-2025-000556,SES-2025-021603,PayPal,119.08,Successful,,2025-05-30 22:35:17
588,ORD-2025-000557,SES-2025-021604,Apple Pay,102.84,Successful,,2025-06-19 03:12:12
589,ORD-2025-000558,SES-2025-021614,Credit Card,119.05,Successful,,2025-05-13 15:41:53
590,ORD-2025-000559,SES-2025-021680,Debit Card,42.63,Successful,,2025-11-29 03:20:43
591,ORD-2025-000560,SES-2025-021735,Credit Card,61.03,Successful,,2025-12-12 09:07:07
592,ORD-2025-000561,SES-2025-021748,Credit Card,42.63,Successful,,2025-10-28 00:18:12
593,ORD-2025-000562,SES-2025-021753,PayPal,36.14,Successful,,2025-08-11 09:35:03
594,ORD-2025-000563,SES-2025-021789,PayPal,86.59,Successful,,2025-12-11 01:06:26
595,ORD-2025-000564,SES-2025-021863,Debit Card,171.04,Successful,,2025-04-19 23:46:32
596,ORD-2025-000565,SES-2025-021865,Credit Card,49.13,Successful,,2025-09-19 19:02:50
597,ORD-2025-000566,SES-2025-021923,Credit Card,88.1,Successful,,2025-05-17 01:40:52
598,ORD-2025-000567,SES-2025-021948,Credit Card,192.69,Successful,,2025-11-18 13:50:53
599,ORD-2025-000568,SES-2025-021957,Debit Card,61.03,Successful,,2025-11-29 17:10:38
600,ORD-2025-000569,SES-2025-021959,PayPal,42.63,Successful,,2025-07-11 14:15:19
601,,SES-2025-021961,Debit Card,69.99,Failed,DECLINED_BY_ISSUER,2025-12-16 01:08:42
602,ORD-2025-000570,SES-2025-021974,Credit Card,97.41,Successful,,2025-12-13 07:27:16
603,ORD-2025-000571,SES-2025-021978,Credit Card,51.28,Successful,,2025-12-14 20:34:44
604,ORD-2025-000572,SES-2025-022183,Credit Card,61.03,Successful,,2025-09-06 00:25:58
605,ORD-2025-000573,SES-2025-022195,Credit Card,119.08,Successful,,2025-06-23 04:20:24
606,ORD-2025-000574,SES-2025-022208,Debit Card,55.62,Successful,,2025-11-22 08:31:55
607,ORD-2025-000575,SES-2025-022287,Apple Pay,142.46,Successful,,2025-12-13 11:38:04
608,ORD-2025-000576,SES-2025-022332,Credit Card,59.95,Successful,,2025-06-30 13:22:57
609,ORD-2025-000577,SES-2025-022342,Apple Pay,59.95,Successful,,2025-12-12 03:09:39
610,ORD-2025-000578,SES-2025-022359,Apple Pay,38.3,Successful,,2025-11-09 19:19:45
611,ORD-2025-000579,SES-2025-022362,PayPal,106.09,Successful,,2025-09-21 01:13:01
612,ORD-2025-000580,SES-2025-022373,PayPal,31.81,Successful,,2025-07-26 21:36:47
613,ORD-2025-000581,SES-2025-022391,Credit Card,35.05,Successful,,2025-03-10 04:57:49
614,ORD-2025-000582,SES-2025-022411,PayPal,35.05,Successful,,2025-12-31 03:08:57
615,ORD-2025-000583,SES-2025-022417,Credit Card,294.74,Successful,,2025-08-26 19:24:32
616,ORD-2025-000584,SES-2025-022422,Credit Card,85.52,Successful,,2025-11-25 11:50:45
617,ORD-2025-000585,SES-2025-022431,Credit Card,162.36,Successful,,2025-07-17 02:20:00
618,ORD-2025-000586,SES-2025-022452,PayPal,284.93,Successful,,2025-02-26 10:40:26
619,ORD-2025-000587,SES-2025-022503,Debit Card,41.4,Successful,,2025-07-05 20:47:52
620,ORD-2025-000588,SES-2025-022599,Credit Card,81.6,Successful,,2025-10-17 07:21:38
621,ORD-2025-000589,SES-2025-022624,Credit Card,55.62,Successful,,2025-02-19 07:11:55
622,ORD-2025-000590,SES-2025-022626,Credit Card,55.62,Successful,,2025-09-21 09:50:46
623,ORD-2025-000591,SES-2025-022683,PayPal,119.08,Successful,,2025-09-17 01:21:09
624,ORD-2025-000592,SES-2025-022704,Debit Card,33.97,Successful,,2025-04-30 12:24:27
625,ORD-2025-000593,SES-2025-022726,Debit Card,81.6,Successful,,2025-08-26 02:25:42
626,ORD-2025-000594,SES-2025-022741,Credit Card,77.27,Successful,,2025-11-21 13:59:34
627,ORD-2025-000595,SES-2025-022772,Credit Card,147.36,Successful,,2025-09-18 09:58:47
628,ORD-2025-000596,SES-2025-022843,Buy Now Pay Later,42.63,Successful,,2025-05-18 22:58:26
629,ORD-2025-000597,SES-2025-022946,PayPal,35.05,Successful,,2025-04-08 00:18:20
630,ORD-2025-000598,SES-2025-022971,Credit Card,88.1,Successful,,2025-10-14 15:01:33
631,ORD-2025-000599,SES-2025-022973,Credit Card,96.34,Successful,,2025-12-09 03:50:00
632,ORD-2025-000600,SES-2025-022980,Credit Card,85.52,Successful,,2025-06-26 01:22:25
633,ORD-2025-000601,SES-2025-022982,Buy Now Pay Later,42.63,Successful,,2025-12-25 14:36:48
634,ORD-2025-000602,SES-2025-023028,Credit Card,38.3,Successful,,2025-08-10 09:41:55
635,ORD-2025-000603,SES-2025-023053,Credit Card,85.52,Successful,,2025-12-04 16:25:06
636,ORD-2025-000604,SES-2025-023109,Apple Pay,192.69,Successful,,2025-02-08 23:47:35
637,ORD-2025-000605,SES-2025-023157,Credit Card,102.84,Successful,,2025-12-03 22:30:25
638,ORD-2025-000606,SES-2025-023192,Apple Pay,53.46,Successful,,2025-12-18 20:11:07
639,ORD-2025-000607,SES-2025-023242,Credit Card,324.73,Successful,,2025-02-01 22:42:32
640,ORD-2025-000608,SES-2025-023248,PayPal,156.96,Successful,,2025-11-09 19:54:58
641,ORD-2025-000609,SES-2025-023281,Apple Pay,92.01,Successful,,2025-12-24 08:16:08
642,ORD-2025-000610,SES-2025-023305,Apple Pay,90.93,Successful,,2025-09-22 11:16:40
643,ORD-2025-000611,SES-2025-023356,Apple Pay,36.14,Successful,,2025-09-25 05:46:34
644,ORD-2025-000612,SES-2025-023367,Debit Card,38.3,Successful,,2025-12-10 00:30:44
645,ORD-2025-000613,SES-2025-023391,Debit Card,39.38,Successful,,2025-06-21 20:05:56
646,ORD-2025-000614,SES-2025-023407,PayPal,63.01,Successful,,2025-11-30 05:47:15
647,ORD-2025-000615,SES-2025-023413,Apple Pay,51.28,Successful,,2025-10-16 08:29:06
648,ORD-2025-000616,SES-2025-023427,Apple Pay,156.96,Successful,,2025-03-14 02:06:35
649,ORD-2025-000617,SES-2025-023443,Credit Card,67.52,Successful,,2025-03-22 01:18:33
650,ORD-2025-000618,SES-2025-023444,Credit Card,342.89,Successful,,2025-12-31 02:17:32
651,ORD-2025-000619,SES-2025-023508,Credit Card,96.34,Successful,,2025-12-26 07:52:23
652,ORD-2025-000620,SES-2025-023524,Debit Card,377.79,Successful,,2025-06-23 23:56:43
653,ORD-2025-000621,SES-2025-023548,Credit Card,108.05,Successful,,2025-05-24 13:26:56
654,ORD-2025-000622,SES-2025-023575,Credit Card,145.41,Successful,,2025-11-12 01:32:27
655,ORD-2025-000623,SES-2025-023577,Credit Card,142.46,Successful,,2025-10-31 04:04:44
656,ORD-2025-000624,SES-2025-023580,Credit Card,62.1,Successful,,2025-01-28 03:55:03
657,,SES-2025-023595,PayPal,179.98,Failed,DECLINED_BY_ISSUER,2025-12-07 13:02:49
658,ORD-2025-000625,SES-2025-023596,Credit Card,70.87,Successful,,2025-12-25 18:50:20
659,ORD-2025-000626,SES-2025-023600,Credit Card,96.34,Successful,,2025-09-22 19:32:00
660,ORD-2025-000627,SES-2025-023684,Credit Card,206.29,Successful,,2025-11-16 08:25:15
661,ORD-2025-000628,SES-2025-023704,PayPal,61.03,Successful,,2025-08-21 11:07:12
662,ORD-2025-000629,SES-2025-023750,Apple Pay,93.34,Successful,,2025-06-16 15:57:52
663,ORD-2025-000630,SES-2025-023783,Debit Card,38.3,Successful,,2025-05-28 23:34:49
664,ORD-2025-000631,SES-2025-023801,Apple Pay,33.97,Successful,,2025-03-04 01:42:54
665,ORD-2025-000632,SES-2025-023842,PayPal,92.01,Successful,,2025-11-12 03:18:13
666,ORD-2025-000633,SES-2025-023935,Debit Card,31.81,Successful,,2025-11-22 09:19:46
667,ORD-2025-000634,SES-2025-023983,Credit Card,232.85,Successful,,2025-09-13 02:56:01
668,ORD-2025-000635,SES-2025-024017,Credit Card,51.22,Successful,,2025-09-10 01:12:55
669,ORD-2025-000636,SES-2025-024048,Credit Card,41.4,Successful,,2025-12-08 01:23:45
670,ORD-2025-000637,SES-2025-024060,Credit Card,59.08,Successful,,2025-02-21 21:43:07
671,ORD-2025-000638,SES-2025-024101,Credit Card,1133.38,Successful,,2025-08-21 03:06:25
672,ORD-2025-000639,SES-2025-024116,Credit Card,377.79,Successful,,2025-09-29 12:07:36
673,ORD-2025-000640,SES-2025-024145,Credit Card,88.1,Successful,,2025-01-07 19:27:36
674,ORD-2025-000641,SES-2025-024154,Debit Card,324.74,Successful,,2025-12-10 15:34:16
675,ORD-2025-000642,SES-2025-024165,Apple Pay,38.3,Successful,,2025-07-09 02:55:56
676,ORD-2025-000643,SES-2025-024237,Credit Card,377.79,Successful,,2025-10-25 02:46:10
677,ORD-2025-000644,SES-2025-024273,PayPal,44.8,Successful,,2025-11-17 03:05:42
678,ORD-2025-000645,SES-2025-024298,PayPal,216.15,Successful,,2025-10-30 13:48:14
679,ORD-2025-000646,SES-2025-024373,Credit Card,33.54,Successful,,2025-12-22 08:50:40
680,ORD-2025-000647,SES-2025-024412,Debit Card,38.3,Successful,,2025-12-19 20:07:36
681,ORD-2025-000648,SES-2025-024497,PayPal,85.52,Successful,,2025-05-16 18:10:47
682,ORD-2025-000649,SES-2025-024525,Credit Card,70.78,Successful,,2025-12-23 11:39:43
683,ORD-2025-000650,SES-2025-024544,Credit Card,77.62,Successful,,2025-01-24 17:23:55
684,ORD-2025-000651,SES-2025-024551,Credit Card,51.22,Successful,,2025-07-14 11:23:07
685,ORD-2025-000652,SES-2025-024568,Credit Card,133.62,Successful,,2025-03-19 01:18:26
686,ORD-2025-000653,SES-2025-024647,Credit Card,96.34,Successful,,2025-05-03 16:59:15
687,ORD-2025-000654,SES-2025-024650,Apple Pay,59.95,Successful,,2025-11-20 16:20:05
688,ORD-2025-000655,SES-2025-024727,Credit Card,85.52,Successful,,2025-07-12 11:37:17
689,ORD-2025-000656,SES-2025-024731,Credit Card,77.27,Successful,,2025-12-19 12:50:26
690,ORD-2025-000657,SES-2025-024741,PayPal,83.75,Successful,,2025-08-24 11:30:32
691,,SES-2025-024766,PayPal,64.0,Failed,DECLINED_BY_ISSUER,2025-12-20 07:03:10
692,ORD-2025-000658,SES-2025-024813,Credit Card,57.1,Successful,,2025-08-20 06:17:15
693,ORD-2025-000659,SES-2025-024823,PayPal,159.13,Successful,,2025-03-22 15:50:44
694,ORD-2025-000660,SES-2025-024856,Debit Card,31.81,Successful,,2025-01-04 22:26:54
695,ORD-2025-000661,SES-2025-024891,Credit Card,42.63,Successful,,2025-12-02 01:08:45
696,ORD-2025-000662,SES-2025-024944,PayPal,32.55,Successful,,2025-03-30 08:17:47
697,ORD-2025-000663,SES-2025-024978,PayPal,77.27,Successful,,2025-05-21 14:51:33
698,ORD-2025-000664,SES-2025-024991,Credit Card,98.23,Successful,,2025-11-13 22:01:28
699,ORD-2025-000665,SES-2025-025008,PayPal,59.95,Successful,,2025-03-30 02:03:30
700,ORD-2025-000666,SES-2025-025017,PayPal,42.63,Successful,,2025-12-31 04:04:29
701,ORD-2025-000667,SES-2025-025042,PayPal,184.03,Successful,,2025-05-09 20:29:28
702,ORD-2025-000668,SES-2025-025077,Credit Card,90.93,Successful,,2025-11-23 02:38:32
703,ORD-2025-000669,SES-2025-025094,PayPal,156.96,Successful,,2025-12-25 07:56:38
704,ORD-2025-000670,SES-2025-025146,Debit Card,92.01,Successful,,2025-11-24 00:11:38
705,ORD-2025-000671,SES-2025-025157,Buy Now Pay Later,102.84,Successful,,2025-01-21 03:14:03
706,ORD-2025-000672,SES-2025-025208,Credit Card,85.52,Successful,,2025-10-26 11:09:24
707,ORD-2025-000673,SES-2025-025211,PayPal,74.8,Successful,,2025-10-27 09:02:41
708,ORD-2025-000674,SES-2025-025338,Credit Card,49.13,Successful,,2025-08-28 10:26:43
709,ORD-2025-000675,SES-2025-025433,Credit Card,49.13,Successful,,2025-12-28 08:06:50
710,ORD-2025-000676,SES-2025-025434,Apple Pay,70.78,Successful,,2025-05-24 10:20:23
711,ORD-2025-000677,SES-2025-025470,PayPal,123.8,Successful,,2025-10-17 07:55:30
712,ORD-2025-000678,SES-2025-025512,Credit Card,53.46,Successful,,2025-07-05 11:45:50
713,ORD-2025-000679,SES-2025-025523,Debit Card,42.63,Successful,,2025-07-25 14:59:12
714,,SES-2025-025524,PayPal,49.0,Failed,DECLINED_BY_ISSUER,2025-06-29 13:56:47
715,ORD-2025-000680,SES-2025-025631,Debit Card,377.79,Successful,,2025-03-30 00:45:33
716,ORD-2025-000681,SES-2025-025633,Credit Card,53.46,Successful,,2025-10-01 01:15:07
717,ORD-2025-000682,SES-2025-025649,Credit Card,51.22,Successful,,2025-09-05 16:19:26
718,ORD-2025-000683,SES-2025-025662,PayPal,64.28,Successful,,2025-11-22 10:19:33
719,ORD-2025-000684,SES-2025-025746,Buy Now Pay Later,42.63,Successful,,2025-05-24 12:33:35
720,ORD-2025-000685,SES-2025-025802,Apple Pay,155.24,Successful,,2025-12-24 08:09:01
721,ORD-2025-000686,SES-2025-025889,Buy Now Pay Later,147.22,Successful,,2025-11-18 17:38:06
722,ORD-2025-000687,SES-2025-025897,Debit Card,70.78,Successful,,2025-10-02 19:15:36
723,ORD-2025-000688,SES-2025-025977,Credit Card,35.05,Successful,,2025-09-26 01:48:07
724,ORD-2025-000689,SES-2025-026009,Debit Card,96.34,Successful,,2025-08-10 20:28:27
725,ORD-2025-000690,SES-2025-026019,Buy Now Pay Later,192.69,Successful,,2025-12-02 03:51:18
726,ORD-2025-000691,SES-2025-026024,Debit Card,49.26,Successful,,2025-12-19 17:30:38
727,ORD-2025-000692,SES-2025-026105,Apple Pay,90.93,Successful,,2025-05-28 07:19:24
728,ORD-2025-000693,SES-2025-026121,Credit Card,119.05,Successful,,2025-11-09 21:01:05
729,ORD-2025-000694,SES-2025-026129,Buy Now Pay Later,36.14,Successful,,2025-06-11 02:41:07
730,ORD-2025-000695,SES-2025-026167,Apple Pay,53.46,Successful,,2025-04-01 07:44:18
731,ORD-2025-000696,SES-2025-026194,PayPal,97.41,Successful,,2025-11-29 17:33:15
732,ORD-2025-000697,SES-2025-026202,Credit Card,49.13,Successful,,2025-07-26 08:32:02
733,ORD-2025-000698,SES-2025-026228,Credit Card,377.79,Successful,,2025-12-31 13:25:25
734,ORD-2025-000699,SES-2025-026307,Credit Card,324.74,Successful,,2025-11-26 04:16:20
735,ORD-2025-000700,SES-2025-026318,Credit Card,57.11,Successful,,2025-11-17 12:44:21
736,ORD-2025-000701,SES-2025-026331,PayPal,36.14,Successful,,2025-11-22 19:22:29
737,,SES-2025-026436,Debit Card,95.0,Failed,DECLINED_BY_ISSUER,2025-03-30 23:24:37
738,ORD-2025-000702,SES-2025-026476,Credit Card,81.6,Successful,,2025-12-15 16:31:00
739,ORD-2025-000703,SES-2025-026586,PayPal,31.81,Successful,,2025-12-16 16:07:14
740,ORD-2025-000704,SES-2025-026598,Credit Card,55.62,Successful,,2025-05-26 05:30:48
741,ORD-2025-000705,SES-2025-026630,Credit Card,57.1,Successful,,2025-09-09 12:20:57
742,ORD-2025-000706,SES-2025-026634,Debit Card,85.52,Successful,,2025-10-10 21:05:48
743,ORD-2025-000707,SES-2025-026670,Apple Pay,35.05,Successful,,2025-02-21 05:47:05
744,ORD-2025-000708,SES-2025-026675,Debit Card,88.1,Successful,,2025-04-02 14:01:38
745,ORD-2025-000709,SES-2025-026680,Credit Card,42.63,Successful,,2025-12-14 15:15:22
746,ORD-2025-000710,SES-2025-026730,Credit Card,38.3,Successful,,2025-10-16 15:57:13
747,ORD-2025-000711,SES-2025-026797,Apple Pay,292.24,Successful,,2025-04-03 06:59:35
748,ORD-2025-000712,SES-2025-026900,Debit Card,68.61,Successful,,2025-02-26 08:52:22
749,ORD-2025-000713,SES-2025-026927,PayPal,160.21,Successful,,2025-01-01 12:07:07
750,ORD-2025-000714,SES-2025-026941,Debit Card,162.34,Successful,,2025-10-10 18:42:12
751,ORD-2025-000715,SES-2025-027115,PayPal,59.95,Successful,,2025-12-21 07:42:17
752,ORD-2025-000716,SES-2025-027141,Debit Card,31.81,Successful,,2025-08-22 11:02:01
753,,SES-2025-027161,Buy Now Pay Later,32.0,Failed,CREDIT_THRESHOLD_EXCEEDED,2025-07-20 15:17:37
754,ORD-2025-000717,SES-2025-027257,Credit Card,55.62,Successful,,2025-08-12 01:54:54
755,ORD-2025-000718,SES-2025-027340,Debit Card,51.22,Successful,,2025-10-21 08:48:28
756,ORD-2025-000719,SES-2025-027361,Credit Card,119.08,Successful,,2025-11-17 22:58:56
757,ORD-2025-000720,SES-2025-027453,PayPal,49.13,Successful,,2025-10-12 20:59:05
758,ORD-2025-000721,SES-2025-027560,Credit Card,83.75,Successful,,2025-12-19 08:18:56
759,ORD-2025-000722,SES-2025-027589,Credit Card,313.93,Successful,,2025-09-06 11:32:44
760,ORD-2025-000723,SES-2025-027656,Buy Now Pay Later,31.57,Successful,,2025-10-14 16:22:04
761,ORD-2025-000724,SES-2025-027724,Debit Card,35.5,Successful,,2025-08-16 00:12:01
762,ORD-2025-000725,SES-2025-027731,PayPal,79.44,Successful,,2025-01-05 13:13:37
763,ORD-2025-000726,SES-2025-027764,Credit Card,96.34,Successful,,2025-02-17 10:27:37
764,ORD-2025-000727,SES-2025-027775,Credit Card,85.52,Successful,,2025-11-17 07:14:50
765,ORD-2025-000728,SES-2025-027814,Credit Card,68.61,Successful,,2025-12-29 05:59:01
766,ORD-2025-000729,SES-2025-027933,Credit Card,36.14,Successful,,2025-10-29 23:04:11
767,ORD-2025-000730,SES-2025-027968,PayPal,36.14,Successful,,2025-02-04 03:26:14
768,ORD-2025-000731,SES-2025-027995,Apple Pay,259.77,Successful,,2025-07-18 01:04:16
769,ORD-2025-000732,SES-2025-028022,Debit Card,470.89,Successful,,2025-01-05 15:47:55
770,,SES-2025-028039,Buy Now Pay Later,24.0,Failed,CREDIT_THRESHOLD_EXCEEDED,2025-01-04 12:36:26
771,ORD-2025-000733,SES-2025-028153,PayPal,156.96,Successful,,2025-10-26 07:02:50
772,ORD-2025-000734,SES-2025-028176,PayPal,49.13,Successful,,2025-09-13 15:38:33
773,ORD-2025-000735,SES-2025-028188,Apple Pay,86.59,Successful,,2025-12-10 14:44:29
774,ORD-2025-000736,SES-2025-028203,Credit Card,39.38,Successful,,2025-05-26 10:46:00
775,,SES-2025-028233,Credit Card,79.0,Failed,DECLINED_BY_ISSUER,2025-11-02 05:35:53
776,ORD-2025-000737,SES-2025-028282,Credit Card,123.41,Successful,,2025-06-28 13:49:25
777,ORD-2025-000738,SES-2025-028334,Credit Card,85.52,Successful,,2025-09-17 12:36:36
778,ORD-2025-000739,SES-2025-028338,PayPal,35.05,Successful,,2025-04-16 18:31:25
779,ORD-2025-000740,SES-2025-028362,PayPal,216.15,Successful,,2025-05-20 12:58:10
780,ORD-2025-000741,SES-2025-028477,Debit Card,106.09,Successful,,2025-10-26 10:13:58
781,ORD-2025-000742,SES-2025-028489,Credit Card,227.29,Successful,,2025-12-04 11:48:36
782,ORD-2025-000743,SES-2025-028538,Credit Card,35.05,Successful,,2025-06-16 15:59:46
783,ORD-2025-000744,SES-2025-028580,Credit Card,86.58,Successful,,2025-05-17 12:46:46
784,ORD-2025-000745,SES-2025-028638,Apple Pay,755.59,Successful,,2025-12-15 11:59:56
785,ORD-2025-000746,SES-2025-028650,Credit Card,35.5,Successful,,2025-12-09 04:47:05
786,ORD-2025-000747,SES-2025-028660,Credit Card,87.44,Successful,,2025-11-14 20:50:23
787,ORD-2025-000748,SES-2025-028684,Debit Card,97.41,Successful,,2025-07-26 18:22:36
788,ORD-2025-000749,SES-2025-028730,Credit Card,36.14,Successful,,2025-08-02 06:35:11
789,ORD-2025-000750,SES-2025-028732,Credit Card,39.38,Successful,,2025-12-26 09:21:49
790,ORD-2025-000751,SES-2025-028735,PayPal,96.34,Successful,,2025-09-30 17:37:20
791,ORD-2025-000752,SES-2025-028765,PayPal,55.62,Successful,,2025-10-16 16:49:21
792,ORD-2025-000753,SES-2025-028772,Credit Card,38.3,Successful,,2025-12-01 09:00:19
793,ORD-2025-000754,SES-2025-028785,Credit Card,76.75,Successful,,2025-07-17 20:34:19
794,ORD-2025-000755,SES-2025-028846,Apple Pay,81.6,Successful,,2025-08-02 02:06:12
795,ORD-2025-000756,SES-2025-029020,Apple Pay,42.63,Successful,,2025-07-14 21:44:05
796,ORD-2025-000757,SES-2025-029021,PayPal,51.28,Successful,,2025-10-02 15:24:49
797,ORD-2025-000758,SES-2025-029045,Apple Pay,755.59,Successful,,2025-12-09 18:53:31
798,ORD-2025-000759,SES-2025-029111,Debit Card,85.52,Successful,,2025-10-12 05:29:53
799,ORD-2025-000760,SES-2025-029126,Apple Pay,77.62,Successful,,2025-11-04 02:28:43
800,ORD-2025-000761,SES-2025-029138,Credit Card,88.1,Successful,,2025-12-01 11:19:57
801,ORD-2025-000762,SES-2025-029166,Debit Card,103.92,Successful,,2025-11-11 15:31:01
802,ORD-2025-000763,SES-2025-029203,Credit Card,47.28,Successful,,2025-02-12 10:36:51
803,ORD-2025-000764,SES-2025-029206,Debit Card,55.62,Successful,,2025-10-14 00:44:07
804,ORD-2025-000765,SES-2025-029220,PayPal,42.63,Successful,,2025-10-25 06:14:17
805,,SES-2025-029221,PayPal,44.0,Failed,DECLINED_BY_ISSUER,2025-12-30 10:03:39
806,ORD-2025-000766,SES-2025-029234,Debit Card,51.28,Successful,,2025-10-22 10:03:55
807,ORD-2025-000767,SES-2025-029244,Credit Card,33.97,Successful,,2025-03-27 06:39:53
808,ORD-2025-000768,SES-2025-029254,Debit Card,67.52,Successful,,2025-09-20 06:14:50
809,ORD-2025-000769,SES-2025-029255,Credit Card,147.22,Successful,,2025-12-05 23:29:50
810,ORD-2025-000770,SES-2025-029261,Credit Card,87.44,Successful,,2025-07-24 20:14:42
811,ORD-2025-000771,SES-2025-029304,Debit Card,167.03,Successful,,2025-08-04 17:42:48
812,ORD-2025-000772,SES-2025-029326,Credit Card,77.27,Successful,,2025-09-04 13:29:12
813,ORD-2025-000773,SES-2025-029386,Credit Card,55.62,Successful,,2025-12-20 15:49:00
814,ORD-2025-000774,SES-2025-029407,PayPal,42.63,Successful,,2025-12-17 13:34:35
815,ORD-2025-000775,SES-2025-029452,Credit Card,55.15,Successful,,2025-09-15 08:59:18
816,ORD-2025-000776,SES-2025-029465,Credit Card,42.63,Successful,,2025-02-11 11:40:13
817,,SES-2025-029498,Debit Card,44.0,Failed,DECLINED_BY_ISSUER,2025-11-03 03:40:05
818,ORD-2025-000777,SES-2025-029553,Debit Card,81.6,Successful,,2025-11-28 20:49:28
819,ORD-2025-000778,SES-2025-029594,Debit Card,81.6,Successful,,2025-09-29 09:44:01
820,ORD-2025-000779,SES-2025-029611,Credit Card,55.62,Successful,,2025-07-31 20:42:07
821,ORD-2025-000780,SES-2025-029774,Debit Card,194.83,Successful,,2025-08-10 08:28:20
822,ORD-2025-000781,SES-2025-029832,PayPal,35.05,Successful,,2025-08-05 13:28:51
823,ORD-2025-000782,SES-2025-029865,Credit Card,42.63,Successful,,2025-09-22 16:02:44
824,ORD-2025-000783,SES-2025-029880,Credit Card,95.26,Successful,,2025-09-12 03:43:06
825,ORD-2025-000784,SES-2025-029894,Apple Pay,31.81,Successful,,2025-04-28 13:49:29
826,ORD-2025-000785,SES-2025-029944,Debit Card,67.52,Successful,,2025-11-19 02:11:18
827,ORD-2025-000786,SES-2025-030023,Debit Card,67.52,Successful,,2025-06-04 03:17:25
828,ORD-2025-000787,SES-2025-030037,Credit Card,62.11,Successful,,2025-11-29 17:15:10
829,ORD-2025-000788,SES-2025-030054,Credit Card,102.84,Successful,,2025-12-22 19:36:05
830,ORD-2025-000789,SES-2025-030056,Apple Pay,377.79,Successful,,2025-09-22 15:52:46
831,ORD-2025-000790,SES-2025-030058,Debit Card,44.8,Successful,,2025-09-24 14:39:49
832,ORD-2025-000791,SES-2025-030111,Credit Card,42.63,Successful,,2025-12-25 23:23:09
833,ORD-2025-000792,SES-2025-030183,Apple Pay,36.14,Successful,,2025-12-03 22:01:02
834,ORD-2025-000793,SES-2025-030218,Credit Card,42.63,Successful,,2025-10-16 13:13:57
835,ORD-2025-000794,SES-2025-030220,PayPal,38.3,Successful,,2025-11-14 13:21:20
836,ORD-2025-000795,SES-2025-030265,Credit Card,51.22,Successful,,2025-08-20 04:55:27
837,ORD-2025-000796,SES-2025-030289,Credit Card,108.08,Successful,,2025-11-08 19:25:04
838,ORD-2025-000797,SES-2025-030316,Apple Pay,33.54,Successful,,2025-10-29 11:20:38
839,ORD-2025-000798,SES-2025-030317,Apple Pay,313.93,Successful,,2025-08-24 01:49:22
840,ORD-2025-000799,SES-2025-030346,PayPal,256.55,Successful,,2025-12-12 07:46:54
841,ORD-2025-000800,SES-2025-030380,Credit Card,44.8,Successful,,2025-01-29 08:53:25
842,ORD-2025-000801,SES-2025-030402,Debit Card,81.6,Successful,,2025-11-07 10:50:19
843,ORD-2025-000802,SES-2025-030430,Debit Card,87.44,Successful,,2025-12-28 12:03:16
844,ORD-2025-000803,SES-2025-030473,Credit Card,31.81,Successful,,2025-10-01 15:41:57
845,ORD-2025-000804,SES-2025-030475,Buy Now Pay Later,81.6,Successful,,2025-10-01 13:27:54
846,ORD-2025-000805,SES-2025-030481,Credit Card,95.26,Successful,,2025-12-04 03:56:46
847,ORD-2025-000806,SES-2025-030502,PayPal,755.59,Successful,,2025-04-24 14:52:09
848,ORD-2025-000807,SES-2025-030517,Debit Card,59.95,Successful,,2025-08-22 18:15:42
849,ORD-2025-000808,SES-2025-030556,Credit Card,82.27,Successful,,2025-10-09 22:00:32
850,ORD-2025-000809,SES-2025-030559,Buy Now Pay Later,186.68,Successful,,2025-01-04 19:26:32
851,ORD-2025-000810,SES-2025-030563,Credit Card,86.58,Successful,,2025-08-27 00:02:21
852,ORD-2025-000811,SES-2025-030600,Credit Card,77.62,Successful,,2025-12-21 13:22:56
853,ORD-2025-000812,SES-2025-030620,Credit Card,55.62,Successful,,2025-11-14 03:23:23
854,ORD-2025-000813,SES-2025-030632,Debit Card,36.48,Successful,,2025-08-01 13:34:19
855,ORD-2025-000814,SES-2025-030637,PayPal,81.6,Successful,,2025-03-27 23:23:36
856,ORD-2025-000815,SES-2025-030652,Debit Card,62.1,Successful,,2025-01-03 07:54:04
857,ORD-2025-000816,SES-2025-030653,Credit Card,377.79,Successful,,2025-11-25 05:01:00
858,ORD-2025-000817,SES-2025-030682,Credit Card,103.92,Successful,,2025-10-22 13:50:36
859,ORD-2025-000818,SES-2025-030749,Apple Pay,38.3,Successful,,2025-12-18 03:05:08
860,ORD-2025-000819,SES-2025-030820,Credit Card,31.81,Successful,,2025-08-12 05:39:15
861,ORD-2025-000820,SES-2025-030890,Debit Card,55.62,Successful,,2025-04-24 18:48:26
862,ORD-2025-000821,SES-2025-030894,Debit Card,35.05,Successful,,2025-11-17 01:39:19
863,ORD-2025-000822,SES-2025-030933,Debit Card,85.52,Successful,,2025-10-31 04:48:17
864,ORD-2025-000823,SES-2025-030956,Credit Card,129.87,Successful,,2025-05-10 06:44:19
865,ORD-2025-000824,SES-2025-030965,Apple Pay,324.74,Successful,,2025-11-29 17:27:00
866,ORD-2025-000825,SES-2025-030988,PayPal,47.28,Successful,,2025-12-28 15:49:39
867,ORD-2025-000826,SES-2025-030999,PayPal,64.28,Successful,,2025-11-20 17:36:08
868,ORD-2025-000827,SES-2025-031005,Debit Card,42.63,Successful,,2025-05-21 02:54:00
869,ORD-2025-000828,SES-2025-031054,Debit Card,39.38,Successful,,2025-11-24 23:19:46
870,ORD-2025-000829,SES-2025-031061,Credit Card,81.6,Successful,,2025-05-12 06:22:46
871,ORD-2025-000830,SES-2025-031091,Credit Card,57.1,Successful,,2025-12-20 11:09:39
872,ORD-2025-000831,SES-2025-031172,Credit Card,324.73,Successful,,2025-07-28 03:07:57
873,ORD-2025-000832,SES-2025-031181,PayPal,162.36,Successful,,2025-12-04 09:14:15
874,ORD-2025-000833,SES-2025-031200,Credit Card,186.68,Successful,,2025-11-14 06:05:28
875,ORD-2025-000834,SES-2025-031233,Credit Card,192.69,Successful,,2025-01-23 19:43:26
876,ORD-2025-000835,SES-2025-031246,Credit Card,83.51,Successful,,2025-09-24 23:07:35
877,ORD-2025-000836,SES-2025-031260,Credit Card,59.95,Successful,,2025-10-27 11:22:11
878,ORD-2025-000837,SES-2025-031276,Credit Card,92.01,Successful,,2025-03-11 10:33:44
879,ORD-2025-000838,SES-2025-031277,Credit Card,42.63,Successful,,2025-10-06 17:08:34
880,ORD-2025-000839,SES-2025-031287,Credit Card,83.75,Successful,,2025-11-23 23:26:28
881,,SES-2025-031306,Debit Card,49.0,Failed,DECLINED_BY_ISSUER,2025-08-05 17:39:12
882,ORD-2025-000840,SES-2025-031312,Credit Card,96.34,Successful,,2025-03-12 07:27:58
883,ORD-2025-000841,SES-2025-031370,Credit Card,90.93,Successful,,2025-11-01 07:11:09
884,ORD-2025-000842,SES-2025-031404,Credit Card,31.81,Successful,,2025-07-16 00:53:15
885,ORD-2025-000843,SES-2025-031436,Credit Card,36.14,Successful,,2025-03-15 04:57:09
886,ORD-2025-000844,SES-2025-031451,Credit Card,35.05,Successful,,2025-07-17 00:52:21
887,ORD-2025-000845,SES-2025-031569,Credit Card,35.05,Successful,,2025-08-13 00:01:33
888,ORD-2025-000846,SES-2025-031590,PayPal,174.89,Successful,,2025-08-09 02:59:18
889,ORD-2025-000847,SES-2025-031646,Credit Card,119.05,Successful,,2025-08-10 18:14:11
890,ORD-2025-000848,SES-2025-031656,PayPal,33.97,Successful,,2025-12-02 13:13:05
891,,SES-2025-031730,Buy Now Pay Later,39.99,Failed,CREDIT_THRESHOLD_EXCEEDED,2025-12-17 04:11:33
892,ORD-2025-000849,SES-2025-031741,Credit Card,82.53,Successful,,2025-12-10 01:57:56
893,ORD-2025-000850,SES-2025-031779,Credit Card,51.28,Successful,,2025-09-21 23:27:18
894,ORD-2025-000851,SES-2025-031801,PayPal,106.09,Successful,,2025-11-26 23:32:54
895,ORD-2025-000852,SES-2025-031837,Apple Pay,62.1,Successful,,2025-12-26 10:43:25
896,ORD-2025-000853,SES-2025-031868,Debit Card,49.13,Successful,,2025-07-31 12:16:25
897,ORD-2025-000854,SES-2025-031893,Debit Card,53.46,Successful,,2025-12-19 02:29:53
898,ORD-2025-000855,SES-2025-031894,Debit Card,55.62,Successful,,2025-08-04 19:48:55
899,ORD-2025-000856,SES-2025-031938,Credit Card,67.52,Successful,,2025-09-07 19:56:23
900,ORD-2025-000857,SES-2025-031968,Credit Card,81.6,Successful,,2025-08-12 11:11:52
