payment_id,order_id,session_id,payment_method,amount,payment_status,error_code,payment_timestamp,date_key,payment_method_key
1,ORD-2025-000001,SES-2025-000142,Buy Now Pay Later,33.97,Successful,,2025-09-08 16:31:57,20250908,5
2,ORD-2025-000002,SES-2025-000165,Credit Card,86.59,Successful,,2025-10-10 14:07:58,20251010,1
3,ORD-2025-000003,SES-2025-000213,Debit Card,29.61,Successful,,2025-12-18 14:44:07,20251218,2
4,ORD-2025-000004,SES-2025-000251,Debit Card,289.03,Successful,,2025-11-29 03:26:41,20251129,2
5,,SES-2025-000300,Debit Card,34.0,Failed,DECLINED_BY_ISSUER,2025-02-24 04:20:31,20250224,2
6,ORD-2025-000005,SES-2025-000316,Debit Card,59.95,Successful,,2025-10-08 23:51:30,20251008,2
7,ORD-2025-000006,SES-2025-000381,Credit Card,755.59,Successful,,2025-12-19 02:15:16,20251219,1
8,ORD-2025-000007,SES-2025-000408,PayPal,81.6,Successful,,2025-08-22 01:34:06,20250822,3
9,ORD-2025-000008,SES-2025-000428,Buy Now Pay Later,184.03,Successful,,2025-05-15 21:45:08,20250515,5
10,ORD-2025-000009,SES-2025-000504,Credit Card,44.8,Successful,,2025-05-11 19:45:18,20250511,1
11,ORD-2025-000010,SES-2025-000522,Debit Card,56.13,Successful,,2025-09-25 19:55:43,20250925,2
12,ORD-2025-000011,SES-2025-000538,Credit Card,102.84,Successful,,2025-04-26 04:38:13,20250426,1
13,ORD-2025-000012,SES-2025-000609,Debit Card,184.03,Successful,,2025-10-26 09:20:34,20251026,2
14,ORD-2025-000013,SES-2025-000651,Debit Card,35.05,Successful,,2025-10-05 15:08:58,20251005,2
15,ORD-2025-000014,SES-2025-000754,Apple Pay,38.3,Successful,,2025-09-23 07:43:40,20250923,4
16,ORD-2025-000015,SES-2025-000891,Credit Card,313.93,Successful,,2025-11-29 14:54:38,20251129,1
17,ORD-2025-000016,SES-2025-000926,Apple Pay,77.62,Successful,,2025-12-02 23:27:48,20251202,4
18,ORD-2025-000017,SES-2025-000969,PayPal,81.6,Successful,,2025-11-08 05:15:45,20251108,3
19,ORD-2025-000018,SES-2025-000971,Debit Card,49.13,Successful,,2025-09-25 16:48:40,20250925,2
20,ORD-2025-000019,SES-2025-001040,Debit Card,81.6,Successful,,2025-12-24 02:02:58,20251224,2
21,ORD-2025-000020,SES-2025-001071,Credit Card,55.62,Successful,,2025-11-17 06:08:54,20251117,1
22,ORD-2025-000021,SES-2025-001144,Debit Card,68.61,Successful,,2025-10-24 06:38:35,20251024,2
23,ORD-2025-000022,SES-2025-001187,PayPal,31.57,Successful,,2025-03-13 05:52:50,20250313,3
24,ORD-2025-000023,SES-2025-001224,Credit Card,44.8,Successful,,2025-11-27 02:52:58,20251127,1
25,ORD-2025-000024,SES-2025-001243,PayPal,31.81,Successful,,2025-12-24 22:14:11,20251224,3
26,,SES-2025-001384,Debit Card,349.0,Failed,DECLINED_BY_ISSUER,2025-12-26 04:04:19,20251226,2
27,ORD-2025-000025,SES-2025-001435,Credit Card,44.8,Successful,,2025-12-20 12:47:03,20251220,1
28,ORD-2025-000026,SES-2025-001482,PayPal,55.62,Successful,,2025-10-24 09:59:01,20251024,3
29,ORD-2025-000027,SES-2025-001502,Debit Card,77.27,Successful,,2025-06-05 04:02:01,20250605,2
30,ORD-2025-000028,SES-2025-001537,Apple Pay,162.36,Successful,,2025-04-27 12:11:43,20250427,4
31,ORD-2025-000029,SES-2025-001554,Credit Card,276.04,Successful,,2025-10-02 17:23:37,20251002,1
32,ORD-2025-000030,SES-2025-001566,Debit Card,92.01,Successful,,2025-12-31 14:50:45,20251231,2
33,ORD-2025-000031,SES-2025-001567,Credit Card,83.51,Successful,,2025-03-05 11:23:42,20250305,1
34,ORD-2025-000032,SES-2025-001620,Apple Pay,39.38,Successful,,2025-11-09 19:31:46,20251109,4
35,ORD-2025-000033,SES-2025-001623,Debit Card,86.59,Successful,,2025-02-28 16:53:22,20250228,2
36,ORD-2025-000034,SES-2025-001713,PayPal,156.96,Successful,,2025-09-07 19:02:32,20250907,3
37,ORD-2025-000035,SES-2025-001794,Credit Card,62.1,Successful,,2025-12-16 09:26:40,20251216,1
38,ORD-2025-000036,SES-2025-001807,Credit Card,755.59,Successful,,2025-10-08 08:26:10,20251008,1
39,ORD-2025-000037,SES-2025-001833,Credit Card,106.09,Successful,,2025-09-02 08:34:50,20250902,1
40,ORD-2025-000038,SES-2025-001849,Debit Card,36.14,Successful,,2025-06-09 22:23:57,20250609,2
41,ORD-2025-000039,SES-2025-001851,Credit Card,85.52,Successful,,2025-09-09 16:14:26,20250909,1
42,ORD-2025-000040,SES-2025-001897,Credit Card,589.48,Successful,,2025-03-05 12:59:00,20250305,1
43,ORD-2025-000041,SES-2025-001938,PayPal,85.52,Successful,,2025-11-24 07:10:02,20251124,3
44,ORD-2025-000042,SES-2025-001942,PayPal,53.46,Successful,,2025-12-10 09:57:00,20251210,3
45,ORD-2025-000043,SES-2025-002141,PayPal,49.13,Successful,,2025-08-06 11:33:13,20250806,3
46,ORD-2025-000044,SES-2025-002157,Credit Card,59.95,Successful,,2025-12-31 04:19:45,20251231,1
47,ORD-2025-000045,SES-2025-002238,Apple Pay,44.8,Successful,,2025-12-29 14:31:16,20251229,4
48,ORD-2025-000046,SES-2025-002272,Apple Pay,173.18,Successful,,2025-09-11 14:08:47,20250911,4
49,ORD-2025-000047,SES-2025-002273,Credit Card,85.52,Successful,,2025-06-24 06:51:52,20250624,1
50,ORD-2025-000048,SES-2025-002320,Debit Card,53.46,Successful,,2025-07-06 11:50:32,20250706,2
51,ORD-2025-000049,SES-2025-002340,Apple Pay,220.83,Successful,,2025-12-30 14:23:58,20251230,4
52,ORD-2025-000050,SES-2025-002395,PayPal,77.27,Successful,,2025-05-21 03:47:01,20250521,3
53,ORD-2025-000051,SES-2025-002461,PayPal,156.96,Successful,,2025-01-17 15:20:04,20250117,3
54,ORD-2025-000052,SES-2025-002585,Buy Now Pay Later,85.52,Successful,,2025-07-01 17:41:28,20250701,5
55,ORD-2025-000053,SES-2025-002588,PayPal,102.84,Successful,,2025-03-07 03:52:26,20250307,3
56,ORD-2025-000054,SES-2025-002637,Debit Card,156.96,Successful,,2025-12-04 00:05:31,20251204,2
57,ORD-2025-000055,SES-2025-002669,PayPal,61.03,Successful,,2025-12-26 07:37:50,20251226,3
58,ORD-2025-000056,SES-2025-002670,Credit Card,33.97,Successful,,2025-12-28 00:51:06,20251228,1
59,ORD-2025-000057,SES-2025-002715,Credit Card,151.53,Successful,,2025-10-11 19:47:37,20251011,1
60,ORD-2025-000058,SES-2025-002762,PayPal,51.28,Successful,,2025-11-22 10:05:41,20251122,3
61,ORD-2025-000059,SES-2025-002811,Credit Card,39.43,Successful,,2025-01-25 19:26:32,20250125,1
62,,SES-2025-002903,Debit Card,79.99,Failed,DECLINED_BY_ISSUER,2025-10-29 08:38:32,20251029,2
63,ORD-2025-000060,SES-2025-002908,Credit Card,119.08,Successful,,2025-12-28 19:09:35,20251228,1
64,ORD-2025-000061,SES-2025-002914,PayPal,108.08,Successful,,2025-03-19 06:34:48,20250319,3
65,ORD-2025-000062,SES-2025-002928,Apple Pay,88.1,Successful,,2025-09-25 16:40:42,20250925,4
66,,SES-2025-003051,PayPal,32.0,Failed,DECLINED_BY_ISSUER,2025-06-25 20:11:20,20250625,3
67,ORD-2025-000063,SES-2025-003078,PayPal,53.46,Successful,,2025-01-03 04:53:56,20250103,3
68,ORD-2025-000064,SES-2025-003115,Credit Card,35.05,Successful,,2025-05-04 01:18:39,20250504,1
69,ORD-2025-000065,SES-2025-003117,Credit Card,171.04,Successful,,2025-08-02 19:28:15,20250802,1
70,ORD-2025-000066,SES-2025-003142,Buy Now Pay Later,85.52,Successful,,2025-12-27 15:42:35,20251227,5
71,ORD-2025-000067,SES-2025-003155,Credit Card,86.59,Successful,,2025-09-28 03:53:23,20250928,1
72,ORD-2025-000068,SES-2025-003158,PayPal,39.43,Successful,,2025-07-27 10:15:18,20250727,3
73,ORD-2025-000069,SES-2025-003159,Credit Card,81.6,Successful,,2025-09-28 06:33:43,20250928,1
74,ORD-2025-000070,SES-2025-003175,Credit Card,31.81,Successful,,2025-12-17 04:16:52,20251217,1
75,ORD-2025-000071,SES-2025-003235,Apple Pay,42.63,Successful,,2025-11-29 04:34:14,20251129,4
76,ORD-2025-000072,SES-2025-003251,Credit Card,59.08,Successful,,2025-12-09 05:39:41,20251209,1
77,ORD-2025-000073,SES-2025-003254,Debit Card,156.96,Successful,,2025-09-01 18:23:11,20250901,2
78,ORD-2025-000074,SES-2025-003264,PayPal,85.52,Successful,,2025-07-07 10:57:21,20250707,3
79,ORD-2025-000075,SES-2025-003325,Debit Card,83.75,Successful,,2025-07-08 22:27:16,20250708,2
80,ORD-2025-000076,SES-2025-003354,Credit Card,42.63,Successful,,2025-08-04 10:07:20,20250804,1
81,ORD-2025-000077,SES-2025-003356,Credit Card,88.1,Successful,,2025-06-18 06:55:33,20250618,1
82,ORD-2025-000078,SES-2025-003468,Debit Card,238.15,Successful,,2025-03-08 10:29:26,20250308,2
83,ORD-2025-000079,SES-2025-003559,Apple Pay,96.34,Successful,,2025-07-22 06:47:20,20250722,4
84,ORD-2025-000080,SES-2025-003564,Debit Card,97.41,Successful,,2025-03-04 02:11:59,20250304,2
85,ORD-2025-000081,SES-2025-003625,Credit Card,77.27,Successful,,2025-05-07 01:21:43,20250507,1
86,ORD-2025-000082,SES-2025-003632,Credit Card,42.63,Successful,,2025-08-28 20:50:37,20250828,1
87,ORD-2025-000083,SES-2025-003655,PayPal,86.59,Successful,,2025-11-13 04:49:08,20251113,3
88,ORD-2025-000084,SES-2025-003706,Buy Now Pay Later,38.3,Successful,,2025-09-11 05:30:20,20250911,5
89,ORD-2025-000085,SES-2025-003719,Debit Card,78.59,Successful,,2025-11-29 00:05:01,20251129,2
90,,SES-2025-003846,PayPal,222.0,Failed,DECLINED_BY_ISSUER,2025-07-30 21:41:13,20250730,3
91,ORD-2025-000086,SES-2025-003856,Credit Card,35.05,Successful,,2025-10-15 08:31:44,20251015,1
92,ORD-2025-000087,SES-2025-003904,Buy Now Pay Later,67.52,Successful,,2025-12-23 21:49:03,20251223,5
93,ORD-2025-000088,SES-2025-003920,Credit Card,156.96,Successful,,2025-12-05 02:12:24,20251205,1
94,ORD-2025-000089,SES-2025-004009,PayPal,92.01,Successful,,2025-12-17 03:52:59,20251217,3
95,ORD-2025-000090,SES-2025-004040,Buy Now Pay Later,147.22,Successful,,2025-11-03 06:30:23,20251103,5
96,ORD-2025-000091,SES-2025-004127,Credit Card,36.14,Successful,,2025-09-28 19:43:40,20250928,1
97,ORD-2025-000092,SES-2025-004141,Debit Card,86.59,Successful,,2025-09-18 17:07:41,20250918,2
98,ORD-2025-000093,SES-2025-004162,Debit Card,82.27,Successful,,2025-05-01 18:32:36,20250501,2
99,ORD-2025-000094,SES-2025-004216,Credit Card,85.52,Successful,,2025-03-24 09:56:12,20250324,1
100,ORD-2025-000095,SES-2025-004217,Credit Card,44.8,Successful,,2025-04-04 02:46:38,20250404,1
101,ORD-2025-000096,SES-2025-004258,Debit Card,68.61,Successful,,2025-10-25 04:54:11,20251025,2
102,ORD-2025-000097,SES-2025-004261,Buy Now Pay Later,173.18,Successful,,2025-12-09 18:52:16,20251209,5
103,ORD-2025-000098,SES-2025-004267,PayPal,35.05,Successful,,2025-11-21 11:37:30,20251121,3
104,ORD-2025-000099,SES-2025-004297,Credit Card,62.1,Successful,,2025-10-23 05:36:45,20251023,1
105,ORD-2025-000100,SES-2025-004302,Debit Card,77.27,Successful,,2025-10-17 19:17:49,20251017,2
106,ORD-2025-000101,SES-2025-004310,Credit Card,36.14,Successful,,2025-12-04 03:08:41,20251204,1
107,ORD-2025-000102,SES-2025-004315,Debit Card,81.19,Successful,,2025-09-05 13:04:07,20250905,2
108,ORD-2025-000103,SES-2025-004363,Credit Card,81.6,Successful,,2025-10-18 08:13:41,20251018,1
109,ORD-2025-000104,SES-2025-004412,Credit Card,324.73,Successful,,2025-05-11 08:40:41,20250511,1
110,ORD-2025-000105,SES-2025-004413,Debit Card,42.63,Successful,,2025-08-06 17:39:55,20250806,2
111,ORD-2025-000106,SES-2025-004424,Credit Card,96.34,Successful,,2025-08-02 03:12:51,20250802,1
112,ORD-2025-000107,SES-2025-004455,Buy Now Pay Later,62.1,Successful,,2025-12-17 10:33:26,20251217,5
113,ORD-2025-000108,SES-2025-004575,Credit Card,77.27,Successful,,2025-02-19 21:35:01,20250219,1
114,ORD-2025-000109,SES-2025-004578,Debit Card,97.41,Successful,,2025-02-11 09:14:31,20250211,2
115,,SES-2025-004635,Debit Card,85.0,Failed,DECLINED_BY_ISSUER,2025-12-24 17:23:05,20251224,2
116,ORD-2025-000110,SES-2025-004674,Credit Card,49.26,Successful,,2025-04-21 15:55:47,20250421,1
117,ORD-2025-000111,SES-2025-004712,PayPal,83.75,Successful,,2025-11-23 03:30:46,20251123,3
118,ORD-2025-000112,SES-2025-004715,Debit Card,42.63,Successful,,2025-04-15 17:15:54,20250415,2
119,ORD-2025-000113,SES-2025-004720,Buy Now Pay Later,78.59,Successful,,2025-09-16 16:38:23,20250916,5
120,ORD-2025-000114,SES-2025-004763,Apple Pay,44.8,Successful,,2025-10-25 07:36:00,20251025,4
121,ORD-2025-000115,SES-2025-004803,Credit Card,184.03,Successful,,2025-09-05 07:36:14,20250905,1
122,ORD-2025-000116,SES-2025-004844,PayPal,119.08,Successful,,2025-11-11 10:49:08,20251111,3
123,ORD-2025-000117,SES-2025-004845,Apple Pay,53.46,Successful,,2025-06-17 11:43:45,20250617,4
124,ORD-2025-000118,SES-2025-004871,Debit Card,85.52,Successful,,2025-01-29 04:09:24,20250129,2
125,ORD-2025-000119,SES-2025-004877,Apple Pay,90.93,Successful,,2025-03-26 20:40:33,20250326,4
126,ORD-2025-000120,SES-2025-004888,Debit Card,377.79,Successful,,2025-10-31 12:23:24,20251031,2
127,ORD-2025-000121,SES-2025-004916,Apple Pay,324.74,Successful,,2025-10-10 20:05:56,20251010,4
128,ORD-2025-000122,SES-2025-004991,Credit Card,55.62,Successful,,2025-12-26 10:16:18,20251226,1
129,ORD-2025-000123,SES-2025-004998,Debit Card,162.36,Successful,,2025-10-10 02:11:22,20251010,2
130,ORD-2025-000124,SES-2025-005010,Buy Now Pay Later,57.11,Successful,,2025-02-18 13:25:10,20250218,5
131,ORD-2025-000125,SES-2025-005016,Credit Card,32.55,Successful,,2025-09-19 02:54:33,20250919,1
132,ORD-2025-000126,SES-2025-005075,Credit Card,95.26,Successful,,2025-12-30 22:52:17,20251230,1
133,ORD-2025-000127,SES-2025-005085,Credit Card,36.14,Successful,,2025-03-29 04:12:03,20250329,1
134,ORD-2025-000128,SES-2025-005104,Buy Now Pay Later,86.59,Successful,,2025-05-06 15:49:25,20250506,5
135,ORD-2025-000129,SES-2025-005135,Debit Card,81.6,Successful,,2025-07-21 23:25:02,20250721,2
136,ORD-2025-000130,SES-2025-005183,Credit Card,55.62,Successful,,2025-12-23 14:15:48,20251223,1
137,ORD-2025-000131,SES-2025-005195,PayPal,83.75,Successful,,2025-03-10 12:33:58,20250310,3
138,ORD-2025-000132,SES-2025-005202,Apple Pay,55.62,Successful,,2025-03-24 16:57:00,20250324,4
139,ORD-2025-000133,SES-2025-005208,Debit Card,33.97,Successful,,2025-11-15 22:52:51,20251115,2
140,ORD-2025-000134,SES-2025-005219,Credit Card,86.59,Successful,,2025-11-05 22:58:10,20251105,1
141,ORD-2025-000135,SES-2025-005233,Apple Pay,129.87,Successful,,2025-11-04 13:48:20,20251104,4
142,ORD-2025-000136,SES-2025-005237,Apple Pay,324.74,Successful,,2025-11-18 09:54:57,20251118,4
143,ORD-2025-000137,SES-2025-005258,Credit Card,85.52,Successful,,2025-05-22 03:16:19,20250522,1
144,ORD-2025-000138,SES-2025-005276,Credit Card,83.75,Successful,,2025-10-07 22:41:52,20251007,1
145,ORD-2025-000139,SES-2025-005279,Credit Card,51.28,Successful,,2025-11-14 03:37:24,20251114,1
146,ORD-2025-000140,SES-2025-005281,PayPal,155.24,Successful,,2025-07-06 14:48:03,20250706,3
147,ORD-2025-000141,SES-2025-005288,Credit Card,88.1,Successful,,2025-12-16 13:54:08,20251216,1
148,ORD-2025-000142,SES-2025-005316,Credit Card,90.93,Successful,,2025-10-25 15:56:39,20251025,1
149,ORD-2025-000143,SES-2025-005466,Credit Card,53.46,Successful,,2025-12-26 16:17:10,20251226,1
150,ORD-2025-000144,SES-2025-005482,Credit Card,51.28,Successful,,2025-08-10 09:29:13,20250810,1
151,ORD-2025-000145,SES-2025-005491,PayPal,119.05,Successful,,2025-12-12 20:21:52,20251212,3
152,ORD-2025-000146,SES-2025-005528,Credit Card,49.13,Successful,,2025-08-30 18:56:49,20250830,1
153,ORD-2025-000147,SES-2025-005540,Credit Card,44.8,Successful,,2025-12-11 18:11:44,20251211,1
154,ORD-2025-000148,SES-2025-005557,PayPal,85.52,Successful,,2025-10-22 04:48:52,20251022,3
155,ORD-2025-000149,SES-2025-005601,Debit Card,171.04,Successful,,2025-12-05 13:55:51,20251205,2
156,ORD-2025-000150,SES-2025-005691,PayPal,55.62,Successful,,2025-09-12 06:46:33,20250912,3
157,ORD-2025-000151,SES-2025-005740,Credit Card,86.59,Successful,,2025-11-06 23:54:44,20251106,1
158,ORD-2025-000152,SES-2025-005752,Credit Card,86.59,Successful,,2025-06-04 08:01:41,20250604,1
159,ORD-2025-000153,SES-2025-005766,Credit Card,160.21,Successful,,2025-07-31 00:36:59,20250731,1
160,ORD-2025-000154,SES-2025-005768,Credit Card,162.36,Successful,,2025-10-05 10:20:34,20251005,1
161,ORD-2025-000155,SES-2025-005886,PayPal,35.05,Successful,,2025-07-19 12:45:22,20250719,3
162,ORD-2025-000156,SES-2025-006083,Credit Card,55.15,Successful,,2025-08-14 08:31:08,20250814,1
163,ORD-2025-000157,SES-2025-006164,Apple Pay,31.81,Successful,,2025-11-19 20:01:28,20251119,4
164,ORD-2025-000158,SES-2025-006184,Credit Card,51.28,Successful,,2025-05-26 15:05:00,20250526,1
165,ORD-2025-000159,SES-2025-006217,Credit Card,31.81,Successful,,2025-04-06 13:44:22,20250406,1
166,ORD-2025-000160,SES-2025-006238,Credit Card,85.52,Successful,,2025-05-21 13:24:38,20250521,1
167,ORD-2025-000161,SES-2025-006242,PayPal,85.52,Successful,,2025-05-24 08:18:42,20250524,3
168,ORD-2025-000162,SES-2025-006290,Credit Card,142.46,Successful,,2025-12-18 05:15:37,20251218,1
169,,SES-2025-006332,Buy Now Pay Later,26.0,Failed,CREDIT_THRESHOLD_EXCEEDED,2025-01-18 03:46:17,20250118,5
170,ORD-2025-000163,SES-2025-006393,Debit Card,59.95,Successful,,2025-08-13 03:33:25,20250813,2
171,ORD-2025-000164,SES-2025-006420,PayPal,76.75,Successful,,2025-10-06 07:16:48,20251006,3
172,ORD-2025-000165,SES-2025-006493,Credit Card,86.59,Successful,,2025-06-12 15:38:40,20250612,1
173,ORD-2025-000166,SES-2025-006494,PayPal,77.27,Successful,,2025-11-05 13:44:22,20251105,3
174,ORD-2025-000167,SES-2025-006499,Debit Card,31.81,Successful,,2025-11-24 07:32:09,20251124,2
175,ORD-2025-000168,SES-2025-006514,Credit Card,49.13,Successful,,2025-12-15 19:21:19,20251215,1
176,ORD-2025-000169,SES-2025-006521,PayPal,57.11,Successful,,2025-12-28 14:16:16,20251228,3
177,ORD-2025-000170,SES-2025-006556,Credit Card,29.61,Successful,,2025-05-04 05:34:20,20250504,1
178,ORD-2025-000171,SES-2025-006606,Credit Card,102.84,Successful,,2025-04-23 04:44:50,20250423,1
179,ORD-2025-000172,SES-2025-006706,Debit Card,159.13,Successful,,2025-10-05 01:31:34,20251005,2
180,ORD-2025-000173,SES-2025-006761,Debit Card,55.15,Successful,,2025-11-14 13:24:55,20251114,2
181,ORD-2025-000174,SES-2025-006783,PayPal,77.27,Successful,,2025-12-12 14:35:18,20251212,3
182,ORD-2025-000175,SES-2025-006794,Credit Card,35.5,Successful,,2025-11-29 03:03:09,20251129,1
183,,SES-2025-006806,Apple Pay,147.0,Failed,DECLINED_BY_ISSUER,2025-09-30 22:16:46,20250930,4
184,ORD-2025-000176,SES-2025-006810,Credit Card,53.46,Successful,,2025-02-21 23:20:14,20250221,1
185,,SES-2025-006856,PayPal,22.0,Failed,DECLINED_BY_ISSUER,2025-06-29 05:56:16,20250629,3
186,ORD-2025-000177,SES-2025-006865,PayPal,44.8,Successful,,2025-10-18 11:00:41,20251018,3
187,ORD-2025-000178,SES-2025-006890,Credit Card,88.1,Successful,,2025-12-12 04:32:42,20251212,1
188,ORD-2025-000179,SES-2025-006897,Credit Card,42.63,Successful,,2025-01-05 23:21:58,20250105,1
189,ORD-2025-000180,SES-2025-006916,PayPal,85.52,Successful,,2025-09-28 01:56:17,20250928,3
190,ORD-2025-000181,SES-2025-006919,Credit Card,123.41,Successful,,2025-12-14 07:13:44,20251214,1
191,ORD-2025-000182,SES-2025-006922,Debit Card,31.81,Successful,,2025-02-22 06:17:25,20250222,2
192,ORD-2025-000183,SES-2025-006923,Credit Card,61.03,Successful,,2025-06-03 20:41:10,20250603,1
193,ORD-2025-000184,SES-2025-006969,PayPal,59.95,Successful,,2025-08-08 07:19:35,20250808,3
194,ORD-2025-000185,SES-2025-006992,Buy Now Pay Later,96.34,Successful,,2025-04-15 04:06:52,20250415,5
195,ORD-2025-000186,SES-2025-007039,Credit Card,97.41,Successful,,2025-12-11 12:16:20,20251211,1
196,ORD-2025-000187,SES-2025-007110,Credit Card,67.52,Successful,,2025-12-30 17:55:06,20251230,1
197,ORD-2025-000188,SES-2025-007122,Apple Pay,83.75,Successful,,2025-12-29 21:08:57,20251229,4
198,ORD-2025-000189,SES-2025-007127,Credit Card,55.15,Successful,,2025-01-16 01:44:04,20250116,1
199,ORD-2025-000190,SES-2025-007139,Debit Card,49.13,Successful,,2025-09-07 06:49:27,20250907,2
200,,SES-2025-007248,Apple Pay,85.0,Failed,DECLINED_BY_ISSUER,2025-08-31 12:37:07,20250831,4
201,ORD-2025-000191,SES-2025-007254,Debit Card,56.13,Successful,,2025-11-23 23:55:25,20251123,2
202,ORD-2025-000192,SES-2025-007272,Credit Card,151.53,Successful,,2025-06-17 06:06:54,20250617,1
203,ORD-2025-000193,SES-2025-007296,Apple Pay,77.27,Successful,,2025-09-16 14:48:48,20250916,4
204,ORD-2025-000194,SES-2025-007310,Credit Card,102.84,Successful,,2025-12-12 21:15:20,20251212,1
205,ORD-2025-000195,SES-2025-007316,PayPal,90.93,Successful,,2025-11-12 15:10:55,20251112,3
206,ORD-2025-000196,SES-2025-007322,Debit Card,55.62,Successful,,2025-05-05 23:07:17,20250505,2
207,ORD-2025-000197,SES-2025-007403,Credit Card,324.74,Successful,,2025-05-12 15:50:46,20250512,1
208,ORD-2025-000198,SES-2025-007479,Debit Card,136.4,Successful,,2025-11-11 06:37:19,20251111,2
209,ORD-2025-000199,SES-2025-007492,Credit Card,55.15,Successful,,2025-12-28 13:30:18,20251228,1
210,ORD-2025-000200,SES-2025-007501,PayPal,38.3,Successful,,2025-12-24 11:38:30,20251224,3
211,ORD-2025-000201,SES-2025-007530,Credit Card,53.46,Successful,,2025-12-26 21:06:31,20251226,1
212,,SES-2025-007568,Debit Card,24.0,Failed,DECLINED_BY_ISSUER,2025-11-05 06:14:52,20251105,2
213,ORD-2025-000202,SES-2025-007695,PayPal,92.01,Successful,,2025-12-21 12:49:23,20251221,3
214,ORD-2025-000203,SES-2025-007752,Credit Card,33.97,Successful,,2025-09-06 18:01:01,20250906,1
215,ORD-2025-000204,SES-2025-007768,Credit Card,162.36,Successful,,2025-01-30 02:33:10,20250130,1
216,ORD-2025-000205,SES-2025-007774,Buy Now Pay Later,39.38,Successful,,2025-12-13 04:50:58,20251213,5
217,ORD-2025-000206,SES-2025-007791,Debit Card,81.6,Successful,,2025-07-28 23:09:33,20250728,2
218,ORD-2025-000207,SES-2025-007794,Credit Card,38.3,Successful,,2025-10-19 18:24:04,20251019,1
219,ORD-2025-000208,SES-2025-007854,Credit Card,289.03,Successful,,2025-12-08 23:45:23,20251208,1
220,ORD-2025-000209,SES-2025-007878,Apple Pay,49.26,Successful,,2025-12-18 11:21:42,20251218,4
221,ORD-2025-000210,SES-2025-007879,Credit Card,33.97,Successful,,2025-04-23 12:06:42,20250423,1
222,ORD-2025-000211,SES-2025-007905,Credit Card,184.03,Successful,,2025-06-06 12:39:41,20250606,1
223,ORD-2025-000212,SES-2025-007960,Credit Card,31.81,Successful,,2025-06-21 23:31:01,20250621,1
224,ORD-2025-000213,SES-2025-007974,Credit Card,72.84,Successful,,2025-06-28 13:27:56,20250628,1
225,ORD-2025-000214,SES-2025-008042,Debit Card,88.1,Successful,,2025-08-09 05:44:09,20250809,2
226,ORD-2025-000215,SES-2025-008181,PayPal,147.36,Successful,,2025-11-29 05:13:22,20251129,3
227,ORD-2025-000216,SES-2025-008225,Buy Now Pay Later,88.1,Successful,,2025-05-29 23:33:23,20250529,5
228,ORD-2025-000217,SES-2025-008259,Debit Card,82.27,Successful,,2025-04-23 10:28:22,20250423,2
229,ORD-2025-000218,SES-2025-008312,Credit Card,171.04,Successful,,2025-12-28 20:43:24,20251228,1
230,ORD-2025-000219,SES-2025-008326,Credit Card,92.01,Successful,,2025-09-15 18:47:04,20250915,1
231,ORD-2025-000220,SES-2025-008328,PayPal,38.3,Successful,,2025-08-01 10:17:29,20250801,3
232,ORD-2025-000221,SES-2025-008337,Credit Card,44.8,Successful,,2025-12-20 18:47:43,20251220,1
233,ORD-2025-000222,SES-2025-008347,Debit Card,61.03,Successful,,2025-12-15 06:29:34,20251215,2
234,ORD-2025-000223,SES-2025-008378,Buy Now Pay Later,81.6,Successful,,2025-11-07 10:27:00,20251107,5
235,ORD-2025-000224,SES-2025-008418,PayPal,33.97,Successful,,2025-10-10 10:32:29,20251010,3
236,ORD-2025-000225,SES-2025-008443,Credit Card,377.79,Successful,,2025-01-02 02:04:53,20250102,1
237,ORD-2025-000226,SES-2025-008530,Credit Card,67.52,Successful,,2025-12-24 20:43:20,20251224,1
238,ORD-2025-000227,SES-2025-008543,Buy Now Pay Later,36.14,Successful,,2025-09-14 15:21:00,20250914,5
239,ORD-2025-000228,SES-2025-008572,Debit Card,55.62,Successful,,2025-01-11 23:50:09,20250111,2
240,,SES-2025-008649,PayPal,44.0,Failed,DECLINED_BY_ISSUER,2025-06-26 10:05:34,20250626,3
241,ORD-2025-000229,SES-2025-008770,Debit Card,38.3,Successful,,2025-12-20 11:38:39,20251220,2
242,ORD-2025-000230,SES-2025-008808,PayPal,487.09,Successful,,2025-08-25 01:03:37,20250825,3
243,ORD-2025-000231,SES-2025-008878,PayPal,83.75,Successful,,2025-12-08 23:59:50,20251208,3
244,ORD-2025-000232,SES-2025-008991,Debit Card,59.95,Successful,,2025-03-27 11:11:21,20250327,2
245,ORD-2025-000233,SES-2025-009014,Credit Card,55.62,Successful,,2025-10-18 13:51:45,20251018,1
246,ORD-2025-000234,SES-2025-009069,PayPal,324.74,Successful,,2025-08-03 13:49:00,20250803,3
247,ORD-2025-000235,SES-2025-009089,Credit Card,156.96,Successful,,2025-11-23 01:04:15,20251123,1
248,ORD-2025-000236,SES-2025-009099,Apple Pay,31.81,Successful,,2025-07-14 17:56:57,20250714,4
249,ORD-2025-000237,SES-2025-009127,Debit Card,42.63,Successful,,2025-10-03 10:20:59,20251003,2
250,,SES-2025-009164,Debit Card,89.99,Failed,DECLINED_BY_ISSUER,2025-10-02 10:51:44,20251002,2
251,ORD-2025-000238,SES-2025-009256,Credit Card,38.3,Successful,,2025-02-04 17:26:51,20250204,1
252,ORD-2025-000239,SES-2025-009266,Credit Card,51.28,Successful,,2025-05-31 06:14:54,20250531,1
253,ORD-2025-000240,SES-2025-009278,Credit Card,59.95,Successful,,2025-03-02 06:50:28,20250302,1
254,ORD-2025-000241,SES-2025-009349,Apple Pay,96.34,Successful,,2025-09-01 09:47:56,20250901,4
255,ORD-2025-000242,SES-2025-009386,PayPal,33.97,Successful,,2025-11-17 19:48:57,20251117,3
256,ORD-2025-000243,SES-2025-009401,PayPal,83.75,Successful,,2025-08-21 17:26:40,20250821,3
257,ORD-2025-000244,SES-2025-009434,Apple Pay,377.79,Successful,,2025-10-28 14:25:37,20251028,4
258,ORD-2025-000245,SES-2025-009496,PayPal,377.79,Successful,,2025-02-23 09:28:40,20250223,3
259,ORD-2025-000246,SES-2025-009503,PayPal,95.26,Successful,,2025-11-24 05:28:14,20251124,3
260,ORD-2025-000247,SES-2025-009637,Credit Card,62.11,Successful,,2025-08-20 16:16:29,20250820,1
261,ORD-2025-000248,SES-2025-009642,PayPal,53.46,Successful,,2025-06-13 09:33:35,20250613,3
262,ORD-2025-000249,SES-2025-009656,Apple Pay,85.52,Successful,,2025-09-01 01:21:26,20250901,4
263,ORD-2025-000250,SES-2025-009681,Credit Card,88.1,Successful,,2025-12-28 06:30:00,20251228,1
264,ORD-2025-000251,SES-2025-009755,Apple Pay,64.28,Successful,,2025-11-08 14:31:33,20251108,4
265,ORD-2025-000252,SES-2025-009803,Credit Card,97.41,Successful,,2025-12-13 04:20:38,20251213,1
266,ORD-2025-000253,SES-2025-009817,Debit Card,49.13,Successful,,2025-12-13 03:42:33,20251213,2
267,ORD-2025-000254,SES-2025-009836,PayPal,85.52,Successful,,2025-05-25 14:48:52,20250525,3
268,,SES-2025-009938,Buy Now Pay Later,149.99,Failed,CREDIT_THRESHOLD_EXCEEDED,2025-04-29 22:30:06,20250429,5
269,ORD-2025-000255,SES-2025-009992,Debit Card,97.41,Successful,,2025-12-22 09:52:16,20251222,2
270,ORD-2025-000256,SES-2025-010057,Credit Card,156.96,Successful,,2025-10-31 08:49:39,20251031,1
271,ORD-2025-000257,SES-2025-010059,Credit Card,77.62,Successful,,2025-11-25 02:05:30,20251125,1
272,ORD-2025-000258,SES-2025-010088,Credit Card,39.38,Successful,,2025-04-13 03:40:59,20250413,1
273,ORD-2025-000259,SES-2025-010145,Credit Card,171.04,Successful,,2025-08-06 11:04:37,20250806,1
274,ORD-2025-000260,SES-2025-010146,Credit Card,35.05,Successful,,2025-11-09 13:21:32,20251109,1
275,ORD-2025-000261,SES-2025-010221,Debit Card,35.05,Successful,,2025-09-11 17:27:06,20250911,2
276,ORD-2025-000262,SES-2025-010467,PayPal,96.34,Successful,,2025-06-26 23:54:03,20250626,3
277,ORD-2025-000263,SES-2025-010645,PayPal,38.3,Successful,,2025-05-16 19:39:22,20250516,3
278,ORD-2025-000264,SES-2025-010677,Apple Pay,36.14,Successful,,2025-12-27 14:43:18,20251227,4
279,ORD-2025-000265,SES-2025-010768,Credit Card,62.1,Successful,,2025-10-22 23:31:52,20251022,1
280,ORD-2025-000266,SES-2025-010803,PayPal,96.34,Successful,,2025-12-26 11:44:12,20251226,3
281,ORD-2025-000267,SES-2025-010972,Buy Now Pay Later,119.08,Successful,,2025-11-28 08:42:43,20251128,5
282,ORD-2025-000268,SES-2025-010974,Credit Card,85.52,Successful,,2025-06-24 04:42:42,20250624,1
283,ORD-2025-000269,SES-2025-010979,Debit Card,38.3,Successful,,2025-08-07 03:46:21,20250807,2
284,ORD-2025-000270,SES-2025-011016,Credit Card,156.96,Successful,,2025-05-11 10:41:20,20250511,1
285,ORD-2025-000271,SES-2025-011019,Buy Now Pay Later,38.3,Successful,,2025-12-11 07:48:40,20251211,5
286,ORD-2025-000272,SES-2025-011045,Apple Pay,256.55,Successful,,2025-11-10 16:25:31,20251110,4
287,ORD-2025-000273,SES-2025-011057,Apple Pay,192.69,Successful,,2025-09-16 05:03:33,20250916,4
288,ORD-2025-000274,SES-2025-011121,PayPal,88.1,Successful,,2025-08-03 00:34:24,20250803,3
289,ORD-2025-000275,SES-2025-011148,Buy Now Pay Later,86.59,Successful,,2025-12-11 18:20:15,20251211,5
290,ORD-2025-000276,SES-2025-011176,Credit Card,33.54,Successful,,2025-06-03 20:53:01,20250603,1
291,ORD-2025-000277,SES-2025-011184,Buy Now Pay Later,59.95,Successful,,2025-12-16 22:24:47,20251216,5
292,ORD-2025-000278,SES-2025-011241,Credit Card,38.3,Successful,,2025-12-22 01:42:28,20251222,1
293,ORD-2025-000279,SES-2025-011269,Buy Now Pay Later,44.8,Successful,,2025-08-17 19:13:59,20250817,5
294,ORD-2025-000280,SES-2025-011311,PayPal,96.34,Successful,,2025-12-22 06:52:30,20251222,3
295,ORD-2025-000281,SES-2025-011394,Apple Pay,88.1,Successful,,2025-11-15 02:42:53,20251115,4
296,ORD-2025-000282,SES-2025-011399,PayPal,85.52,Successful,,2025-12-27 05:57:54,20251227,3
297,ORD-2025-000283,SES-2025-011434,Credit Card,81.6,Successful,,2025-02-24 06:14:51,20250224,1
298,ORD-2025-000284,SES-2025-011554,PayPal,162.36,Successful,,2025-12-07 11:28:10,20251207,3
299,ORD-2025-000285,SES-2025-011600,Debit Card,487.09,Successful,,2025-08-07 22:25:55,20250807,2
300,ORD-2025-000286,SES-2025-011704,Credit Card,64.28,Successful,,2025-05-11 06:35:54,20250511,1
301,ORD-2025-000287,SES-2025-011816,Debit Card,49.13,Successful,,2025-05-28 15:00:10,20250528,2
302,ORD-2025-000288,SES-2025-011838,PayPal,62.1,Successful,,2025-12-11 13:13:06,20251211,3
303,ORD-2025-000289,SES-2025-011920,Credit Card,96.34,Successful,,2025-09-13 22:13:52,20250913,1
304,,SES-2025-011964,Buy Now Pay Later,24.0,Failed,CREDIT_THRESHOLD_EXCEEDED,2025-11-30 14:41:32,20251130,5
305,ORD-2025-000290,SES-2025-012006,Debit Card,44.8,Successful,,2025-10-10 21:48:41,20251010,2
306,ORD-2025-000291,SES-2025-012120,Credit Card,81.6,Successful,,2025-10-08 16:23:08,20251008,1
307,ORD-2025-000292,SES-2025-012199,Debit Card,44.8,Successful,,2025-12-25 17:09:08,20251225,2
308,ORD-2025-000293,SES-2025-012212,Debit Card,55.62,Successful,,2025-12-05 19:20:32,20251205,2
309,ORD-2025-000294,SES-2025-012213,Credit Card,86.58,Successful,,2025-12-25 22:23:39,20251225,1
310,ORD-2025-000295,SES-2025-012246,Debit Card,173.18,Successful,,2025-01-18 22:28:06,20250118,2
311,ORD-2025-000296,SES-2025-012301,Debit Card,62.1,Successful,,2025-08-31 12:59:54,20250831,2
312,ORD-2025-000297,SES-2025-012326,Credit Card,95.26,Successful,,2025-08-03 14:32:47,20250803,1
313,ORD-2025-000298,SES-2025-012335,Debit Card,108.23,Successful,,2025-12-25 08:21:33,20251225,2
314,ORD-2025-000299,SES-2025-012342,Credit Card,119.08,Successful,,2025-12-10 05:51:29,20251210,1
315,ORD-2025-000300,SES-2025-012346,Credit Card,81.6,Successful,,2025-02-06 23:56:07,20250206,1
316,ORD-2025-000301,SES-2025-012393,Debit Card,77.62,Successful,,2025-09-17 13:57:45,20250917,2
317,ORD-2025-000302,SES-2025-012394,Apple Pay,97.41,Successful,,2025-10-12 12:17:22,20251012,4
318,ORD-2025-000303,SES-2025-012399,Credit Card,82.53,Successful,,2025-04-30 03:17:36,20250430,1
319,ORD-2025-000304,SES-2025-012411,PayPal,55.62,Successful,,2025-10-29 20:23:32,20251029,3
320,ORD-2025-000305,SES-2025-012465,Apple Pay,108.23,Successful,,2025-06-25 04:19:39,20250625,4
321,ORD-2025-000306,SES-2025-012490,Credit Card,147.22,Successful,,2025-04-26 23:46:17,20250426,1
322,ORD-2025-000307,SES-2025-012553,PayPal,88.1,Successful,,2025-10-01 22:57:32,20251001,3
323,ORD-2025-000308,SES-2025-012566,Credit Card,38.3,Successful,,2025-04-09 00:37:40,20250409,1
324,ORD-2025-000309,SES-2025-012580,Credit Card,88.1,Successful,,2025-09-12 01:11:12,20250912,1
325,ORD-2025-000310,SES-2025-012585,Debit Card,80.7,Successful,,2025-10-03 01:20:58,20251003,2
326,ORD-2025-000311,SES-2025-012664,Debit Card,59.95,Successful,,2025-12-07 20:41:38,20251207,2
327,,SES-2025-012718,Credit Card,24.0,Failed,DECLINED_BY_ISSUER,2025-12-10 06:46:44,20251210,1
328,ORD-2025-000312,SES-2025-012730,Debit Card,55.62,Successful,,2025-12-29 21:13:40,20251229,2
329,ORD-2025-000313,SES-2025-012737,Buy Now Pay Later,85.52,Successful,,2025-06-13 05:26:09,20250613,5
330,ORD-2025-000314,SES-2025-012765,PayPal,77.62,Successful,,2025-11-07 04:14:39,20251107,3
331,ORD-2025-000315,SES-2025-012789,Buy Now Pay Later,86.58,Successful,,2025-03-17 12:34:04,20250317,5
332,ORD-2025-000316,SES-2025-012848,Credit Card,93.34,Successful,,2025-12-22 21:52:11,20251222,1
333,ORD-2025-000317,SES-2025-012872,Debit Card,39.43,Successful,,2025-11-20 10:11:59,20251120,2
334,ORD-2025-000318,SES-2025-012916,PayPal,36.14,Successful,,2025-10-27 16:51:59,20251027,3
335,ORD-2025-000319,SES-2025-012924,Debit Card,67.52,Successful,,2025-04-25 17:30:00,20250425,2
336,ORD-2025-000320,SES-2025-012968,Buy Now Pay Later,53.46,Successful,,2025-11-03 08:43:51,20251103,5
337,ORD-2025-000321,SES-2025-013079,Credit Card,649.48,Successful,,2025-12-16 21:51:01,20251216,1
338,ORD-2025-000322,SES-2025-013084,Credit Card,67.52,Successful,,2025-05-28 06:02:30,20250528,1
339,ORD-2025-000323,SES-2025-013086,PayPal,755.59,Successful,,2025-09-05 11:16:26,20250905,3
340,ORD-2025-000324,SES-2025-013156,PayPal,59.95,Successful,,2025-11-19 14:57:17,20251119,3
341,,SES-2025-013159,Credit Card,34.0,Failed,DECLINED_BY_ISSUER,2025-07-02 17:11:12,20250702,1
342,ORD-2025-000325,SES-2025-013174,Credit Card,82.53,Successful,,2025-09-14 06:08:43,20250914,1
343,ORD-2025-000326,SES-2025-013285,Credit Card,108.23,Successful,,2025-11-14 12:42:25,20251114,1
344,ORD-2025-000327,SES-2025-013310,Debit Card,88.41,Successful,,2025-10-10 07:44:24,20251010,2
345,ORD-2025-000328,SES-2025-013313,Credit Card,83.75,Successful,,2025-11-16 02:44:43,20251116,1
346,ORD-2025-000329,SES-2025-013362,Credit Card,119.08,Successful,,2025-05-22 04:01:22,20250522,1
347,ORD-2025-000330,SES-2025-013369,PayPal,33.97,Successful,,2025-11-09 22:43:06,20251109,3
348,ORD-2025-000331,SES-2025-013377,PayPal,61.03,Successful,,2025-10-23 06:07:17,20251023,3
349,ORD-2025-000332,SES-2025-013393,Credit Card,96.34,Successful,,2025-06-05 20:00:21,20250605,1
350,ORD-2025-000333,SES-2025-013425,Debit Card,38.3,Successful,,2025-02-22 20:43:04,20250222,2
351,ORD-2025-000334,SES-2025-013431,Apple Pay,156.96,Successful,,2025-08-05 16:57:20,20250805,4
352,ORD-2025-000335,SES-2025-013438,Apple Pay,194.83,Successful,,2025-10-02 14:59:57,20251002,4
353,ORD-2025-000336,SES-2025-013469,Debit Card,377.79,Successful,,2025-07-19 11:18:21,20250719,2
354,ORD-2025-000337,SES-2025-013543,Credit Card,171.04,Successful,,2025-03-03 05:34:33,20250303,1
355,ORD-2025-000338,SES-2025-013551,PayPal,92.01,Successful,,2025-01-31 22:35:37,20250131,3
356,ORD-2025-000339,SES-2025-013560,Credit Card,88.1,Successful,,2025-05-14 22:20:37,20250514,1
357,ORD-2025-000340,SES-2025-013578,Apple Pay,377.79,Successful,,2025-12-22 18:20:41,20251222,4
358,ORD-2025-000341,SES-2025-013587,Credit Card,88.1,Successful,,2025-10-14 10:37:46,20251014,1
359,ORD-2025-000342,SES-2025-013633,Debit Card,119.05,Successful,,2025-06-11 08:19:48,20250611,2
360,ORD-2025-000343,SES-2025-013773,Buy Now Pay Later,156.96,Successful,,2025-11-09 08:06:13,20251109,5
361,ORD-2025-000344,SES-2025-013777,Credit Card,80.7,Successful,,2025-08-26 22:48:58,20250826,1
362,ORD-2025-000345,SES-2025-013897,Debit Card,313.93,Successful,,2025-11-08 11:11:53,20251108,2
363,ORD-2025-000346,SES-2025-013949,PayPal,62.1,Successful,,2025-02-17 12:17:32,20250217,3
364,ORD-2025-000347,SES-2025-014014,Credit Card,31.81,Successful,,2025-09-17 23:38:16,20250917,1
365,ORD-2025-000348,SES-2025-014051,Debit Card,470.89,Successful,,2025-03-05 22:32:02,20250305,2
366,ORD-2025-000349,SES-2025-014055,PayPal,96.34,Successful,,2025-05-14 09:02:25,20250514,3
367,ORD-2025-000350,SES-2025-014059,Credit Card,324.74,Successful,,2025-11-28 16:17:15,20251128,1
368,ORD-2025-000351,SES-2025-014080,Credit Card,51.28,Successful,,2025-03-29 17:29:55,20250329,1
369,,SES-2025-014125,Credit Card,110.0,Failed,DECLINED_BY_ISSUER,2025-12-18 08:51:13,20251218,1
370,ORD-2025-000352,SES-2025-014147,Apple Pay,35.05,Successful,,2025-02-07 15:04:40,20250207,4
371,ORD-2025-000353,SES-2025-014172,PayPal,276.04,Successful,,2025-02-06 14:27:18,20250206,3
372,ORD-2025-000354,SES-2025-014177,Debit Card,129.87,Successful,,2025-10-25 17:04:40,20251025,2
373,ORD-2025-000355,SES-2025-014235,Credit Card,156.96,Successful,,2025-01-02 12:33:22,20250102,1
374,ORD-2025-000356,SES-2025-014270,Apple Pay,86.59,Successful,,2025-12-11 14:43:53,20251211,4
375,ORD-2025-000357,SES-2025-014294,PayPal,194.83,Successful,,2025-10-29 17:28:01,20251029,3
376,ORD-2025-000358,SES-2025-014316,PayPal,80.7,Successful,,2025-12-07 00:22:30,20251207,3
377,ORD-2025-000359,SES-2025-014351,Credit Card,97.41,Successful,,2025-12-14 20:25:59,20251214,1
378,,SES-2025-014406,Buy Now Pay Later,110.0,Failed,CREDIT_THRESHOLD_EXCEEDED,2025-10-02 02:43:11,20251002,5
379,ORD-2025-000360,SES-2025-014428,Credit Card,81.6,Successful,,2025-12-30 13:40:16,20251230,1
380,ORD-2025-000361,SES-2025-014441,Credit Card,96.34,Successful,,2025-11-28 17:53:30,20251128,1
381,ORD-2025-000362,SES-2025-014444,Credit Card,102.84,Successful,,2025-12-28 01:05:02,20251228,1
382,ORD-2025-000363,SES-2025-014465,Credit Card,51.28,Successful,,2025-11-08 15:44:43,20251108,1
383,ORD-2025-000364,SES-2025-014477,Credit Card,62.11,Successful,,2025-11-28 05:34:52,20251128,1
384,ORD-2025-000365,SES-2025-014514,Credit Card,90.93,Successful,,2025-04-26 12:32:04,20250426,1
385,ORD-2025-000366,SES-2025-014625,PayPal,35.05,Successful,,2025-12-28 13:11:19,20251228,3
386,ORD-2025-000367,SES-2025-014626,Credit Card,33.97,Successful,,2025-12-22 19:30:45,20251222,1
387,ORD-2025-000368,SES-2025-014686,Credit Card,39.43,Successful,,2025-12-15 12:43:49,20251215,1
388,ORD-2025-000369,SES-2025-014747,Buy Now Pay Later,51.28,Successful,,2025-12-23 23:35:58,20251223,5
389,ORD-2025-000370,SES-2025-014767,Debit Card,173.18,Successful,,2025-08-05 08:29:23,20250805,2
390,ORD-2025-000371,SES-2025-014797,Credit Card,85.52,Successful,,2025-06-18 17:00:02,20250618,1
391,ORD-2025-000372,SES-2025-014843,Credit Card,68.61,Successful,,2025-05-06 12:51:57,20250506,1
392,ORD-2025-000373,SES-2025-014846,Debit Card,49.13,Successful,,2025-05-15 16:05:32,20250515,2
393,ORD-2025-000374,SES-2025-014909,PayPal,81.6,Successful,,2025-12-28 11:47:45,20251228,3
394,ORD-2025-000375,SES-2025-014946,Debit Card,119.08,Successful,,2025-04-12 11:17:05,20250412,2
395,ORD-2025-000376,SES-2025-014969,Apple Pay,44.8,Successful,,2025-06-16 13:03:13,20250616,4
396,ORD-2025-000377,SES-2025-015007,Credit Card,96.29,Successful,,2025-11-27 20:22:41,20251127,1
397,ORD-2025-000378,SES-2025-015031,Buy Now Pay Later,38.3,Successful,,2025-09-15 16:21:12,20250915,5
398,ORD-2025-000379,SES-2025-015077,PayPal,38.3,Successful,,2025-12-14 10:47:26,20251214,3
399,ORD-2025-000380,SES-2025-015088,Debit Card,142.46,Successful,,2025-05-25 15:10:41,20250525,2
400,ORD-2025-000381,SES-2025-015094,PayPal,78.59,Successful,,2025-05-12 06:09:44,20250512,3
401,ORD-2025-000382,SES-2025-015201,Credit Card,61.03,Successful,,2025-07-07 00:02:05,20250707,1
402,ORD-2025-000383,SES-2025-015206,PayPal,35.5,Successful,,2025-03-21 23:58:25,20250321,3
403,ORD-2025-000384,SES-2025-015222,Credit Card,31.81,Successful,,2025-03-17 07:15:21,20250317,1
404,ORD-2025-000385,SES-2025-015225,PayPal,81.6,Successful,,2025-10-01 01:15:12,20251001,3
405,ORD-2025-000386,SES-2025-015284,Credit Card,36.14,Successful,,2025-10-25 14:42:25,20251025,1
406,ORD-2025-000387,SES-2025-015290,PayPal,119.08,Successful,,2025-04-21 10:55:50,20250421,3
407,ORD-2025-000388,SES-2025-015369,PayPal,79.44,Successful,,2025-04-23 00:24:06,20250423,3
408,ORD-2025-000389,SES-2025-015375,Apple Pay,119.08,Successful,,2025-03-29 02:43:42,20250329,4
409,,SES-2025-015404,Credit Card,38.0,Failed,DECLINED_BY_ISSUER,2025-04-01 05:19:59,20250401,1
410,ORD-2025-000390,SES-2025-015517,PayPal,53.46,Successful,,2025-03-09 18:15:56,20250309,3
411,ORD-2025-000391,SES-2025-015545,Credit Card,93.34,Successful,,2025-12-09 04:57:40,20251209,1
412,ORD-2025-000392,SES-2025-015581,PayPal,85.93,Successful,,2025-12-03 00:31:13,20251203,3
413,ORD-2025-000393,SES-2025-015609,Credit Card,160.21,Successful,,2025-06-11 04:15:46,20250611,1
414,ORD-2025-000394,SES-2025-015616,PayPal,119.08,Successful,,2025-11-19 02:49:40,20251119,3
415,ORD-2025-000395,SES-2025-015689,Apple Pay,232.85,Successful,,2025-03-02 22:53:06,20250302,4
416,ORD-2025-000396,SES-2025-015700,Credit Card,470.89,Successful,,2025-07-10 04:08:52,20250710,1
417,ORD-2025-000397,SES-2025-015741,Apple Pay,95.26,Successful,,2025-03-14 19:38:31,20250314,4
418,ORD-2025-000398,SES-2025-015750,Credit Card,103.92,Successful,,2025-12-15 07:19:23,20251215,1
419,ORD-2025-000399,SES-2025-015755,Credit Card,59.95,Successful,,2025-08-05 23:30:48,20250805,1
420,ORD-2025-000400,SES-2025-015800,Apple Pay,59.95,Successful,,2025-10-02 18:00:46,20251002,4
421,ORD-2025-000401,SES-2025-015836,Credit Card,79.44,Successful,,2025-05-27 15:03:56,20250527,1
422,ORD-2025-000402,SES-2025-015845,Credit Card,83.75,Successful,,2025-12-21 17:33:07,20251221,1
423,ORD-2025-000403,SES-2025-015854,Credit Card,96.34,Successful,,2025-12-02 11:06:18,20251202,1
424,ORD-2025-000404,SES-2025-015863,Apple Pay,289.03,Successful,,2025-05-09 20:29:52,20250509,4
425,ORD-2025-000405,SES-2025-015890,Debit Card,67.52,Successful,,2025-10-21 11:47:11,20251021,2
426,ORD-2025-000406,SES-2025-015928,Apple Pay,49.13,Successful,,2025-08-25 17:53:50,20250825,4
427,ORD-2025-000407,SES-2025-015940,Credit Card,56.13,Successful,,2025-12-22 19:49:48,20251222,1
428,ORD-2025-000408,SES-2025-015960,Debit Card,119.08,Successful,,2025-12-26 08:13:10,20251226,2
429,ORD-2025-000409,SES-2025-015971,Credit Card,78.58,Successful,,2025-12-31 07:15:58,20251231,1
430,ORD-2025-000410,SES-2025-016059,Debit Card,259.77,Successful,,2025-10-24 14:18:19,20251024,2
431,ORD-2025-000411,SES-2025-016071,PayPal,142.46,Successful,,2025-09-06 07:39:48,20250906,3
432,ORD-2025-000412,SES-2025-016120,Credit Card,39.43,Successful,,2025-12-16 21:03:49,20251216,1
433,ORD-2025-000413,SES-2025-016150,Credit Card,38.3,Successful,,2025-10-09 23:00:47,20251009,1
434,ORD-2025-000414,SES-2025-016159,Credit Card,83.51,Successful,,2025-12-29 14:05:43,20251229,1
435,ORD-2025-000415,SES-2025-016217,Debit Card,156.96,Successful,,2025-02-11 03:39:21,20250211,2
436,ORD-2025-000416,SES-2025-016223,Debit Card,59.95,Successful,,2025-10-04 03:52:38,20251004,2
437,,SES-2025-016241,Apple Pay,84.0,Failed,DECLINED_BY_ISSUER,2025-08-05 06:30:48,20250805,4
438,ORD-2025-000417,SES-2025-016257,Credit Card,39.38,Successful,,2025-11-28 02:15:56,20251128,1
439,ORD-2025-000418,SES-2025-016339,Buy Now Pay Later,55.62,Successful,,2025-09-08 04:26:11,20250908,5
440,ORD-2025-000419,SES-2025-016426,Credit Card,377.79,Successful,,2025-08-25 03:35:51,20250825,1
441,ORD-2025-000420,SES-2025-016437,PayPal,162.36,Successful,,2025-10-13 14:06:45,20251013,3
442,ORD-2025-000421,SES-2025-016444,PayPal,39.38,Successful,,2025-09-09 19:31:17,20250909,3
443,ORD-2025-000422,SES-2025-016500,Credit Card,86.59,Successful,,2025-12-05 18:46:29,20251205,1
444,ORD-2025-000423,SES-2025-016508,Debit Card,85.52,Successful,,2025-12-10 04:39:10,20251210,2
445,ORD-2025-000424,SES-2025-016605,Apple Pay,68.61,Successful,,2025-12-04 20:35:32,20251204,4
446,ORD-2025-000425,SES-2025-016626,Credit Card,55.62,Successful,,2025-09-27 18:50:45,20250927,1
447,ORD-2025-000426,SES-2025-016631,PayPal,67.52,Successful,,2025-03-22 01:47:36,20250322,3
448,ORD-2025-000427,SES-2025-016670,Apple Pay,33.97,Successful,,2025-10-27 03:27:03,20251027,4
449,,SES-2025-016712,Credit Card,39.99,Failed,DECLINED_BY_ISSUER,2025-12-28 14:41:27,20251228,1
450,ORD-2025-000428,SES-2025-016714,Buy Now Pay Later,51.28,Successful,,2025-12-11 06:25:03,20251211,5
451,ORD-2025-000429,SES-2025-016723,Debit Card,87.44,Successful,,2025-11-16 01:58:14,20251116,2
452,ORD-2025-000430,SES-2025-016731,Credit Card,36.14,Successful,,2025-05-20 07:25:21,20250520,1
453,ORD-2025-000431,SES-2025-016765,Credit Card,33.97,Successful,,2025-02-02 19:46:38,20250202,1
454,ORD-2025-000432,SES-2025-016797,Apple Pay,39.38,Successful,,2025-10-17 09:20:53,20251017,4
455,ORD-2025-000433,SES-2025-016804,Debit Card,755.59,Successful,,2025-12-25 05:27:09,20251225,2
456,ORD-2025-000434,SES-2025-016818,Credit Card,49.13,Successful,,2025-12-25 05:20:03,20251225,1
457,ORD-2025-000435,SES-2025-016853,PayPal,77.62,Successful,,2025-05-10 22:42:31,20250510,3
458,ORD-2025-000436,SES-2025-016857,Debit Card,96.34,Successful,,2025-04-08 04:50:25,20250408,2
459,ORD-2025-000437,SES-2025-017011,Debit Card,74.8,Successful,,2025-01-09 10:31:26,20250109,2
460,ORD-2025-000438,SES-2025-017030,Debit Card,47.28,Successful,,2025-08-06 21:36:43,20250806,2
461,ORD-2025-000439,SES-2025-017052,Buy Now Pay Later,83.75,Successful,,2025-07-02 19:49:49,20250702,5
462,ORD-2025-000440,SES-2025-017118,Credit Card,377.79,Successful,,2025-06-08 18:09:07,20250608,1
463,,SES-2025-017119,Credit Card,22.0,Failed,DECLINED_BY_ISSUER,2025-12-18 18:32:01,20251218,1
464,ORD-2025-000441,SES-2025-017147,Credit Card,44.8,Successful,,2025-12-09 17:15:41,20251209,1
465,ORD-2025-000442,SES-2025-017206,Credit Card,31.81,Successful,,2025-07-06 08:37:43,20250706,1
466,ORD-2025-000443,SES-2025-017258,Credit Card,377.79,Successful,,2025-12-25 20:58:41,20251225,1
467,ORD-2025-000444,SES-2025-017272,PayPal,67.52,Successful,,2025-08-21 21:03:14,20250821,3
468,,SES-2025-017291,Credit Card,50.0,Failed,DECLINED_BY_ISSUER,2025-10-31 17:56:05,20251031,1
469,ORD-2025-000445,SES-2025-017306,Buy Now Pay Later,324.73,Successful,,2025-09-27 16:33:48,20250927,5
470,ORD-2025-000446,SES-2025-017340,Buy Now Pay Later,92.01,Successful,,2025-06-10 06:49:40,20250610,5
471,ORD-2025-000447,SES-2025-017342,Buy Now Pay Later,61.03,Successful,,2025-07-03 06:56:24,20250703,5
472,ORD-2025-000448,SES-2025-017364,PayPal,44.8,Successful,,2025-11-14 10:51:18,20251114,3
473,ORD-2025-000449,SES-2025-017366,Debit Card,85.52,Successful,,2025-09-25 03:05:19,20250925,2
474,ORD-2025-000450,SES-2025-017453,Credit Card,35.05,Successful,,2025-12-18 22:00:56,20251218,1
475,ORD-2025-000451,SES-2025-017496,PayPal,36.14,Successful,,2025-04-12 20:05:19,20250412,3
476,,SES-2025-017504,PayPal,49.99,Failed,DECLINED_BY_ISSUER,2025-11-18 18:48:41,20251118,3
477,ORD-2025-000452,SES-2025-017550,Credit Card,81.6,Successful,,2025-11-08 12:59:43,20251108,1
478,ORD-2025-000453,SES-2025-017558,Credit Card,108.08,Successful,,2025-12-27 12:17:12,20251227,1
479,ORD-2025-000454,SES-2025-017586,Apple Pay,289.03,Successful,,2025-12-25 13:36:48,20251225,4
480,ORD-2025-000455,SES-2025-017603,Credit Card,95.26,Successful,,2025-07-27 03:15:19,20250727,1
481,ORD-2025-000456,SES-2025-017606,Debit Card,81.6,Successful,,2025-10-31 15:29:07,20251031,2
482,ORD-2025-000457,SES-2025-017635,Credit Card,44.8,Successful,,2025-08-05 02:48:45,20250805,1
483,,SES-2025-017678,PayPal,34.0,Failed,DECLINED_BY_ISSUER,2025-05-02 20:53:48,20250502,3
484,ORD-2025-000458,SES-2025-017692,Credit Card,77.27,Successful,,2025-04-09 19:55:52,20250409,1
485,ORD-2025-000459,SES-2025-017767,Credit Card,589.48,Successful,,2025-09-07 07:34:12,20250907,1
486,ORD-2025-000460,SES-2025-017811,Debit Card,103.92,Successful,,2025-01-29 11:17:02,20250129,2
487,ORD-2025-000461,SES-2025-017812,Credit Card,36.14,Successful,,2025-04-24 15:41:50,20250424,1
488,ORD-2025-000462,SES-2025-017856,Apple Pay,38.3,Successful,,2025-12-19 10:35:54,20251219,4
489,ORD-2025-000463,SES-2025-017862,Credit Card,61.03,Successful,,2025-12-15 21:29:09,20251215,1
490,ORD-2025-000464,SES-2025-017955,Debit Card,74.8,Successful,,2025-10-08 18:08:26,20251008,2
491,ORD-2025-000465,SES-2025-017958,Apple Pay,98.23,Successful,,2025-09-26 07:52:36,20250926,4
492,ORD-2025-000466,SES-2025-017971,Debit Card,55.62,Successful,,2025-02-21 09:11:54,20250221,2
493,ORD-2025-000467,SES-2025-018109,Credit Card,42.63,Successful,,2025-02-01 03:23:37,20250201,1
494,ORD-2025-000468,SES-2025-018120,Credit Card,77.27,Successful,,2025-09-17 05:22:56,20250917,1
495,ORD-2025-000469,SES-2025-018345,Credit Card,55.15,Successful,,2025-08-04 14:48:09,20250804,1
496,ORD-2025-000470,SES-2025-018347,Credit Card,38.3,Successful,,2025-12-28 21:09:09,20251228,1
497,ORD-2025-000471,SES-2025-018352,Credit Card,55.62,Successful,,2025-04-29 18:48:13,20250429,1
498,ORD-2025-000472,SES-2025-018397,Credit Card,39.43,Successful,,2025-11-07 01:15:51,20251107,1
499,ORD-2025-000473,SES-2025-018542,Credit Card,53.46,Successful,,2025-04-08 01:21:31,20250408,1
500,ORD-2025-000474,SES-2025-018548,Buy Now Pay Later,88.1,Successful,,2025-11-24 23:18:37,20251124,5
501,ORD-2025-000475,SES-2025-018574,PayPal,92.01,Successful,,2025-09-28 15:27:30,20250928,3
502,ORD-2025-000476,SES-2025-018578,Apple Pay,119.08,Successful,,2025-12-22 00:58:39,20251222,4
503,ORD-2025-000477,SES-2025-018647,PayPal,90.93,Successful,,2025-09-15 19:20:03,20250915,3
504,ORD-2025-000478,SES-2025-018879,Credit Card,102.84,Successful,,2025-12-17 08:22:25,20251217,1
505,ORD-2025-000479,SES-2025-018930,Credit Card,324.74,Successful,,2025-06-12 11:20:09,20250612,1
506,ORD-2025-000480,SES-2025-019012,Credit Card,67.52,Successful,,2025-08-06 10:26:27,20250806,1
507,ORD-2025-000481,SES-2025-019025,PayPal,62.1,Successful,,2025-09-24 08:16:47,20250924,3
508,ORD-2025-000482,SES-2025-019028,Debit Card,85.52,Successful,,2025-07-22 18:16:33,20250722,2
509,ORD-2025-000483,SES-2025-019065,Credit Card,36.48,Successful,,2025-12-16 10:17:11,20251216,1
510,,SES-2025-019104,Debit Card,25.0,Failed,DECLINED_BY_ISSUER,2025-12-29 19:10:44,20251229,2
511,ORD-2025-000484,SES-2025-019164,Credit Card,74.8,Successful,,2025-08-27 02:11:38,20250827,1
512,ORD-2025-000485,SES-2025-019220,Debit Card,38.3,Successful,,2025-07-09 19:08:07,20250709,2
513,ORD-2025-000486,SES-2025-019383,Credit Card,173.18,Successful,,2025-09-19 04:45:10,20250919,1
514,ORD-2025-000487,SES-2025-019396,Debit Card,55.62,Successful,,2025-12-12 22:06:36,20251212,2
515,ORD-2025-000488,SES-2025-019403,Debit Card,96.34,Successful,,2025-07-19 06:37:36,20250719,2
516,ORD-2025-000489,SES-2025-019423,Credit Card,96.34,Successful,,2025-08-28 10:13:22,20250828,1
517,ORD-2025-000490,SES-2025-019447,Debit Card,49.13,Successful,,2025-01-03 07:31:25,20250103,2
518,ORD-2025-000491,SES-2025-019478,Debit Card,88.1,Successful,,2025-09-29 19:45:38,20250929,2
519,ORD-2025-000492,SES-2025-019487,PayPal,33.54,Successful,,2025-08-23 23:21:59,20250823,3
520,ORD-2025-000493,SES-2025-019510,Debit Card,205.68,Successful,,2025-09-21 21:44:54,20250921,2
521,ORD-2025-000494,SES-2025-019551,Debit Card,42.63,Successful,,2025-07-11 20:28:43,20250711,2
522,ORD-2025-000495,SES-2025-019580,Debit Card,31.81,Successful,,2025-12-03 02:05:34,20251203,2
523,ORD-2025-000496,SES-2025-019663,Buy Now Pay Later,61.03,Successful,,2025-07-17 09:50:23,20250717,5
524,ORD-2025-000497,SES-2025-019684,Credit Card,33.97,Successful,,2025-01-12 19:45:12,20250112,1
525,ORD-2025-000498,SES-2025-019687,Apple Pay,55.62,Successful,,2025-09-27 19:55:34,20250927,4
526,ORD-2025-000499,SES-2025-019720,PayPal,96.34,Successful,,2025-12-06 17:21:31,20251206,3
527,ORD-2025-000500,SES-2025-019852,Credit Card,85.52,Successful,,2025-05-22 20:59:58,20250522,1
528,ORD-2025-000501,SES-2025-019902,Credit Card,238.15,Successful,,2025-11-06 16:10:57,20251106,1
529,,SES-2025-019907,Credit Card,145.0,Failed,DECLINED_BY_ISSUER,2025-03-31 07:01:57,20250331,1
530,ORD-2025-000502,SES-2025-019963,Credit Card,67.52,Successful,,2025-10-14 00:04:06,20251014,1
531,ORD-2025-000503,SES-2025-019967,Credit Card,151.53,Successful,,2025-08-03 06:42:43,20250803,1
532,ORD-2025-000504,SES-2025-019968,Debit Card,77.27,Successful,,2025-11-23 09:22:01,20251123,2
533,ORD-2025-000505,SES-2025-020024,Credit Card,96.34,Successful,,2025-12-21 22:44:58,20251221,1
534,ORD-2025-000506,SES-2025-020031,PayPal,33.97,Successful,,2025-12-14 20:42:32,20251214,3
535,ORD-2025-000507,SES-2025-020058,PayPal,162.36,Successful,,2025-07-06 22:30:10,20250706,3
536,ORD-2025-000508,SES-2025-020066,Credit Card,33.97,Successful,,2025-07-16 05:45:06,20250716,1
537,ORD-2025-000509,SES-2025-020074,Buy Now Pay Later,136.4,Successful,,2025-09-05 22:24:07,20250905,5
538,ORD-2025-000510,SES-2025-020076,Credit Card,83.75,Successful,,2025-01-29 06:39:45,20250129,1
539,ORD-2025-000511,SES-2025-020095,Debit Card,51.28,Successful,,2025-02-19 03:55:39,20250219,2
540,ORD-2025-000512,SES-2025-020117,Credit Card,156.96,Successful,,2025-09-27 17:57:53,20250927,1
541,ORD-2025-000513,SES-2025-020152,Credit Card,36.14,Successful,,2025-12-07 04:06:51,20251207,1
542,ORD-2025-000514,SES-2025-020168,PayPal,64.28,Successful,,2025-04-28 02:39:37,20250428,3
543,ORD-2025-000515,SES-2025-020175,PayPal,92.01,Successful,,2025-11-27 17:13:23,20251127,3
544,ORD-2025-000516,SES-2025-020196,Credit Card,192.69,Successful,,2025-12-09 22:30:40,20251209,1
545,ORD-2025-000517,SES-2025-020267,Apple Pay,59.95,Successful,,2025-02-04 20:52:52,20250204,4
546,ORD-2025-000518,SES-2025-020292,Debit Card,41.4,Successful,,2025-08-30 18:17:32,20250830,2
547,ORD-2025-000519,SES-2025-020293,Credit Card,171.04,Successful,,2025-05-01 00:43:42,20250501,1
548,ORD-2025-000520,SES-2025-020339,PayPal,31.81,Successful,,2025-12-17 06:54:23,20251217,3
549,ORD-2025-000521,SES-2025-020409,Buy Now Pay Later,156.96,Successful,,2025-08-13 05:19:40,20250813,5
550,ORD-2025-000522,SES-2025-020471,Debit Card,55.62,Successful,,2025-02-23 20:27:16,20250223,2
551,ORD-2025-000523,SES-2025-020490,Credit Card,61.03,Successful,,2025-12-28 11:39:59,20251228,1
552,ORD-2025-000524,SES-2025-020532,Credit Card,42.63,Successful,,2025-10-10 18:26:45,20251010,1
553,ORD-2025-000525,SES-2025-020568,Credit Card,97.41,Successful,,2025-04-10 01:56:49,20250410,1
554,ORD-2025-000526,SES-2025-020570,PayPal,82.27,Successful,,2025-12-07 09:06:38,20251207,3
555,ORD-2025-000527,SES-2025-020580,Debit Card,62.1,Successful,,2025-03-07 04:30:51,20250307,2
556,ORD-2025-000528,SES-2025-020660,Credit Card,42.63,Successful,,2025-09-09 02:38:58,20250909,1
557,ORD-2025-000529,SES-2025-020661,Credit Card,62.1,Successful,,2025-09-17 22:14:13,20250917,1
558,ORD-2025-000530,SES-2025-020693,PayPal,92.01,Successful,,2025-12-09 01:49:48,20251209,3
559,ORD-2025-000531,SES-2025-020720,Credit Card,96.34,Successful,,2025-12-11 00:31:58,20251211,1
560,ORD-2025-000532,SES-2025-020729,Debit Card,55.62,Successful,,2025-09-09 12:38:21,20250909,2
561,ORD-2025-000533,SES-2025-020771,Credit Card,324.74,Successful,,2025-02-08 12:40:20,20250208,1
562,ORD-2025-000534,SES-2025-020825,Buy Now Pay Later,49.13,Successful,,2025-01-14 14:28:10,20250114,5
563,ORD-2025-000535,SES-2025-020853,Credit Card,64.98,Successful,,2025-09-16 04:08:14,20250916,1
564,ORD-2025-000536,SES-2025-020879,Credit Card,59.95,Successful,,2025-08-25 07:15:15,20250825,1
565,,SES-2025-020899,Debit Card,39.99,Failed,DECLINED_BY_ISSUER,2025-10-06 19:37:57,20251006,2
566,ORD-2025-000537,SES-2025-020910,Credit Card,38.3,Successful,,2025-11-22 05:26:50,20251122,1
567,ORD-2025-000538,SES-2025-020962,Credit Card,147.22,Successful,,2025-10-09 09:29:33,20251009,1
568,ORD-2025-000539,SES-2025-021026,Credit Card,81.19,Successful,,2025-12-04 05:07:38,20251204,1
569,ORD-2025-000540,SES-2025-021038,Credit Card,59.95,Successful,,2025-10-08 10:54:17,20251008,1
570,ORD-2025-000541,SES-2025-021065,Buy Now Pay Later,83.75,Successful,,2025-10-02 21:17:22,20251002,5
571,ORD-2025-000542,SES-2025-021127,Credit Card,160.21,Successful,,2025-10-28 10:49:04,20251028,1
572,ORD-2025-000543,SES-2025-021168,PayPal,42.63,Successful,,2025-11-07 10:22:51,20251107,3
573,ORD-2025-000544,SES-2025-021185,Credit Card,117.87,Successful,,2025-12-27 19:43:36,20251227,1
574,,SES-2025-021249,Credit Card,89.0,Failed,DECLINED_BY_ISSUER,2025-12-19 12:38:39,20251219,1
575,ORD-2025-000545,SES-2025-021295,Debit Card,119.08,Successful,,2025-09-21 16:39:45,20250921,2
576,ORD-2025-000546,SES-2025-021301,Credit Card,33.97,Successful,,2025-12-22 20:52:03,20251222,1
577,ORD-2025-000547,SES-2025-021305,Debit Card,42.63,Successful,,2025-08-12 09:50:23,20250812,2
578,ORD-2025-000548,SES-2025-021378,Apple Pay,61.03,Successful,,2025-08-07 09:44:49,20250807,4
579,ORD-2025-000549,SES-2025-021439,Credit Card,108.05,Successful,,2025-12-19 06:34:28,20251219,1
580,ORD-2025-000550,SES-2025-021497,Debit Card,51.28,Successful,,2025-12-16 13:25:59,20251216,2
581,ORD-2025-000551,SES-2025-021528,Debit Card,156.96,Successful,,2025-04-08 21:37:22,20250408,2
582,ORD-2025-000552,SES-2025-021529,Debit Card,96.34,Successful,,2025-04-19 06:52:20,20250419,2
583,,SES-2025-021541,Credit Card,145.0,Failed,DECLINED_BY_ISSUER,2025-06-30 17:49:00,20250630,1
584,ORD-2025-000553,SES-2025-021544,PayPal,35.05,Successful,,2025-03-27 03:41:30,20250327,3
585,ORD-2025-000554,SES-2025-021561,Buy Now Pay Later,53.46,Successful,,2025-11-05 08:00:01,20251105,5
586,ORD-2025-000555,SES-2025-021590,Debit Card,33.97,Successful,,2025-09-16 15:39:16,20250916,2
587,ORD-2025-000556,SES-2025-021603,PayPal,119.08,Successful,,2025-05-30 22:35:17,20250530,3
588,ORD-2025-000557,SES-2025-021604,Apple Pay,102.84,Successful,,2025-06-19 03:12:12,20250619,4
589,ORD-2025-000558,SES-2025-021614,Credit Card,119.05,Successful,,2025-05-13 15:41:53,20250513,1
590,ORD-2025-000559,SES-2025-021680,Debit Card,42.63,Successful,,2025-11-29 03:20:43,20251129,2
591,ORD-2025-000560,SES-2025-021735,Credit Card,61.03,Successful,,2025-12-12 09:07:07,20251212,1
592,ORD-2025-000561,SES-2025-021748,Credit Card,42.63,Successful,,2025-10-28 00:18:12,20251028,1
593,ORD-2025-000562,SES-2025-021753,PayPal,36.14,Successful,,2025-08-11 09:35:03,20250811,3
594,ORD-2025-000563,SES-2025-021789,PayPal,86.59,Successful,,2025-12-11 01:06:26,20251211,3
595,ORD-2025-000564,SES-2025-021863,Debit Card,171.04,Successful,,2025-04-19 23:46:32,20250419,2
596,ORD-2025-000565,SES-2025-021865,Credit Card,49.13,Successful,,2025-09-19 19:02:50,20250919,1
597,ORD-2025-000566,SES-2025-021923,Credit Card,88.1,Successful,,2025-05-17 01:40:52,20250517,1
598,ORD-2025-000567,SES-2025-021948,Credit Card,192.69,Successful,,2025-11-18 13:50:53,20251118,1
599,ORD-2025-000568,SES-2025-021957,Debit Card,61.03,Successful,,2025-11-29 17:10:38,20251129,2
600,ORD-2025-000569,SES-2025-021959,PayPal,42.63,Successful,,2025-07-11 14:15:19,20250711,3
601,,SES-2025-021961,Debit Card,69.99,Failed,DECLINED_BY_ISSUER,2025-12-16 01:08:42,20251216,2
602,ORD-2025-000570,SES-2025-021974,Credit Card,97.41,Successful,,2025-12-13 07:27:16,20251213,1
603,ORD-2025-000571,SES-2025-021978,Credit Card,51.28,Successful,,2025-12-14 20:34:44,20251214,1
604,ORD-2025-000572,SES-2025-022183,Credit Card,61.03,Successful,,2025-09-06 00:25:58,20250906,1
605,ORD-2025-000573,SES-2025-022195,Credit Card,119.08,Successful,,2025-06-23 04:20:24,20250623,1
606,ORD-2025-000574,SES-2025-022208,Debit Card,55.62,Successful,,2025-11-22 08:31:55,20251122,2
607,ORD-2025-000575,SES-2025-022287,Apple Pay,142.46,Successful,,2025-12-13 11:38:04,20251213,4
608,ORD-2025-000576,SES-2025-022332,Credit Card,59.95,Successful,,2025-06-30 13:22:57,20250630,1
609,ORD-2025-000577,SES-2025-022342,Apple Pay,59.95,Successful,,2025-12-12 03:09:39,20251212,4
610,ORD-2025-000578,SES-2025-022359,Apple Pay,38.3,Successful,,2025-11-09 19:19:45,20251109,4
611,ORD-2025-000579,SES-2025-022362,PayPal,106.09,Successful,,2025-09-21 01:13:01,20250921,3
612,ORD-2025-000580,SES-2025-022373,PayPal,31.81,Successful,,2025-07-26 21:36:47,20250726,3
613,ORD-2025-000581,SES-2025-022391,Credit Card,35.05,Successful,,2025-03-10 04:57:49,20250310,1
614,ORD-2025-000582,SES-2025-022411,PayPal,35.05,Successful,,2025-12-31 03:08:57,20251231,3
615,ORD-2025-000583,SES-2025-022417,Credit Card,294.74,Successful,,2025-08-26 19:24:32,20250826,1
616,ORD-2025-000584,SES-2025-022422,Credit Card,85.52,Successful,,2025-11-25 11:50:45,20251125,1
617,ORD-2025-000585,SES-2025-022431,Credit Card,162.36,Successful,,2025-07-17 02:20:00,20250717,1
618,ORD-2025-000586,SES-2025-022452,PayPal,284.93,Successful,,2025-02-26 10:40:26,20250226,3
619,ORD-2025-000587,SES-2025-022503,Debit Card,41.4,Successful,,2025-07-05 20:47:52,20250705,2
620,ORD-2025-000588,SES-2025-022599,Credit Card,81.6,Successful,,2025-10-17 07:21:38,20251017,1
621,ORD-2025-000589,SES-2025-022624,Credit Card,55.62,Successful,,2025-02-19 07:11:55,20250219,1
622,ORD-2025-000590,SES-2025-022626,Credit Card,55.62,Successful,,2025-09-21 09:50:46,20250921,1
623,ORD-2025-000591,SES-2025-022683,PayPal,119.08,Successful,,2025-09-17 01:21:09,20250917,3
624,ORD-2025-000592,SES-2025-022704,Debit Card,33.97,Successful,,2025-04-30 12:24:27,20250430,2
625,ORD-2025-000593,SES-2025-022726,Debit Card,81.6,Successful,,2025-08-26 02:25:42,20250826,2
626,ORD-2025-000594,SES-2025-022741,Credit Card,77.27,Successful,,2025-11-21 13:59:34,20251121,1
627,ORD-2025-000595,SES-2025-022772,Credit Card,147.36,Successful,,2025-09-18 09:58:47,20250918,1
628,ORD-2025-000596,SES-2025-022843,Buy Now Pay Later,42.63,Successful,,2025-05-18 22:58:26,20250518,5
629,ORD-2025-000597,SES-2025-022946,PayPal,35.05,Successful,,2025-04-08 00:18:20,20250408,3
630,ORD-2025-000598,SES-2025-022971,Credit Card,88.1,Successful,,2025-10-14 15:01:33,20251014,1
631,ORD-2025-000599,SES-2025-022973,Credit Card,96.34,Successful,,2025-12-09 03:50:00,20251209,1
632,ORD-2025-000600,SES-2025-022980,Credit Card,85.52,Successful,,2025-06-26 01:22:25,20250626,1
633,ORD-2025-000601,SES-2025-022982,Buy Now Pay Later,42.63,Successful,,2025-12-25 14:36:48,20251225,5
634,ORD-2025-000602,SES-2025-023028,Credit Card,38.3,Successful,,2025-08-10 09:41:55,20250810,1
635,ORD-2025-000603,SES-2025-023053,Credit Card,85.52,Successful,,2025-12-04 16:25:06,20251204,1
636,ORD-2025-000604,SES-2025-023109,Apple Pay,192.69,Successful,,2025-02-08 23:47:35,20250208,4
637,ORD-2025-000605,SES-2025-023157,Credit Card,102.84,Successful,,2025-12-03 22:30:25,20251203,1
638,ORD-2025-000606,SES-2025-023192,Apple Pay,53.46,Successful,,2025-12-18 20:11:07,20251218,4
639,ORD-2025-000607,SES-2025-023242,Credit Card,324.73,Successful,,2025-02-01 22:42:32,20250201,1
640,ORD-2025-000608,SES-2025-023248,PayPal,156.96,Successful,,2025-11-09 19:54:58,20251109,3
641,ORD-2025-000609,SES-2025-023281,Apple Pay,92.01,Successful,,2025-12-24 08:16:08,20251224,4
642,ORD-2025-000610,SES-2025-023305,Apple Pay,90.93,Successful,,2025-09-22 11:16:40,20250922,4
643,ORD-2025-000611,SES-2025-023356,Apple Pay,36.14,Successful,,2025-09-25 05:46:34,20250925,4
644,ORD-2025-000612,SES-2025-023367,Debit Card,38.3,Successful,,2025-12-10 00:30:44,20251210,2
645,ORD-2025-000613,SES-2025-023391,Debit Card,39.38,Successful,,2025-06-21 20:05:56,20250621,2
646,ORD-2025-000614,SES-2025-023407,PayPal,63.01,Successful,,2025-11-30 05:47:15,20251130,3
647,ORD-2025-000615,SES-2025-023413,Apple Pay,51.28,Successful,,2025-10-16 08:29:06,20251016,4
648,ORD-2025-000616,SES-2025-023427,Apple Pay,156.96,Successful,,2025-03-14 02:06:35,20250314,4
649,ORD-2025-000617,SES-2025-023443,Credit Card,67.52,Successful,,2025-03-22 01:18:33,20250322,1
650,ORD-2025-000618,SES-2025-023444,Credit Card,342.89,Successful,,2025-12-31 02:17:32,20251231,1
651,ORD-2025-000619,SES-2025-023508,Credit Card,96.34,Successful,,2025-12-26 07:52:23,20251226,1
652,ORD-2025-000620,SES-2025-023524,Debit Card,377.79,Successful,,2025-06-23 23:56:43,20250623,2
653,ORD-2025-000621,SES-2025-023548,Credit Card,108.05,Successful,,2025-05-24 13:26:56,20250524,1
654,ORD-2025-000622,SES-2025-023575,Credit Card,145.41,Successful,,2025-11-12 01:32:27,20251112,1
655,ORD-2025-000623,SES-2025-023577,Credit Card,142.46,Successful,,2025-10-31 04:04:44,20251031,1
656,ORD-2025-000624,SES-2025-023580,Credit Card,62.1,Successful,,2025-01-28 03:55:03,20250128,1
657,,SES-2025-023595,PayPal,179.98,Failed,DECLINED_BY_ISSUER,2025-12-07 13:02:49,20251207,3
658,ORD-2025-000625,SES-2025-023596,Credit Card,70.87,Successful,,2025-12-25 18:50:20,20251225,1
659,ORD-2025-000626,SES-2025-023600,Credit Card,96.34,Successful,,2025-09-22 19:32:00,20250922,1
660,ORD-2025-000627,SES-2025-023684,Credit Card,206.29,Successful,,2025-11-16 08:25:15,20251116,1
661,ORD-2025-000628,SES-2025-023704,PayPal,61.03,Successful,,2025-08-21 11:07:12,20250821,3
662,ORD-2025-000629,SES-2025-023750,Apple Pay,93.34,Successful,,2025-06-16 15:57:52,20250616,4
663,ORD-2025-000630,SES-2025-023783,Debit Card,38.3,Successful,,2025-05-28 23:34:49,20250528,2
664,ORD-2025-000631,SES-2025-023801,Apple Pay,33.97,Successful,,2025-03-04 01:42:54,20250304,4
665,ORD-2025-000632,SES-2025-023842,PayPal,92.01,Successful,,2025-11-12 03:18:13,20251112,3
666,ORD-2025-000633,SES-2025-023935,Debit Card,31.81,Successful,,2025-11-22 09:19:46,20251122,2
667,ORD-2025-000634,SES-2025-023983,Credit Card,232.85,Successful,,2025-09-13 02:56:01,20250913,1
668,ORD-2025-000635,SES-2025-024017,Credit Card,51.22,Successful,,2025-09-10 01:12:55,20250910,1
669,ORD-2025-000636,SES-2025-024048,Credit Card,41.4,Successful,,2025-12-08 01:23:45,20251208,1
670,ORD-2025-000637,SES-2025-024060,Credit Card,59.08,Successful,,2025-02-21 21:43:07,20250221,1
671,ORD-2025-000638,SES-2025-024101,Credit Card,1133.38,Successful,,2025-08-21 03:06:25,20250821,1
672,ORD-2025-000639,SES-2025-024116,Credit Card,377.79,Successful,,2025-09-29 12:07:36,20250929,1
673,ORD-2025-000640,SES-2025-024145,Credit Card,88.1,Successful,,2025-01-07 19:27:36,20250107,1
674,ORD-2025-000641,SES-2025-024154,Debit Card,324.74,Successful,,2025-12-10 15:34:16,20251210,2
675,ORD-2025-000642,SES-2025-024165,Apple Pay,38.3,Successful,,2025-07-09 02:55:56,20250709,4
676,ORD-2025-000643,SES-2025-024237,Credit Card,377.79,Successful,,2025-10-25 02:46:10,20251025,1
677,ORD-2025-000644,SES-2025-024273,PayPal,44.8,Successful,,2025-11-17 03:05:42,20251117,3
678,ORD-2025-000645,SES-2025-024298,PayPal,216.15,Successful,,2025-10-30 13:48:14,20251030,3
679,ORD-2025-000646,SES-2025-024373,Credit Card,33.54,Successful,,2025-12-22 08:50:40,20251222,1
680,ORD-2025-000647,SES-2025-024412,Debit Card,38.3,Successful,,2025-12-19 20:07:36,20251219,2
681,ORD-2025-000648,SES-2025-024497,PayPal,85.52,Successful,,2025-05-16 18:10:47,20250516,3
682,ORD-2025-000649,SES-2025-024525,Credit Card,70.78,Successful,,2025-12-23 11:39:43,20251223,1
683,ORD-2025-000650,SES-2025-024544,Credit Card,77.62,Successful,,2025-01-24 17:23:55,20250124,1
684,ORD-2025-000651,SES-2025-024551,Credit Card,51.22,Successful,,2025-07-14 11:23:07,20250714,1
685,ORD-2025-000652,SES-2025-024568,Credit Card,133.62,Successful,,2025-03-19 01:18:26,20250319,1
686,ORD-2025-000653,SES-2025-024647,Credit Card,96.34,Successful,,2025-05-03 16:59:15,20250503,1
687,ORD-2025-000654,SES-2025-024650,Apple Pay,59.95,Successful,,2025-11-20 16:20:05,20251120,4
688,ORD-2025-000655,SES-2025-024727,Credit Card,85.52,Successful,,2025-07-12 11:37:17,20250712,1
689,ORD-2025-000656,SES-2025-024731,Credit Card,77.27,Successful,,2025-12-19 12:50:26,20251219,1
690,ORD-2025-000657,SES-2025-024741,PayPal,83.75,Successful,,2025-08-24 11:30:32,20250824,3
691,,SES-2025-024766,PayPal,64.0,Failed,DECLINED_BY_ISSUER,2025-12-20 07:03:10,20251220,3
692,ORD-2025-000658,SES-2025-024813,Credit Card,57.1,Successful,,2025-08-20 06:17:15,20250820,1
693,ORD-2025-000659,SES-2025-024823,PayPal,159.13,Successful,,2025-03-22 15:50:44,20250322,3
694,ORD-2025-000660,SES-2025-024856,Debit Card,31.81,Successful,,2025-01-04 22:26:54,20250104,2
695,ORD-2025-000661,SES-2025-024891,Credit Card,42.63,Successful,,2025-12-02 01:08:45,20251202,1
696,ORD-2025-000662,SES-2025-024944,PayPal,32.55,Successful,,2025-03-30 08:17:47,20250330,3
697,ORD-2025-000663,SES-2025-024978,PayPal,77.27,Successful,,2025-05-21 14:51:33,20250521,3
698,ORD-2025-000664,SES-2025-024991,Credit Card,98.23,Successful,,2025-11-13 22:01:28,20251113,1
699,ORD-2025-000665,SES-2025-025008,PayPal,59.95,Successful,,2025-03-30 02:03:30,20250330,3
700,ORD-2025-000666,SES-2025-025017,PayPal,42.63,Successful,,2025-12-31 04:04:29,20251231,3
701,ORD-2025-000667,SES-2025-025042,PayPal,184.03,Successful,,2025-05-09 20:29:28,20250509,3
702,ORD-2025-000668,SES-2025-025077,Credit Card,90.93,Successful,,2025-11-23 02:38:32,20251123,1
703,ORD-2025-000669,SES-2025-025094,PayPal,156.96,Successful,,2025-12-25 07:56:38,20251225,3
704,ORD-2025-000670,SES-2025-025146,Debit Card,92.01,Successful,,2025-11-24 00:11:38,20251124,2
705,ORD-2025-000671,SES-2025-025157,Buy Now Pay Later,102.84,Successful,,2025-01-21 03:14:03,20250121,5
706,ORD-2025-000672,SES-2025-025208,Credit Card,85.52,Successful,,2025-10-26 11:09:24,20251026,1
707,ORD-2025-000673,SES-2025-025211,PayPal,74.8,Successful,,2025-10-27 09:02:41,20251027,3
708,ORD-2025-000674,SES-2025-025338,Credit Card,49.13,Successful,,2025-08-28 10:26:43,20250828,1
709,ORD-2025-000675,SES-2025-025433,Credit Card,49.13,Successful,,2025-12-28 08:06:50,20251228,1
710,ORD-2025-000676,SES-2025-025434,Apple Pay,70.78,Successful,,2025-05-24 10:20:23,20250524,4
711,ORD-2025-000677,SES-2025-025470,PayPal,123.8,Successful,,2025-10-17 07:55:30,20251017,3
712,ORD-2025-000678,SES-2025-025512,Credit Card,53.46,Successful,,2025-07-05 11:45:50,20250705,1
713,ORD-2025-000679,SES-2025-025523,Debit Card,42.63,Successful,,2025-07-25 14:59:12,20250725,2
714,,SES-2025-025524,PayPal,49.0,Failed,DECLINED_BY_ISSUER,2025-06-29 13:56:47,20250629,3
715,ORD-2025-000680,SES-2025-025631,Debit Card,377.79,Successful,,2025-03-30 00:45:33,20250330,2
716,ORD-2025-000681,SES-2025-025633,Credit Card,53.46,Successful,,2025-10-01 01:15:07,20251001,1
717,ORD-2025-000682,SES-2025-025649,Credit Card,51.22,Successful,,2025-09-05 16:19:26,20250905,1
718,ORD-2025-000683,SES-2025-025662,PayPal,64.28,Successful,,2025-11-22 10:19:33,20251122,3
719,ORD-2025-000684,SES-2025-025746,Buy Now Pay Later,42.63,Successful,,2025-05-24 12:33:35,20250524,5
720,ORD-2025-000685,SES-2025-025802,Apple Pay,155.24,Successful,,2025-12-24 08:09:01,20251224,4
721,ORD-2025-000686,SES-2025-025889,Buy Now Pay Later,147.22,Successful,,2025-11-18 17:38:06,20251118,5
722,ORD-2025-000687,SES-2025-025897,Debit Card,70.78,Successful,,2025-10-02 19:15:36,20251002,2
723,ORD-2025-000688,SES-2025-025977,Credit Card,35.05,Successful,,2025-09-26 01:48:07,20250926,1
724,ORD-2025-000689,SES-2025-026009,Debit Card,96.34,Successful,,2025-08-10 20:28:27,20250810,2
725,ORD-2025-000690,SES-2025-026019,Buy Now Pay Later,192.69,Successful,,2025-12-02 03:51:18,20251202,5
726,ORD-2025-000691,SES-2025-026024,Debit Card,49.26,Successful,,2025-12-19 17:30:38,20251219,2
727,ORD-2025-000692,SES-2025-026105,Apple Pay,90.93,Successful,,2025-05-28 07:19:24,20250528,4
728,ORD-2025-000693,SES-2025-026121,Credit Card,119.05,Successful,,2025-11-09 21:01:05,20251109,1
729,ORD-2025-000694,SES-2025-026129,Buy Now Pay Later,36.14,Successful,,2025-06-11 02:41:07,20250611,5
730,ORD-2025-000695,SES-2025-026167,Apple Pay,53.46,Successful,,2025-04-01 07:44:18,20250401,4
731,ORD-2025-000696,SES-2025-026194,PayPal,97.41,Successful,,2025-11-29 17:33:15,20251129,3
732,ORD-2025-000697,SES-2025-026202,Credit Card,49.13,Successful,,2025-07-26 08:32:02,20250726,1
733,ORD-2025-000698,SES-2025-026228,Credit Card,377.79,Successful,,2025-12-31 13:25:25,20251231,1
734,ORD-2025-000699,SES-2025-026307,Credit Card,324.74,Successful,,2025-11-26 04:16:20,20251126,1
735,ORD-2025-000700,SES-2025-026318,Credit Card,57.11,Successful,,2025-11-17 12:44:21,20251117,1
736,ORD-2025-000701,SES-2025-026331,PayPal,36.14,Successful,,2025-11-22 19:22:29,20251122,3
737,,SES-2025-026436,Debit Card,95.0,Failed,DECLINED_BY_ISSUER,2025-03-30 23:24:37,20250330,2
738,ORD-2025-000702,SES-2025-026476,Credit Card,81.6,Successful,,2025-12-15 16:31:00,20251215,1
739,ORD-2025-000703,SES-2025-026586,PayPal,31.81,Successful,,2025-12-16 16:07:14,20251216,3
740,ORD-2025-000704,SES-2025-026598,Credit Card,55.62,Successful,,2025-05-26 05:30:48,20250526,1
741,ORD-2025-000705,SES-2025-026630,Credit Card,57.1,Successful,,2025-09-09 12:20:57,20250909,1
742,ORD-2025-000706,SES-2025-026634,Debit Card,85.52,Successful,,2025-10-10 21:05:48,20251010,2
743,ORD-2025-000707,SES-2025-026670,Apple Pay,35.05,Successful,,2025-02-21 05:47:05,20250221,4
744,ORD-2025-000708,SES-2025-026675,Debit Card,88.1,Successful,,2025-04-02 14:01:38,20250402,2
745,ORD-2025-000709,SES-2025-026680,Credit Card,42.63,Successful,,2025-12-14 15:15:22,20251214,1
746,ORD-2025-000710,SES-2025-026730,Credit Card,38.3,Successful,,2025-10-16 15:57:13,20251016,1
747,ORD-2025-000711,SES-2025-026797,Apple Pay,292.24,Successful,,2025-04-03 06:59:35,20250403,4
748,ORD-2025-000712,SES-2025-026900,Debit Card,68.61,Successful,,2025-02-26 08:52:22,20250226,2
749,ORD-2025-000713,SES-2025-026927,PayPal,160.21,Successful,,2025-01-01 12:07:07,20250101,3
750,ORD-2025-000714,SES-2025-026941,Debit Card,162.34,Successful,,2025-10-10 18:42:12,20251010,2
751,ORD-2025-000715,SES-2025-027115,PayPal,59.95,Successful,,2025-12-21 07:42:17,20251221,3
752,ORD-2025-000716,SES-2025-027141,Debit Card,31.81,Successful,,2025-08-22 11:02:01,20250822,2
753,,SES-2025-027161,Buy Now Pay Later,32.0,Failed,CREDIT_THRESHOLD_EXCEEDED,2025-07-20 15:17:37,20250720,5
754,ORD-2025-000717,SES-2025-027257,Credit Card,55.62,Successful,,2025-08-12 01:54:54,20250812,1
755,ORD-2025-000718,SES-2025-027340,Debit Card,51.22,Successful,,2025-10-21 08:48:28,20251021,2
756,ORD-2025-000719,SES-2025-027361,Credit Card,119.08,Successful,,2025-11-17 22:58:56,20251117,1
757,ORD-2025-000720,SES-2025-027453,PayPal,49.13,Successful,,2025-10-12 20:59:05,20251012,3
758,ORD-2025-000721,SES-2025-027560,Credit Card,83.75,Successful,,2025-12-19 08:18:56,20251219,1
759,ORD-2025-000722,SES-2025-027589,Credit Card,313.93,Successful,,2025-09-06 11:32:44,20250906,1
760,ORD-2025-000723,SES-2025-027656,Buy Now Pay Later,31.57,Successful,,2025-10-14 16:22:04,20251014,5
761,ORD-2025-000724,SES-2025-027724,Debit Card,35.5,Successful,,2025-08-16 00:12:01,20250816,2
762,ORD-2025-000725,SES-2025-027731,PayPal,79.44,Successful,,2025-01-05 13:13:37,20250105,3
763,ORD-2025-000726,SES-2025-027764,Credit Card,96.34,Successful,,2025-02-17 10:27:37,20250217,1
764,ORD-2025-000727,SES-2025-027775,Credit Card,85.52,Successful,,2025-11-17 07:14:50,20251117,1
765,ORD-2025-000728,SES-2025-027814,Credit Card,68.61,Successful,,2025-12-29 05:59:01,20251229,1
766,ORD-2025-000729,SES-2025-027933,Credit Card,36.14,Successful,,2025-10-29 23:04:11,20251029,1
767,ORD-2025-000730,SES-2025-027968,PayPal,36.14,Successful,,2025-02-04 03:26:14,20250204,3
768,ORD-2025-000731,SES-2025-027995,Apple Pay,259.77,Successful,,2025-07-18 01:04:16,20250718,4
769,ORD-2025-000732,SES-2025-028022,Debit Card,470.89,Successful,,2025-01-05 15:47:55,20250105,2
770,,SES-2025-028039,Buy Now Pay Later,24.0,Failed,CREDIT_THRESHOLD_EXCEEDED,2025-01-04 12:36:26,20250104,5
771,ORD-2025-000733,SES-2025-028153,PayPal,156.96,Successful,,2025-10-26 07:02:50,20251026,3
772,ORD-2025-000734,SES-2025-028176,PayPal,49.13,Successful,,2025-09-13 15:38:33,20250913,3
773,ORD-2025-000735,SES-2025-028188,Apple Pay,86.59,Successful,,2025-12-10 14:44:29,20251210,4
774,ORD-2025-000736,SES-2025-028203,Credit Card,39.38,Successful,,2025-05-26 10:46:00,20250526,1
775,,SES-2025-028233,Credit Card,79.0,Failed,DECLINED_BY_ISSUER,2025-11-02 05:35:53,20251102,1
776,ORD-2025-000737,SES-2025-028282,Credit Card,123.41,Successful,,2025-06-28 13:49:25,20250628,1
777,ORD-2025-000738,SES-2025-028334,Credit Card,85.52,Successful,,2025-09-17 12:36:36,20250917,1
778,ORD-2025-000739,SES-2025-028338,PayPal,35.05,Successful,,2025-04-16 18:31:25,20250416,3
779,ORD-2025-000740,SES-2025-028362,PayPal,216.15,Successful,,2025-05-20 12:58:10,20250520,3
780,ORD-2025-000741,SES-2025-028477,Debit Card,106.09,Successful,,2025-10-26 10:13:58,20251026,2
781,ORD-2025-000742,SES-2025-028489,Credit Card,227.29,Successful,,2025-12-04 11:48:36,20251204,1
782,ORD-2025-000743,SES-2025-028538,Credit Card,35.05,Successful,,2025-06-16 15:59:46,20250616,1
783,ORD-2025-000744,SES-2025-028580,Credit Card,86.58,Successful,,2025-05-17 12:46:46,20250517,1
784,ORD-2025-000745,SES-2025-028638,Apple Pay,755.59,Successful,,2025-12-15 11:59:56,20251215,4
785,ORD-2025-000746,SES-2025-028650,Credit Card,35.5,Successful,,2025-12-09 04:47:05,20251209,1
786,ORD-2025-000747,SES-2025-028660,Credit Card,87.44,Successful,,2025-11-14 20:50:23,20251114,1
787,ORD-2025-000748,SES-2025-028684,Debit Card,97.41,Successful,,2025-07-26 18:22:36,20250726,2
788,ORD-2025-000749,SES-2025-028730,Credit Card,36.14,Successful,,2025-08-02 06:35:11,20250802,1
789,ORD-2025-000750,SES-2025-028732,Credit Card,39.38,Successful,,2025-12-26 09:21:49,20251226,1
790,ORD-2025-000751,SES-2025-028735,PayPal,96.34,Successful,,2025-09-30 17:37:20,20250930,3
791,ORD-2025-000752,SES-2025-028765,PayPal,55.62,Successful,,2025-10-16 16:49:21,20251016,3
792,ORD-2025-000753,SES-2025-028772,Credit Card,38.3,Successful,,2025-12-01 09:00:19,20251201,1
793,ORD-2025-000754,SES-2025-028785,Credit Card,76.75,Successful,,2025-07-17 20:34:19,20250717,1
794,ORD-2025-000755,SES-2025-028846,Apple Pay,81.6,Successful,,2025-08-02 02:06:12,20250802,4
795,ORD-2025-000756,SES-2025-029020,Apple Pay,42.63,Successful,,2025-07-14 21:44:05,20250714,4
796,ORD-2025-000757,SES-2025-029021,PayPal,51.28,Successful,,2025-10-02 15:24:49,20251002,3
797,ORD-2025-000758,SES-2025-029045,Apple Pay,755.59,Successful,,2025-12-09 18:53:31,20251209,4
798,ORD-2025-000759,SES-2025-029111,Debit Card,85.52,Successful,,2025-10-12 05:29:53,20251012,2
799,ORD-2025-000760,SES-2025-029126,Apple Pay,77.62,Successful,,2025-11-04 02:28:43,20251104,4
800,ORD-2025-000761,SES-2025-029138,Credit Card,88.1,Successful,,2025-12-01 11:19:57,20251201,1
801,ORD-2025-000762,SES-2025-029166,Debit Card,103.92,Successful,,2025-11-11 15:31:01,20251111,2
802,ORD-2025-000763,SES-2025-029203,Credit Card,47.28,Successful,,2025-02-12 10:36:51,20250212,1
803,ORD-2025-000764,SES-2025-029206,Debit Card,55.62,Successful,,2025-10-14 00:44:07,20251014,2
804,ORD-2025-000765,SES-2025-029220,PayPal,42.63,Successful,,2025-10-25 06:14:17,20251025,3
805,,SES-2025-029221,PayPal,44.0,Failed,DECLINED_BY_ISSUER,2025-12-30 10:03:39,20251230,3
806,ORD-2025-000766,SES-2025-029234,Debit Card,51.28,Successful,,2025-10-22 10:03:55,20251022,2
807,ORD-2025-000767,SES-2025-029244,Credit Card,33.97,Successful,,2025-03-27 06:39:53,20250327,1
808,ORD-2025-000768,SES-2025-029254,Debit Card,67.52,Successful,,2025-09-20 06:14:50,20250920,2
809,ORD-2025-000769,SES-2025-029255,Credit Card,147.22,Successful,,2025-12-05 23:29:50,20251205,1
810,ORD-2025-000770,SES-2025-029261,Credit Card,87.44,Successful,,2025-07-24 20:14:42,20250724,1
811,ORD-2025-000771,SES-2025-029304,Debit Card,167.03,Successful,,2025-08-04 17:42:48,20250804,2
812,ORD-2025-000772,SES-2025-029326,Credit Card,77.27,Successful,,2025-09-04 13:29:12,20250904,1
813,ORD-2025-000773,SES-2025-029386,Credit Card,55.62,Successful,,2025-12-20 15:49:00,20251220,1
814,ORD-2025-000774,SES-2025-029407,PayPal,42.63,Successful,,2025-12-17 13:34:35,20251217,3
815,ORD-2025-000775,SES-2025-029452,Credit Card,55.15,Successful,,2025-09-15 08:59:18,20250915,1
816,ORD-2025-000776,SES-2025-029465,Credit Card,42.63,Successful,,2025-02-11 11:40:13,20250211,1
817,,SES-2025-029498,Debit Card,44.0,Failed,DECLINED_BY_ISSUER,2025-11-03 03:40:05,20251103,2
818,ORD-2025-000777,SES-2025-029553,Debit Card,81.6,Successful,,2025-11-28 20:49:28,20251128,2
819,ORD-2025-000778,SES-2025-029594,Debit Card,81.6,Successful,,2025-09-29 09:44:01,20250929,2
820,ORD-2025-000779,SES-2025-029611,Credit Card,55.62,Successful,,2025-07-31 20:42:07,20250731,1
821,ORD-2025-000780,SES-2025-029774,Debit Card,194.83,Successful,,2025-08-10 08:28:20,20250810,2
822,ORD-2025-000781,SES-2025-029832,PayPal,35.05,Successful,,2025-08-05 13:28:51,20250805,3
823,ORD-2025-000782,SES-2025-029865,Credit Card,42.63,Successful,,2025-09-22 16:02:44,20250922,1
824,ORD-2025-000783,SES-2025-029880,Credit Card,95.26,Successful,,2025-09-12 03:43:06,20250912,1
825,ORD-2025-000784,SES-2025-029894,Apple Pay,31.81,Successful,,2025-04-28 13:49:29,20250428,4
826,ORD-2025-000785,SES-2025-029944,Debit Card,67.52,Successful,,2025-11-19 02:11:18,20251119,2
827,ORD-2025-000786,SES-2025-030023,Debit Card,67.52,Successful,,2025-06-04 03:17:25,20250604,2
828,ORD-2025-000787,SES-2025-030037,Credit Card,62.11,Successful,,2025-11-29 17:15:10,20251129,1
829,ORD-2025-000788,SES-2025-030054,Credit Card,102.84,Successful,,2025-12-22 19:36:05,20251222,1
830,ORD-2025-000789,SES-2025-030056,Apple Pay,377.79,Successful,,2025-09-22 15:52:46,20250922,4
831,ORD-2025-000790,SES-2025-030058,Debit Card,44.8,Successful,,2025-09-24 14:39:49,20250924,2
832,ORD-2025-000791,SES-2025-030111,Credit Card,42.63,Successful,,2025-12-25 23:23:09,20251225,1
833,ORD-2025-000792,SES-2025-030183,Apple Pay,36.14,Successful,,2025-12-03 22:01:02,20251203,4
834,ORD-2025-000793,SES-2025-030218,Credit Card,42.63,Successful,,2025-10-16 13:13:57,20251016,1
835,ORD-2025-000794,SES-2025-030220,PayPal,38.3,Successful,,2025-11-14 13:21:20,20251114,3
836,ORD-2025-000795,SES-2025-030265,Credit Card,51.22,Successful,,2025-08-20 04:55:27,20250820,1
837,ORD-2025-000796,SES-2025-030289,Credit Card,108.08,Successful,,2025-11-08 19:25:04,20251108,1
838,ORD-2025-000797,SES-2025-030316,Apple Pay,33.54,Successful,,2025-10-29 11:20:38,20251029,4
839,ORD-2025-000798,SES-2025-030317,Apple Pay,313.93,Successful,,2025-08-24 01:49:22,20250824,4
840,ORD-2025-000799,SES-2025-030346,PayPal,256.55,Successful,,2025-12-12 07:46:54,20251212,3
841,ORD-2025-000800,SES-2025-030380,Credit Card,44.8,Successful,,2025-01-29 08:53:25,20250129,1
842,ORD-2025-000801,SES-2025-030402,Debit Card,81.6,Successful,,2025-11-07 10:50:19,20251107,2
843,ORD-2025-000802,SES-2025-030430,Debit Card,87.44,Successful,,2025-12-28 12:03:16,20251228,2
844,ORD-2025-000803,SES-2025-030473,Credit Card,31.81,Successful,,2025-10-01 15:41:57,20251001,1
845,ORD-2025-000804,SES-2025-030475,Buy Now Pay Later,81.6,Successful,,2025-10-01 13:27:54,20251001,5
846,ORD-2025-000805,SES-2025-030481,Credit Card,95.26,Successful,,2025-12-04 03:56:46,20251204,1
847,ORD-2025-000806,SES-2025-030502,PayPal,755.59,Successful,,2025-04-24 14:52:09,20250424,3
848,ORD-2025-000807,SES-2025-030517,Debit Card,59.95,Successful,,2025-08-22 18:15:42,20250822,2
849,ORD-2025-000808,SES-2025-030556,Credit Card,82.27,Successful,,2025-10-09 22:00:32,20251009,1
850,ORD-2025-000809,SES-2025-030559,Buy Now Pay Later,186.68,Successful,,2025-01-04 19:26:32,20250104,5
851,ORD-2025-000810,SES-2025-030563,Credit Card,86.58,Successful,,2025-08-27 00:02:21,20250827,1
852,ORD-2025-000811,SES-2025-030600,Credit Card,77.62,Successful,,2025-12-21 13:22:56,20251221,1
853,ORD-2025-000812,SES-2025-030620,Credit Card,55.62,Successful,,2025-11-14 03:23:23,20251114,1
854,ORD-2025-000813,SES-2025-030632,Debit Card,36.48,Successful,,2025-08-01 13:34:19,20250801,2
855,ORD-2025-000814,SES-2025-030637,PayPal,81.6,Successful,,2025-03-27 23:23:36,20250327,3
856,ORD-2025-000815,SES-2025-030652,Debit Card,62.1,Successful,,2025-01-03 07:54:04,20250103,2
857,ORD-2025-000816,SES-2025-030653,Credit Card,377.79,Successful,,2025-11-25 05:01:00,20251125,1
858,ORD-2025-000817,SES-2025-030682,Credit Card,103.92,Successful,,2025-10-22 13:50:36,20251022,1
859,ORD-2025-000818,SES-2025-030749,Apple Pay,38.3,Successful,,2025-12-18 03:05:08,20251218,4
860,ORD-2025-000819,SES-2025-030820,Credit Card,31.81,Successful,,2025-08-12 05:39:15,20250812,1
861,ORD-2025-000820,SES-2025-030890,Debit Card,55.62,Successful,,2025-04-24 18:48:26,20250424,2
862,ORD-2025-000821,SES-2025-030894,Debit Card,35.05,Successful,,2025-11-17 01:39:19,20251117,2
863,ORD-2025-000822,SES-2025-030933,Debit Card,85.52,Successful,,2025-10-31 04:48:17,20251031,2
864,ORD-2025-000823,SES-2025-030956,Credit Card,129.87,Successful,,2025-05-10 06:44:19,20250510,1
865,ORD-2025-000824,SES-2025-030965,Apple Pay,324.74,Successful,,2025-11-29 17:27:00,20251129,4
866,ORD-2025-000825,SES-2025-030988,PayPal,47.28,Successful,,2025-12-28 15:49:39,20251228,3
867,ORD-2025-000826,SES-2025-030999,PayPal,64.28,Successful,,2025-11-20 17:36:08,20251120,3
868,ORD-2025-000827,SES-2025-031005,Debit Card,42.63,Successful,,2025-05-21 02:54:00,20250521,2
869,ORD-2025-000828,SES-2025-031054,Debit Card,39.38,Successful,,2025-11-24 23:19:46,20251124,2
870,ORD-2025-000829,SES-2025-031061,Credit Card,81.6,Successful,,2025-05-12 06:22:46,20250512,1
871,ORD-2025-000830,SES-2025-031091,Credit Card,57.1,Successful,,2025-12-20 11:09:39,20251220,1
872,ORD-2025-000831,SES-2025-031172,Credit Card,324.73,Successful,,2025-07-28 03:07:57,20250728,1
873,ORD-2025-000832,SES-2025-031181,PayPal,162.36,Successful,,2025-12-04 09:14:15,20251204,3
874,ORD-2025-000833,SES-2025-031200,Credit Card,186.68,Successful,,2025-11-14 06:05:28,20251114,1
875,ORD-2025-000834,SES-2025-031233,Credit Card,192.69,Successful,,2025-01-23 19:43:26,20250123,1
876,ORD-2025-000835,SES-2025-031246,Credit Card,83.51,Successful,,2025-09-24 23:07:35,20250924,1
877,ORD-2025-000836,SES-2025-031260,Credit Card,59.95,Successful,,2025-10-27 11:22:11,20251027,1
878,ORD-2025-000837,SES-2025-031276,Credit Card,92.01,Successful,,2025-03-11 10:33:44,20250311,1
879,ORD-2025-000838,SES-2025-031277,Credit Card,42.63,Successful,,2025-10-06 17:08:34,20251006,1
880,ORD-2025-000839,SES-2025-031287,Credit Card,83.75,Successful,,2025-11-23 23:26:28,20251123,1
881,,SES-2025-031306,Debit Card,49.0,Failed,DECLINED_BY_ISSUER,2025-08-05 17:39:12,20250805,2
882,ORD-2025-000840,SES-2025-031312,Credit Card,96.34,Successful,,2025-03-12 07:27:58,20250312,1
883,ORD-2025-000841,SES-2025-031370,Credit Card,90.93,Successful,,2025-11-01 07:11:09,20251101,1
884,ORD-2025-000842,SES-2025-031404,Credit Card,31.81,Successful,,2025-07-16 00:53:15,20250716,1
885,ORD-2025-000843,SES-2025-031436,Credit Card,36.14,Successful,,2025-03-15 04:57:09,20250315,1
886,ORD-2025-000844,SES-2025-031451,Credit Card,35.05,Successful,,2025-07-17 00:52:21,20250717,1
887,ORD-2025-000845,SES-2025-031569,Credit Card,35.05,Successful,,2025-08-13 00:01:33,20250813,1
888,ORD-2025-000846,SES-2025-031590,PayPal,174.89,Successful,,2025-08-09 02:59:18,20250809,3
889,ORD-2025-000847,SES-2025-031646,Credit Card,119.05,Successful,,2025-08-10 18:14:11,20250810,1
890,ORD-2025-000848,SES-2025-031656,PayPal,33.97,Successful,,2025-12-02 13:13:05,20251202,3
891,,SES-2025-031730,Buy Now Pay Later,39.99,Failed,CREDIT_THRESHOLD_EXCEEDED,2025-12-17 04:11:33,20251217,5
892,ORD-2025-000849,SES-2025-031741,Credit Card,82.53,Successful,,2025-12-10 01:57:56,20251210,1
893,ORD-2025-000850,SES-2025-031779,Credit Card,51.28,Successful,,2025-09-21 23:27:18,20250921,1
894,ORD-2025-000851,SES-2025-031801,PayPal,106.09,Successful,,2025-11-26 23:32:54,20251126,3
895,ORD-2025-000852,SES-2025-031837,Apple Pay,62.1,Successful,,2025-12-26 10:43:25,20251226,4
896,ORD-2025-000853,SES-2025-031868,Debit Card,49.13,Successful,,2025-07-31 12:16:25,20250731,2
897,ORD-2025-000854,SES-2025-031893,Debit Card,53.46,Successful,,2025-12-19 02:29:53,20251219,2
898,ORD-2025-000855,SES-2025-031894,Debit Card,55.62,Successful,,2025-08-04 19:48:55,20250804,2
899,ORD-2025-000856,SES-2025-031938,Credit Card,67.52,Successful,,2025-09-07 19:56:23,20250907,1
900,ORD-2025-000857,SES-2025-031968,Credit Card,81.6,Successful,,2025-08-12 11:11:52,20250812,1
