order_item_id,order_id,product_id,quantity,unit_price,line_total,product_key,unit_cost,line_cost,line_profit
1,ORD-2025-000001,26,1,24.0,24.0,26,8.5,8.5,15.5
2,ORD-2025-000002,5,1,79.99,79.99,5,38.0,38.0,41.99
3,ORD-2025-000003,27,1,22.0,22.0,27,6.0,6.0,16.0
4,ORD-2025-000004,18,3,89.0,267.0,18,38.0,114.0,153.0
5,ORD-2025-000005,16,1,48.0,48.0,16,20.0,20.0,28.0
6,ORD-2025-000006,17,2,349.0,698.0,17,160.0,320.0,378.0
7,ORD-2025-000007,10,1,68.0,68.0,10,22.0,22.0,46.0
8,ORD-2025-000008,30,2,85.0,170.0,30,35.0,70.0,100.0
9,ORD-2025-000009,21,1,34.0,34.0,21,12.0,12.0,22.0
10,ORD-2025-000010,32,1,49.0,49.0,32,18.0,18.0,31.0
11,ORD-2025-000011,19,1,95.0,95.0,19,42.0,42.0,53.0
12,ORD-2025-000012,30,2,85.0,170.0,30,35.0,70.0,100.0
13,ORD-2025-000013,28,1,25.0,25.0,28,7.5,7.5,17.5
14,ORD-2025-000014,9,1,28.0,28.0,9,8.0,8.0,20.0
15,ORD-2025-000015,13,2,145.0,290.0,13,55.0,110.0,180.0
16,ORD-2025-000016,25,1,79.0,79.0,25,28.0,28.0,51.0
17,ORD-2025-000017,10,1,68.0,68.0,10,22.0,22.0,46.0
18,ORD-2025-000018,12,1,38.0,38.0,12,14.0,14.0,24.0
19,ORD-2025-000019,10,1,68.0,68.0,10,22.0,22.0,46.0
20,ORD-2025-000020,14,1,44.0,44.0,14,16.0,16.0,28.0
21,ORD-2025-000021,9,2,28.0,56.0,9,8.0,16.0,40.0
22,ORD-2025-000022,26,1,24.0,24.0,26,8.5,8.5,15.5
23,ORD-2025-000023,21,1,34.0,34.0,21,12.0,12.0,22.0
24,ORD-2025-000024,27,1,22.0,22.0,27,6.0,6.0,16.0
25,ORD-2025-000025,21,1,34.0,34.0,21,12.0,12.0,22.0
26,ORD-2025-000026,14,1,44.0,44.0,14,16.0,16.0,28.0
27,ORD-2025-000027,29,2,32.0,64.0,29,11.0,22.0,42.0
28,ORD-2025-000028,2,1,149.99,149.99,2,75.0,75.0,74.99
29,ORD-2025-000029,30,3,85.0,255.0,30,35.0,105.0,150.0
30,ORD-2025-000030,30,1,85.0,85.0,30,35.0,35.0,50.0
31,ORD-2025-000031,30,1,85.0,85.0,30,35.0,35.0,50.0
32,ORD-2025-000032,15,1,29.0,29.0,15,10.0,10.0,19.0
33,ORD-2025-000033,5,1,79.99,79.99,5,38.0,38.0,41.99
34,ORD-2025-000034,13,1,145.0,145.0,13,55.0,55.0,90.0
35,ORD-2025-000035,8,1,49.99,49.99,8,22.0,22.0,27.99
36,ORD-2025-000036,17,2,349.0,698.0,17,160.0,320.0,378.0
37,ORD-2025-000037,32,2,49.0,98.0,32,18.0,36.0,62.0
38,ORD-2025-000038,23,1,26.0,26.0,23,7.0,7.0,19.0
39,ORD-2025-000039,20,1,79.0,79.0,20,32.0,32.0,47.0
40,ORD-2025-000040,1,2,299.99,599.98,1,180.0,360.0,239.98
41,ORD-2025-000041,25,1,79.0,79.0,25,28.0,28.0,51.0
42,ORD-2025-000042,31,1,42.0,42.0,31,15.0,15.0,27.0
43,ORD-2025-000043,12,1,38.0,38.0,12,14.0,14.0,24.0
44,ORD-2025-000044,16,1,48.0,48.0,16,20.0,20.0,28.0
45,ORD-2025-000045,21,1,34.0,34.0,21,12.0,12.0,22.0
46,ORD-2025-000046,5,2,79.99,159.98,5,38.0,76.0,83.98
47,ORD-2025-000047,25,1,79.0,79.0,25,28.0,28.0,51.0
48,ORD-2025-000048,31,1,42.0,42.0,31,15.0,15.0,27.0
49,ORD-2025-000049,10,3,68.0,204.0,10,22.0,66.0,138.0
50,ORD-2025-000050,24,2,32.0,64.0,24,9.0,18.0,46.0
51,ORD-2025-000051,13,1,145.0,145.0,13,55.0,55.0,90.0
52,ORD-2025-000052,20,1,79.0,79.0,20,32.0,32.0,47.0
53,ORD-2025-000053,19,1,95.0,95.0,19,42.0,42.0,53.0
54,ORD-2025-000054,13,1,145.0,145.0,13,55.0,55.0,90.0
55,ORD-2025-000055,32,1,49.0,49.0,32,18.0,18.0,31.0
56,ORD-2025-000056,26,1,24.0,24.0,26,8.5,8.5,15.5
57,ORD-2025-000057,6,2,69.99,139.98,6,30.0,60.0,79.98
58,ORD-2025-000058,7,1,39.99,39.99,7,18.0,18.0,21.99
59,ORD-2025-000059,24,1,32.0,32.0,24,9.0,9.0,23.0
60,ORD-2025-000060,22,1,110.0,110.0,22,40.0,40.0,70.0
61,ORD-2025-000061,22,1,110.0,110.0,22,40.0,40.0,70.0
62,ORD-2025-000062,11,1,74.0,74.0,11,26.0,26.0,48.0
63,ORD-2025-000063,31,1,42.0,42.0,31,15.0,15.0,27.0
64,ORD-2025-000064,28,1,25.0,25.0,28,7.5,7.5,17.5
65,ORD-2025-000065,25,2,79.0,158.0,25,28.0,56.0,102.0
66,ORD-2025-000066,20,1,79.0,79.0,20,32.0,32.0,47.0
67,ORD-2025-000067,5,1,79.99,79.99,5,38.0,38.0,41.99
68,ORD-2025-000068,24,1,32.0,32.0,24,9.0,9.0,23.0
69,ORD-2025-000069,10,1,68.0,68.0,10,22.0,22.0,46.0
70,ORD-2025-000070,27,1,22.0,22.0,27,6.0,6.0,16.0
71,ORD-2025-000071,29,1,32.0,32.0,29,11.0,11.0,21.0
72,ORD-2025-000072,23,2,26.0,52.0,23,7.0,14.0,38.0
73,ORD-2025-000073,13,1,145.0,145.0,13,55.0,55.0,90.0
74,ORD-2025-000074,20,1,79.0,79.0,20,32.0,32.0,47.0
75,ORD-2025-000075,6,1,69.99,69.99,6,30.0,30.0,39.99
76,ORD-2025-000076,29,1,32.0,32.0,29,11.0,11.0,21.0
77,ORD-2025-000077,11,1,74.0,74.0,11,26.0,26.0,48.0
78,ORD-2025-000078,22,2,110.0,220.0,22,40.0,80.0,140.0
79,ORD-2025-000079,33,1,89.0,89.0,33,32.0,32.0,57.0
80,ORD-2025-000080,3,1,89.99,89.99,3,45.0,45.0,44.99
81,ORD-2025-000081,29,2,32.0,64.0,29,11.0,22.0,42.0
82,ORD-2025-000082,24,1,32.0,32.0,24,9.0,9.0,23.0
83,ORD-2025-000083,5,1,79.99,79.99,5,38.0,38.0,41.99
84,ORD-2025-000084,9,1,28.0,28.0,9,8.0,8.0,20.0
85,ORD-2025-000085,5,1,79.99,79.99,5,38.0,38.0,41.99
86,ORD-2025-000086,28,1,25.0,25.0,28,7.5,7.5,17.5
87,ORD-2025-000087,4,1,54.99,54.99,4,25.0,25.0,29.99
88,ORD-2025-000088,13,1,145.0,145.0,13,55.0,55.0,90.0
89,ORD-2025-000089,30,1,85.0,85.0,30,35.0,35.0,50.0
90,ORD-2025-000090,10,2,68.0,136.0,10,22.0,44.0,92.0
91,ORD-2025-000091,23,1,26.0,26.0,23,7.0,7.0,19.0
92,ORD-2025-000092,5,1,79.99,79.99,5,38.0,38.0,41.99
93,ORD-2025-000093,12,2,38.0,76.0,12,14.0,28.0,48.0
94,ORD-2025-000094,20,1,79.0,79.0,20,32.0,32.0,47.0
95,ORD-2025-000095,21,1,34.0,34.0,21,12.0,12.0,22.0
96,ORD-2025-000096,9,2,28.0,56.0,9,8.0,16.0,40.0
97,ORD-2025-000097,5,2,79.99,159.98,5,38.0,76.0,83.98
98,ORD-2025-000098,28,1,25.0,25.0,28,7.5,7.5,17.5
99,ORD-2025-000099,8,1,49.99,49.99,8,22.0,22.0,27.99
100,ORD-2025-000100,29,2,32.0,64.0,29,11.0,22.0,42.0
101,ORD-2025-000101,23,1,26.0,26.0,23,7.0,7.0,19.0
102,ORD-2025-000102,28,3,25.0,75.0,28,7.5,22.5,52.5
103,ORD-2025-000103,10,1,68.0,68.0,10,22.0,22.0,46.0
104,ORD-2025-000104,2,2,149.99,299.98,2,75.0,150.0,149.98
105,ORD-2025-000105,24,1,32.0,32.0,24,9.0,9.0,23.0
106,ORD-2025-000106,18,1,89.0,89.0,18,38.0,38.0,51.0
107,ORD-2025-000107,8,1,49.99,49.99,8,22.0,22.0,27.99
108,ORD-2025-000108,29,2,32.0,64.0,29,11.0,22.0,42.0
109,ORD-2025-000109,3,1,89.99,89.99,3,45.0,45.0,44.99
110,ORD-2025-000110,31,1,42.0,42.0,31,15.0,15.0,27.0
111,ORD-2025-000111,6,1,69.99,69.99,6,30.0,30.0,39.99
112,ORD-2025-000112,24,1,32.0,32.0,24,9.0,9.0,23.0
113,ORD-2025-000113,5,1,79.99,79.99,5,38.0,38.0,41.99
114,ORD-2025-000114,21,1,34.0,34.0,21,12.0,12.0,22.0
115,ORD-2025-000115,30,2,85.0,170.0,30,35.0,70.0,100.0
116,ORD-2025-000116,22,1,110.0,110.0,22,40.0,40.0,70.0
117,ORD-2025-000117,31,1,42.0,42.0,31,15.0,15.0,27.0
118,ORD-2025-000118,25,1,79.0,79.0,25,28.0,28.0,51.0
119,ORD-2025-000119,31,2,42.0,84.0,31,15.0,30.0,54.0
120,ORD-2025-000120,17,1,349.0,349.0,17,160.0,160.0,189.0
121,ORD-2025-000121,1,1,299.99,299.99,1,180.0,180.0,119.99
122,ORD-2025-000122,14,1,44.0,44.0,14,16.0,16.0,28.0
123,ORD-2025-000123,2,1,149.99,149.99,2,75.0,75.0,74.99
124,ORD-2025-000124,28,2,25.0,50.0,28,7.5,15.0,35.0
125,ORD-2025-000125,28,1,25.0,25.0,28,7.5,7.5,17.5
126,ORD-2025-000126,14,2,44.0,88.0,14,16.0,32.0,56.0
127,ORD-2025-000127,23,1,26.0,26.0,23,7.0,7.0,19.0
128,ORD-2025-000128,5,1,79.99,79.99,5,38.0,38.0,41.99
129,ORD-2025-000129,10,1,68.0,68.0,10,22.0,22.0,46.0
130,ORD-2025-000130,14,1,44.0,44.0,14,16.0,16.0,28.0
131,ORD-2025-000131,6,1,69.99,69.99,6,30.0,30.0,39.99
132,ORD-2025-000132,14,1,44.0,44.0,14,16.0,16.0,28.0
133,ORD-2025-000133,26,1,24.0,24.0,26,8.5,8.5,15.5
134,ORD-2025-000134,5,1,79.99,79.99,5,38.0,38.0,41.99
135,ORD-2025-000135,7,3,39.99,119.97,7,18.0,54.0,65.97
136,ORD-2025-000136,1,1,299.99,299.99,1,180.0,180.0,119.99
137,ORD-2025-000137,25,1,79.0,79.0,25,28.0,28.0,51.0
138,ORD-2025-000138,6,1,69.99,69.99,6,30.0,30.0,39.99
139,ORD-2025-000139,7,1,39.99,39.99,7,18.0,18.0,21.99
140,ORD-2025-000140,25,2,79.0,158.0,25,28.0,56.0,102.0
141,ORD-2025-000141,11,1,74.0,74.0,11,26.0,26.0,48.0
142,ORD-2025-000142,31,2,42.0,84.0,31,15.0,30.0,54.0
143,ORD-2025-000143,31,1,42.0,42.0,31,15.0,15.0,27.0
144,ORD-2025-000144,7,1,39.99,39.99,7,18.0,18.0,21.99
145,ORD-2025-000145,4,2,54.99,109.98,4,25.0,50.0,59.98
146,ORD-2025-000146,12,1,38.0,38.0,12,14.0,14.0,24.0
147,ORD-2025-000147,21,1,34.0,34.0,21,12.0,12.0,22.0
148,ORD-2025-000148,25,1,79.0,79.0,25,28.0,28.0,51.0
149,ORD-2025-000149,20,2,79.0,158.0,20,32.0,64.0,94.0
150,ORD-2025-000150,14,1,44.0,44.0,14,16.0,16.0,28.0
151,ORD-2025-000151,5,1,79.99,79.99,5,38.0,38.0,41.99
152,ORD-2025-000152,5,1,79.99,79.99,5,38.0,38.0,41.99
153,ORD-2025-000153,11,2,74.0,148.0,11,26.0,52.0,96.0
154,ORD-2025-000154,2,1,149.99,149.99,2,75.0,75.0,74.99
155,ORD-2025-000155,28,1,25.0,25.0,28,7.5,7.5,17.5
156,ORD-2025-000156,16,1,48.0,48.0,16,20.0,20.0,28.0
157,ORD-2025-000157,27,1,22.0,22.0,27,6.0,6.0,16.0
158,ORD-2025-000158,7,1,39.99,39.99,7,18.0,18.0,21.99
159,ORD-2025-000159,27,1,22.0,22.0,27,6.0,6.0,16.0
160,ORD-2025-000160,25,1,79.0,79.0,25,28.0,28.0,51.0
161,ORD-2025-000161,20,1,79.0,79.0,20,32.0,32.0,47.0
162,ORD-2025-000162,13,1,145.0,145.0,13,55.0,55.0,90.0
163,ORD-2025-000163,16,1,48.0,48.0,16,20.0,20.0,28.0
164,ORD-2025-000164,6,1,69.99,69.99,6,30.0,30.0,39.99
165,ORD-2025-000165,5,1,79.99,79.99,5,38.0,38.0,41.99
166,ORD-2025-000166,24,2,32.0,64.0,24,9.0,18.0,46.0
167,ORD-2025-000167,27,1,22.0,22.0,27,6.0,6.0,16.0
168,ORD-2025-000168,12,1,38.0,38.0,12,14.0,14.0,24.0
169,ORD-2025-000169,28,2,25.0,50.0,28,7.5,15.0,35.0
170,ORD-2025-000170,27,1,22.0,22.0,27,6.0,6.0,16.0
171,ORD-2025-000171,19,1,95.0,95.0,19,42.0,42.0,53.0
172,ORD-2025-000172,32,3,49.0,147.0,32,18.0,54.0,93.0
173,ORD-2025-000173,26,2,24.0,48.0,26,8.5,17.0,31.0
174,ORD-2025-000174,24,2,32.0,64.0,24,9.0,18.0,46.0
175,ORD-2025-000175,9,1,28.0,28.0,9,8.0,8.0,20.0
176,ORD-2025-000176,31,1,42.0,42.0,31,15.0,15.0,27.0
177,ORD-2025-000177,21,1,34.0,34.0,21,12.0,12.0,22.0
178,ORD-2025-000178,11,1,74.0,74.0,11,26.0,26.0,48.0
179,ORD-2025-000179,29,1,32.0,32.0,29,11.0,11.0,21.0
180,ORD-2025-000180,25,1,79.0,79.0,25,28.0,28.0,51.0
181,ORD-2025-000181,12,3,38.0,114.0,12,14.0,42.0,72.0
182,ORD-2025-000182,27,1,22.0,22.0,27,6.0,6.0,16.0
183,ORD-2025-000183,32,1,49.0,49.0,32,18.0,18.0,31.0
184,ORD-2025-000184,26,2,24.0,48.0,26,8.5,17.0,31.0
185,ORD-2025-000185,33,1,89.0,89.0,33,32.0,32.0,57.0
186,ORD-2025-000186,3,1,89.99,89.99,3,45.0,45.0,44.99
187,ORD-2025-000187,4,1,54.99,54.99,4,25.0,25.0,29.99
188,ORD-2025-000188,6,1,69.99,69.99,6,30.0,30.0,39.99
189,ORD-2025-000189,16,1,48.0,48.0,16,20.0,20.0,28.0
190,ORD-2025-000190,12,1,38.0,38.0,12,14.0,14.0,24.0
191,ORD-2025-000191,32,1,49.0,49.0,32,18.0,18.0,31.0
192,ORD-2025-000192,6,2,69.99,139.98,6,30.0,60.0,79.98
193,ORD-2025-000193,24,2,32.0,64.0,24,9.0,18.0,46.0
194,ORD-2025-000194,19,1,95.0,95.0,19,42.0,42.0,53.0
195,ORD-2025-000195,31,2,42.0,84.0,31,15.0,30.0,54.0
196,ORD-2025-000196,14,1,44.0,44.0,14,16.0,16.0,28.0
197,ORD-2025-000197,1,1,299.99,299.99,1,180.0,180.0,119.99
198,ORD-2025-000198,31,3,42.0,126.0,31,15.0,45.0,81.0
199,ORD-2025-000199,26,2,24.0,48.0,26,8.5,17.0,31.0
200,ORD-2025-000200,9,1,28.0,28.0,9,8.0,8.0,20.0
201,ORD-2025-000201,31,1,42.0,42.0,31,15.0,15.0,27.0
202,ORD-2025-000202,30,1,85.0,85.0,30,35.0,35.0,50.0
203,ORD-2025-000203,26,1,24.0,24.0,26,8.5,8.5,15.5
204,ORD-2025-000204,2,1,149.99,149.99,2,75.0,75.0,74.99
205,ORD-2025-000205,15,1,29.0,29.0,15,10.0,10.0,19.0
206,ORD-2025-000206,21,2,34.0,68.0,21,12.0,24.0,44.0
207,ORD-2025-000207,9,1,28.0,28.0,9,8.0,8.0,20.0
208,ORD-2025-000208,18,3,89.0,267.0,18,38.0,114.0,153.0
209,ORD-2025-000209,31,1,42.0,42.0,31,15.0,15.0,27.0
210,ORD-2025-000210,26,1,24.0,24.0,26,8.5,8.5,15.5
211,ORD-2025-000211,30,2,85.0,170.0,30,35.0,70.0,100.0
212,ORD-2025-000212,27,1,22.0,22.0,27,6.0,6.0,16.0
213,ORD-2025-000213,27,3,22.0,66.0,27,6.0,18.0,48.0
214,ORD-2025-000214,11,1,74.0,74.0,11,26.0,26.0,48.0
215,ORD-2025-000215,2,1,149.99,149.99,2,75.0,75.0,74.99
216,ORD-2025-000216,11,1,74.0,74.0,11,26.0,26.0,48.0
217,ORD-2025-000217,12,2,38.0,76.0,12,14.0,28.0,48.0
218,ORD-2025-000218,25,2,79.0,158.0,25,28.0,56.0,102.0
219,ORD-2025-000219,30,1,85.0,85.0,30,35.0,35.0,50.0
220,ORD-2025-000220,9,1,28.0,28.0,9,8.0,8.0,20.0
221,ORD-2025-000221,21,1,34.0,34.0,21,12.0,12.0,22.0
222,ORD-2025-000222,32,1,49.0,49.0,32,18.0,18.0,31.0
223,ORD-2025-000223,10,1,68.0,68.0,10,22.0,22.0,46.0
224,ORD-2025-000224,26,1,24.0,24.0,26,8.5,8.5,15.5
225,ORD-2025-000225,17,1,349.0,349.0,17,160.0,160.0,189.0
226,ORD-2025-000226,4,1,54.99,54.99,4,25.0,25.0,29.99
227,ORD-2025-000227,23,1,26.0,26.0,23,7.0,7.0,19.0
228,ORD-2025-000228,14,1,44.0,44.0,14,16.0,16.0,28.0
229,ORD-2025-000229,9,1,28.0,28.0,9,8.0,8.0,20.0
230,ORD-2025-000230,2,3,149.99,449.97,2,75.0,225.0,224.97
231,ORD-2025-000231,6,1,69.99,69.99,6,30.0,30.0,39.99
232,ORD-2025-000232,16,1,48.0,48.0,16,20.0,20.0,28.0
233,ORD-2025-000233,14,1,44.0,44.0,14,16.0,16.0,28.0
234,ORD-2025-000234,1,1,299.99,299.99,1,180.0,180.0,119.99
235,ORD-2025-000235,13,1,145.0,145.0,13,55.0,55.0,90.0
236,ORD-2025-000236,27,1,22.0,22.0,27,6.0,6.0,16.0
237,ORD-2025-000237,24,1,32.0,32.0,24,9.0,9.0,23.0
238,ORD-2025-000238,9,1,28.0,28.0,9,8.0,8.0,20.0
239,ORD-2025-000239,7,1,39.99,39.99,7,18.0,18.0,21.99
240,ORD-2025-000240,16,1,48.0,48.0,16,20.0,20.0,28.0
241,ORD-2025-000241,33,1,89.0,89.0,33,32.0,32.0,57.0
242,ORD-2025-000242,26,1,24.0,24.0,26,8.5,8.5,15.5
243,ORD-2025-000243,6,1,69.99,69.99,6,30.0,30.0,39.99
244,ORD-2025-000244,17,1,349.0,349.0,17,160.0,160.0,189.0
245,ORD-2025-000245,17,1,349.0,349.0,17,160.0,160.0,189.0
246,ORD-2025-000246,14,2,44.0,88.0,14,16.0,32.0,56.0
247,ORD-2025-000247,28,2,25.0,50.0,28,7.5,15.0,35.0
248,ORD-2025-000248,31,1,42.0,42.0,31,15.0,15.0,27.0
249,ORD-2025-000249,25,1,79.0,79.0,25,28.0,28.0,51.0
250,ORD-2025-000250,11,1,74.0,74.0,11,26.0,26.0,48.0
251,ORD-2025-000251,23,2,26.0,52.0,23,7.0,14.0,38.0
252,ORD-2025-000252,3,1,89.99,89.99,3,45.0,45.0,44.99
253,ORD-2025-000253,12,1,38.0,38.0,12,14.0,14.0,24.0
254,ORD-2025-000254,25,1,79.0,79.0,25,28.0,28.0,51.0
255,ORD-2025-000255,3,1,89.99,89.99,3,45.0,45.0,44.99
256,ORD-2025-000256,13,1,145.0,145.0,13,55.0,55.0,90.0
257,ORD-2025-000257,25,1,79.0,79.0,25,28.0,28.0,51.0
258,ORD-2025-000258,15,1,29.0,29.0,15,10.0,10.0,19.0
259,ORD-2025-000259,25,2,79.0,158.0,25,28.0,56.0,102.0
260,ORD-2025-000260,28,1,25.0,25.0,28,7.5,7.5,17.5
261,ORD-2025-000261,28,1,25.0,25.0,28,7.5,7.5,17.5
262,ORD-2025-000262,33,1,89.0,89.0,33,32.0,32.0,57.0
263,ORD-2025-000263,9,1,28.0,28.0,9,8.0,8.0,20.0
264,ORD-2025-000264,23,1,26.0,26.0,23,7.0,7.0,19.0
265,ORD-2025-000265,8,1,49.99,49.99,8,22.0,22.0,27.99
266,ORD-2025-000266,18,1,89.0,89.0,18,38.0,38.0,51.0
267,ORD-2025-000267,22,1,110.0,110.0,22,40.0,40.0,70.0
268,ORD-2025-000268,25,1,79.0,79.0,25,28.0,28.0,51.0
269,ORD-2025-000269,9,1,28.0,28.0,9,8.0,8.0,20.0
270,ORD-2025-000270,13,1,145.0,145.0,13,55.0,55.0,90.0
271,ORD-2025-000271,9,1,28.0,28.0,9,8.0,8.0,20.0
272,ORD-2025-000272,25,3,79.0,237.0,25,28.0,84.0,153.0
273,ORD-2025-000273,18,2,89.0,178.0,18,38.0,76.0,102.0
274,ORD-2025-000274,11,1,74.0,74.0,11,26.0,26.0,48.0
275,ORD-2025-000275,5,1,79.99,79.99,5,38.0,38.0,41.99
276,ORD-2025-000276,23,1,26.0,26.0,23,7.0,7.0,19.0
277,ORD-2025-000277,26,2,24.0,48.0,26,8.5,17.0,31.0
278,ORD-2025-000278,9,1,28.0,28.0,9,8.0,8.0,20.0
279,ORD-2025-000279,21,1,34.0,34.0,21,12.0,12.0,22.0
280,ORD-2025-000280,18,1,89.0,89.0,18,38.0,38.0,51.0
281,ORD-2025-000281,11,1,74.0,74.0,11,26.0,26.0,48.0
282,ORD-2025-000282,20,1,79.0,79.0,20,32.0,32.0,47.0
283,ORD-2025-000283,10,1,68.0,68.0,10,22.0,22.0,46.0
284,ORD-2025-000284,2,1,149.99,149.99,2,75.0,75.0,74.99
285,ORD-2025-000285,2,3,149.99,449.97,2,75.0,225.0,224.97
286,ORD-2025-000286,23,2,26.0,52.0,23,7.0,14.0,38.0
287,ORD-2025-000287,12,1,38.0,38.0,12,14.0,14.0,24.0
288,ORD-2025-000288,8,1,49.99,49.99,8,22.0,22.0,27.99
289,ORD-2025-000289,33,1,89.0,89.0,33,32.0,32.0,57.0
290,ORD-2025-000290,21,1,34.0,34.0,21,12.0,12.0,22.0
291,ORD-2025-000291,10,1,68.0,68.0,10,22.0,22.0,46.0
292,ORD-2025-000292,21,1,34.0,34.0,21,12.0,12.0,22.0
293,ORD-2025-000293,14,1,44.0,44.0,14,16.0,16.0,28.0
294,ORD-2025-000294,7,2,39.99,79.98,7,18.0,36.0,43.98
295,ORD-2025-000295,5,2,79.99,159.98,5,38.0,76.0,83.98
296,ORD-2025-000296,8,1,49.99,49.99,8,22.0,22.0,27.99
297,ORD-2025-000297,14,2,44.0,88.0,14,16.0,32.0,56.0
298,ORD-2025-000298,8,2,49.99,99.98,8,22.0,44.0,55.98
299,ORD-2025-000299,22,1,110.0,110.0,22,40.0,40.0,70.0
300,ORD-2025-000300,10,1,68.0,68.0,10,22.0,22.0,46.0
301,ORD-2025-000301,20,1,79.0,79.0,20,32.0,32.0,47.0
302,ORD-2025-000302,3,1,89.99,89.99,3,45.0,45.0,44.99
303,ORD-2025-000303,9,3,28.0,84.0,9,8.0,24.0,60.0
304,ORD-2025-000304,14,1,44.0,44.0,14,16.0,16.0,28.0
305,ORD-2025-000305,8,2,49.99,99.98,8,22.0,44.0,55.98
306,ORD-2025-000306,10,2,68.0,136.0,10,22.0,44.0,92.0
307,ORD-2025-000307,11,1,74.0,74.0,11,26.0,26.0,48.0
308,ORD-2025-000308,9,1,28.0,28.0,9,8.0,8.0,20.0
309,ORD-2025-000309,11,1,74.0,74.0,11,26.0,26.0,48.0
310,ORD-2025-000310,11,1,74.0,74.0,11,26.0,26.0,48.0
311,ORD-2025-000311,26,2,24.0,48.0,26,8.5,17.0,31.0
312,ORD-2025-000312,14,1,44.0,44.0,14,16.0,16.0,28.0
313,ORD-2025-000313,20,1,79.0,79.0,20,32.0,32.0,47.0
314,ORD-2025-000314,20,1,79.0,79.0,20,32.0,32.0,47.0
315,ORD-2025-000315,7,2,39.99,79.98,7,18.0,36.0,43.98
316,ORD-2025-000316,19,1,95.0,95.0,19,42.0,42.0,53.0
317,ORD-2025-000317,29,1,32.0,32.0,29,11.0,11.0,21.0
318,ORD-2025-000318,23,1,26.0,26.0,23,7.0,7.0,19.0
319,ORD-2025-000319,4,1,54.99,54.99,4,25.0,25.0,29.99
320,ORD-2025-000320,31,1,42.0,42.0,31,15.0,15.0,27.0
321,ORD-2025-000321,1,2,299.99,599.98,1,180.0,360.0,239.98
322,ORD-2025-000322,4,1,54.99,54.99,4,25.0,25.0,29.99
323,ORD-2025-000323,17,2,349.0,698.0,17,160.0,320.0,378.0
324,ORD-2025-000324,26,2,24.0,48.0,26,8.5,17.0,31.0
325,ORD-2025-000325,31,2,42.0,84.0,31,15.0,30.0,54.0
326,ORD-2025-000326,8,2,49.99,99.98,8,22.0,44.0,55.98
327,ORD-2025-000327,3,1,89.99,89.99,3,45.0,45.0,44.99
328,ORD-2025-000328,6,1,69.99,69.99,6,30.0,30.0,39.99
329,ORD-2025-000329,22,1,110.0,110.0,22,40.0,40.0,70.0
330,ORD-2025-000330,26,1,24.0,24.0,26,8.5,8.5,15.5
331,ORD-2025-000331,32,1,49.0,49.0,32,18.0,18.0,31.0
332,ORD-2025-000332,18,1,89.0,89.0,18,38.0,38.0,51.0
333,ORD-2025-000333,9,1,28.0,28.0,9,8.0,8.0,20.0
334,ORD-2025-000334,13,1,145.0,145.0,13,55.0,55.0,90.0
335,ORD-2025-000335,3,2,89.99,179.98,3,45.0,90.0,89.98
336,ORD-2025-000336,17,1,349.0,349.0,17,160.0,160.0,189.0
337,ORD-2025-000337,20,2,79.0,158.0,20,32.0,64.0,94.0
338,ORD-2025-000338,30,1,85.0,85.0,30,35.0,35.0,50.0
339,ORD-2025-000339,11,1,74.0,74.0,11,26.0,26.0,48.0
340,ORD-2025-000340,17,1,349.0,349.0,17,160.0,160.0,189.0
341,ORD-2025-000341,11,1,74.0,74.0,11,26.0,26.0,48.0
342,ORD-2025-000342,4,2,54.99,109.98,4,25.0,50.0,59.98
343,ORD-2025-000343,13,1,145.0,145.0,13,55.0,55.0,90.0
344,ORD-2025-000344,11,1,74.0,74.0,11,26.0,26.0,48.0
345,ORD-2025-000345,13,2,145.0,290.0,13,55.0,110.0,180.0
346,ORD-2025-000346,8,1,49.99,49.99,8,22.0,22.0,27.99
347,ORD-2025-000347,27,1,22.0,22.0,27,6.0,6.0,16.0
348,ORD-2025-000348,13,3,145.0,435.0,13,55.0,165.0,270.0
349,ORD-2025-000349,18,1,89.0,89.0,18,38.0,38.0,51.0
350,ORD-2025-000350,1,1,299.99,299.99,1,180.0,180.0,119.99
351,ORD-2025-000351,7,1,39.99,39.99,7,18.0,18.0,21.99
352,ORD-2025-000352,28,1,25.0,25.0,28,7.5,7.5,17.5
353,ORD-2025-000353,30,3,85.0,255.0,30,35.0,105.0,150.0
354,ORD-2025-000354,7,3,39.99,119.97,7,18.0,54.0,65.97
355,ORD-2025-000355,13,1,145.0,145.0,13,55.0,55.0,90.0
356,ORD-2025-000356,5,1,79.99,79.99,5,38.0,38.0,41.99
357,ORD-2025-000357,3,2,89.99,179.98,3,45.0,90.0,89.98
358,ORD-2025-000358,11,1,74.0,74.0,11,26.0,26.0,48.0
359,ORD-2025-000359,3,1,89.99,89.99,3,45.0,45.0,44.99
360,ORD-2025-000360,21,2,34.0,68.0,21,12.0,24.0,44.0
361,ORD-2025-000361,18,1,89.0,89.0,18,38.0,38.0,51.0
362,ORD-2025-000362,19,1,95.0,95.0,19,42.0,42.0,53.0
363,ORD-2025-000363,7,1,39.99,39.99,7,18.0,18.0,21.99
364,ORD-2025-000364,28,2,25.0,50.0,28,7.5,15.0,35.0
365,ORD-2025-000365,31,2,42.0,84.0,31,15.0,30.0,54.0
366,ORD-2025-000366,28,1,25.0,25.0,28,7.5,7.5,17.5
367,ORD-2025-000367,26,1,24.0,24.0,26,8.5,8.5,15.5
368,ORD-2025-000368,24,1,32.0,32.0,24,9.0,9.0,23.0
369,ORD-2025-000369,7,1,39.99,39.99,7,18.0,18.0,21.99
370,ORD-2025-000370,5,2,79.99,159.98,5,38.0,76.0,83.98
371,ORD-2025-000371,25,1,79.0,79.0,25,28.0,28.0,51.0
372,ORD-2025-000372,9,2,28.0,56.0,9,8.0,16.0,40.0
373,ORD-2025-000373,12,1,38.0,38.0,12,14.0,14.0,24.0
374,ORD-2025-000374,21,2,34.0,68.0,21,12.0,24.0,44.0
375,ORD-2025-000375,22,1,110.0,110.0,22,40.0,40.0,70.0
376,ORD-2025-000376,21,1,34.0,34.0,21,12.0,12.0,22.0
377,ORD-2025-000377,32,2,49.0,98.0,32,18.0,36.0,62.0
378,ORD-2025-000378,9,1,28.0,28.0,9,8.0,8.0,20.0
379,ORD-2025-000379,9,1,28.0,28.0,9,8.0,8.0,20.0
380,ORD-2025-000380,13,1,145.0,145.0,13,55.0,55.0,90.0
381,ORD-2025-000381,5,1,79.99,79.99,5,38.0,38.0,41.99
382,ORD-2025-000382,32,1,49.0,49.0,32,18.0,18.0,31.0
383,ORD-2025-000383,9,1,28.0,28.0,9,8.0,8.0,20.0
384,ORD-2025-000384,27,1,22.0,22.0,27,6.0,6.0,16.0
385,ORD-2025-000385,10,1,68.0,68.0,10,22.0,22.0,46.0
386,ORD-2025-000386,23,1,26.0,26.0,23,7.0,7.0,19.0
387,ORD-2025-000387,22,1,110.0,110.0,22,40.0,40.0,70.0
388,ORD-2025-000388,27,3,22.0,66.0,27,6.0,18.0,48.0
389,ORD-2025-000389,22,1,110.0,110.0,22,40.0,40.0,70.0
390,ORD-2025-000390,31,1,42.0,42.0,31,15.0,15.0,27.0
391,ORD-2025-000391,19,1,95.0,95.0,19,42.0,42.0,53.0
392,ORD-2025-000392,26,3,24.0,72.0,26,8.5,25.5,46.5
393,ORD-2025-000393,11,2,74.0,148.0,11,26.0,52.0,96.0
394,ORD-2025-000394,22,1,110.0,110.0,22,40.0,40.0,70.0
395,ORD-2025-000395,25,3,79.0,237.0,25,28.0,84.0,153.0
396,ORD-2025-000396,13,3,145.0,435.0,13,55.0,165.0,270.0
397,ORD-2025-000397,14,2,44.0,88.0,14,16.0,32.0,56.0
398,ORD-2025-000398,16,2,48.0,96.0,16,20.0,40.0,56.0
399,ORD-2025-000399,16,1,48.0,48.0,16,20.0,20.0,28.0
400,ORD-2025-000400,26,2,24.0,48.0,26,8.5,17.0,31.0
401,ORD-2025-000401,27,3,22.0,66.0,27,6.0,18.0,48.0
402,ORD-2025-000402,6,1,69.99,69.99,6,30.0,30.0,39.99
403,ORD-2025-000403,18,1,89.0,89.0,18,38.0,38.0,51.0
404,ORD-2025-000404,33,3,89.0,267.0,33,32.0,96.0,171.0
405,ORD-2025-000405,4,1,54.99,54.99,4,25.0,25.0,29.99
406,ORD-2025-000406,12,1,38.0,38.0,12,14.0,14.0,24.0
407,ORD-2025-000407,32,1,49.0,49.0,32,18.0,18.0,31.0
408,ORD-2025-000408,22,1,110.0,110.0,22,40.0,40.0,70.0
409,ORD-2025-000409,7,2,39.99,79.98,7,18.0,36.0,43.98
410,ORD-2025-000410,5,3,79.99,239.97,5,38.0,114.0,125.97
411,ORD-2025-000411,13,1,145.0,145.0,13,55.0,55.0,90.0
412,ORD-2025-000412,24,1,32.0,32.0,24,9.0,9.0,23.0
413,ORD-2025-000413,9,1,28.0,28.0,9,8.0,8.0,20.0
414,ORD-2025-000414,30,1,85.0,85.0,30,35.0,35.0,50.0
415,ORD-2025-000415,13,1,145.0,145.0,13,55.0,55.0,90.0
416,ORD-2025-000416,16,1,48.0,48.0,16,20.0,20.0,28.0
417,ORD-2025-000417,15,1,29.0,29.0,15,10.0,10.0,19.0
418,ORD-2025-000418,14,1,44.0,44.0,14,16.0,16.0,28.0
419,ORD-2025-000419,17,1,349.0,349.0,17,160.0,160.0,189.0
420,ORD-2025-000420,2,1,149.99,149.99,2,75.0,75.0,74.99
421,ORD-2025-000421,15,1,29.0,29.0,15,10.0,10.0,19.0
422,ORD-2025-000422,5,1,79.99,79.99,5,38.0,38.0,41.99
423,ORD-2025-000423,25,1,79.0,79.0,25,28.0,28.0,51.0
424,ORD-2025-000424,9,2,28.0,56.0,9,8.0,16.0,40.0
425,ORD-2025-000425,14,1,44.0,44.0,14,16.0,16.0,28.0
426,ORD-2025-000426,4,1,54.99,54.99,4,25.0,25.0,29.99
427,ORD-2025-000427,26,1,24.0,24.0,26,8.5,8.5,15.5
428,ORD-2025-000428,7,1,39.99,39.99,7,18.0,18.0,21.99
429,ORD-2025-000429,18,1,89.0,89.0,18,38.0,38.0,51.0
430,ORD-2025-000430,23,1,26.0,26.0,23,7.0,7.0,19.0
431,ORD-2025-000431,26,1,24.0,24.0,26,8.5,8.5,15.5
432,ORD-2025-000432,15,1,29.0,29.0,15,10.0,10.0,19.0
433,ORD-2025-000433,17,2,349.0,698.0,17,160.0,320.0,378.0
434,ORD-2025-000434,12,1,38.0,38.0,12,14.0,14.0,24.0
435,ORD-2025-000435,25,1,79.0,79.0,25,28.0,28.0,51.0
436,ORD-2025-000436,33,1,89.0,89.0,33,32.0,32.0,57.0
437,ORD-2025-000437,10,1,68.0,68.0,10,22.0,22.0,46.0
438,ORD-2025-000438,7,1,39.99,39.99,7,18.0,18.0,21.99
439,ORD-2025-000439,6,1,69.99,69.99,6,30.0,30.0,39.99
440,ORD-2025-000440,17,1,349.0,349.0,17,160.0,160.0,189.0
441,ORD-2025-000441,21,1,34.0,34.0,21,12.0,12.0,22.0
442,ORD-2025-000442,27,1,22.0,22.0,27,6.0,6.0,16.0
443,ORD-2025-000443,17,1,349.0,349.0,17,160.0,160.0,189.0
444,ORD-2025-000444,4,1,54.99,54.99,4,25.0,25.0,29.99
445,ORD-2025-000445,2,2,149.99,299.98,2,75.0,150.0,149.98
446,ORD-2025-000446,30,1,85.0,85.0,30,35.0,35.0,50.0
447,ORD-2025-000447,32,1,49.0,49.0,32,18.0,18.0,31.0
448,ORD-2025-000448,21,1,34.0,34.0,21,12.0,12.0,22.0
449,ORD-2025-000449,25,1,79.0,79.0,25,28.0,28.0,51.0
450,ORD-2025-000450,28,1,25.0,25.0,28,7.5,7.5,17.5
451,ORD-2025-000451,23,1,26.0,26.0,23,7.0,7.0,19.0
452,ORD-2025-000452,10,1,68.0,68.0,10,22.0,22.0,46.0
453,ORD-2025-000453,22,1,110.0,110.0,22,40.0,40.0,70.0
454,ORD-2025-000454,18,3,89.0,267.0,18,38.0,114.0,153.0
455,ORD-2025-000455,14,2,44.0,88.0,14,16.0,32.0,56.0
456,ORD-2025-000456,10,1,68.0,68.0,10,22.0,22.0,46.0
457,ORD-2025-000457,21,1,34.0,34.0,21,12.0,12.0,22.0
458,ORD-2025-000458,29,2,32.0,64.0,29,11.0,22.0,42.0
459,ORD-2025-000459,1,2,299.99,599.98,1,180.0,360.0,239.98
460,ORD-2025-000460,29,3,32.0,96.0,29,11.0,33.0,63.0
461,ORD-2025-000461,23,1,26.0,26.0,23,7.0,7.0,19.0
462,ORD-2025-000462,9,1,28.0,28.0,9,8.0,8.0,20.0
463,ORD-2025-000463,32,1,49.0,49.0,32,18.0,18.0,31.0
464,ORD-2025-000464,10,1,68.0,68.0,10,22.0,22.0,46.0
465,ORD-2025-000465,8,2,49.99,99.98,8,22.0,44.0,55.98
466,ORD-2025-000466,14,1,44.0,44.0,14,16.0,16.0,28.0
467,ORD-2025-000467,24,1,32.0,32.0,24,9.0,9.0,23.0
468,ORD-2025-000468,29,2,32.0,64.0,29,11.0,22.0,42.0
469,ORD-2025-000469,16,1,48.0,48.0,16,20.0,20.0,28.0
470,ORD-2025-000470,9,1,28.0,28.0,9,8.0,8.0,20.0
471,ORD-2025-000471,14,1,44.0,44.0,14,16.0,16.0,28.0
472,ORD-2025-000472,24,1,32.0,32.0,24,9.0,9.0,23.0
473,ORD-2025-000473,31,1,42.0,42.0,31,15.0,15.0,27.0
474,ORD-2025-000474,11,1,74.0,74.0,11,26.0,26.0,48.0
475,ORD-2025-000475,30,1,85.0,85.0,30,35.0,35.0,50.0
476,ORD-2025-000476,22,1,110.0,110.0,22,40.0,40.0,70.0
477,ORD-2025-000477,9,3,28.0,84.0,9,8.0,24.0,60.0
478,ORD-2025-000478,19,1,95.0,95.0,19,42.0,42.0,53.0
479,ORD-2025-000479,1,1,299.99,299.99,1,180.0,180.0,119.99
480,ORD-2025-000480,4,1,54.99,54.99,4,25.0,25.0,29.99
481,ORD-2025-000481,8,1,49.99,49.99,8,22.0,22.0,27.99
482,ORD-2025-000482,20,1,79.0,79.0,20,32.0,32.0,47.0
483,ORD-2025-000483,15,1,29.0,29.0,15,10.0,10.0,19.0
484,ORD-2025-000484,10,1,68.0,68.0,10,22.0,22.0,46.0
485,ORD-2025-000485,9,1,28.0,28.0,9,8.0,8.0,20.0
486,ORD-2025-000486,5,2,79.99,159.98,5,38.0,76.0,83.98
487,ORD-2025-000487,14,1,44.0,44.0,14,16.0,16.0,28.0
488,ORD-2025-000488,33,1,89.0,89.0,33,32.0,32.0,57.0
489,ORD-2025-000489,18,1,89.0,89.0,18,38.0,38.0,51.0
490,ORD-2025-000490,12,1,38.0,38.0,12,14.0,14.0,24.0
491,ORD-2025-000491,11,1,74.0,74.0,11,26.0,26.0,48.0
492,ORD-2025-000492,23,1,26.0,26.0,23,7.0,7.0,19.0
493,ORD-2025-000493,19,2,95.0,190.0,19,42.0,84.0,106.0
494,ORD-2025-000494,24,1,32.0,32.0,24,9.0,9.0,23.0
495,ORD-2025-000495,27,1,22.0,22.0,27,6.0,6.0,16.0
496,ORD-2025-000496,32,1,49.0,49.0,32,18.0,18.0,31.0
497,ORD-2025-000497,26,1,24.0,24.0,26,8.5,8.5,15.5
498,ORD-2025-000498,14,1,44.0,44.0,14,16.0,16.0,28.0
499,ORD-2025-000499,18,1,89.0,89.0,18,38.0,38.0,51.0
500,ORD-2025-000500,20,1,79.0,79.0,20,32.0,32.0,47.0
501,ORD-2025-000501,22,2,110.0,220.0,22,40.0,80.0,140.0
502,ORD-2025-000502,4,1,54.99,54.99,4,25.0,25.0,29.99
503,ORD-2025-000503,6,2,69.99,139.98,6,30.0,60.0,79.98
504,ORD-2025-000504,24,2,32.0,64.0,24,9.0,18.0,46.0
505,ORD-2025-000505,18,1,89.0,89.0,18,38.0,38.0,51.0
506,ORD-2025-000506,26,1,24.0,24.0,26,8.5,8.5,15.5
507,ORD-2025-000507,2,1,149.99,149.99,2,75.0,75.0,74.99
508,ORD-2025-000508,26,1,24.0,24.0,26,8.5,8.5,15.5
509,ORD-2025-000509,31,3,42.0,126.0,31,15.0,45.0,81.0
510,ORD-2025-000510,6,1,69.99,69.99,6,30.0,30.0,39.99
511,ORD-2025-000511,7,1,39.99,39.99,7,18.0,18.0,21.99
512,ORD-2025-000512,13,1,145.0,145.0,13,55.0,55.0,90.0
513,ORD-2025-000513,23,1,26.0,26.0,23,7.0,7.0,19.0
514,ORD-2025-000514,23,2,26.0,52.0,23,7.0,14.0,38.0
515,ORD-2025-000515,30,1,85.0,85.0,30,35.0,35.0,50.0
516,ORD-2025-000516,33,2,89.0,178.0,33,32.0,64.0,114.0
517,ORD-2025-000517,16,1,48.0,48.0,16,20.0,20.0,28.0
518,ORD-2025-000518,21,1,34.0,34.0,21,12.0,12.0,22.0
519,ORD-2025-000519,20,2,79.0,158.0,20,32.0,64.0,94.0
520,ORD-2025-000520,27,1,22.0,22.0,27,6.0,6.0,16.0
521,ORD-2025-000521,13,1,145.0,145.0,13,55.0,55.0,90.0
522,ORD-2025-000522,14,1,44.0,44.0,14,16.0,16.0,28.0
523,ORD-2025-000523,32,1,49.0,49.0,32,18.0,18.0,31.0
524,ORD-2025-000524,24,1,32.0,32.0,24,9.0,9.0,23.0
525,ORD-2025-000525,3,1,89.99,89.99,3,45.0,45.0,44.99
526,ORD-2025-000526,12,2,38.0,76.0,12,14.0,28.0,48.0
527,ORD-2025-000527,8,1,49.99,49.99,8,22.0,22.0,27.99
528,ORD-2025-000528,24,1,32.0,32.0,24,9.0,9.0,23.0
529,ORD-2025-000529,8,1,49.99,49.99,8,22.0,22.0,27.99
530,ORD-2025-000530,30,1,85.0,85.0,30,35.0,35.0,50.0
531,ORD-2025-000531,18,1,89.0,89.0,18,38.0,38.0,51.0
532,ORD-2025-000532,27,2,22.0,44.0,27,6.0,12.0,32.0
533,ORD-2025-000533,1,1,299.99,299.99,1,180.0,180.0,119.99
534,ORD-2025-000534,12,1,38.0,38.0,12,14.0,14.0,24.0
535,ORD-2025-000535,15,2,29.0,58.0,15,10.0,20.0,38.0
536,ORD-2025-000536,16,1,48.0,48.0,16,20.0,20.0,28.0
537,ORD-2025-000537,9,1,28.0,28.0,9,8.0,8.0,20.0
538,ORD-2025-000538,10,2,68.0,136.0,10,22.0,44.0,92.0
539,ORD-2025-000539,28,3,25.0,75.0,28,7.5,22.5,52.5
540,ORD-2025-000540,16,1,48.0,48.0,16,20.0,20.0,28.0
541,ORD-2025-000541,6,1,69.99,69.99,6,30.0,30.0,39.99
542,ORD-2025-000542,11,2,74.0,148.0,11,26.0,52.0,96.0
543,ORD-2025-000543,29,1,32.0,32.0,29,11.0,11.0,21.0
544,ORD-2025-000544,7,3,39.99,119.97,7,18.0,54.0,65.97
545,ORD-2025-000545,22,1,110.0,110.0,22,40.0,40.0,70.0
546,ORD-2025-000546,26,1,24.0,24.0,26,8.5,8.5,15.5
547,ORD-2025-000547,24,1,32.0,32.0,24,9.0,9.0,23.0
548,ORD-2025-000548,32,1,49.0,49.0,32,18.0,18.0,31.0
549,ORD-2025-000549,4,2,54.99,109.98,4,25.0,50.0,59.98
550,ORD-2025-000550,7,1,39.99,39.99,7,18.0,18.0,21.99
551,ORD-2025-000551,13,1,145.0,145.0,13,55.0,55.0,90.0
552,ORD-2025-000552,18,1,89.0,89.0,18,38.0,38.0,51.0
553,ORD-2025-000553,28,1,25.0,25.0,28,7.5,7.5,17.5
554,ORD-2025-000554,31,1,42.0,42.0,31,15.0,15.0,27.0
555,ORD-2025-000555,26,1,24.0,24.0,26,8.5,8.5,15.5
556,ORD-2025-000556,22,1,110.0,110.0,22,40.0,40.0,70.0
557,ORD-2025-000557,19,1,95.0,95.0,19,42.0,42.0,53.0
558,ORD-2025-000558,4,2,54.99,109.98,4,25.0,50.0,59.98
559,ORD-2025-000559,24,1,32.0,32.0,24,9.0,9.0,23.0
560,ORD-2025-000560,32,1,49.0,49.0,32,18.0,18.0,31.0
561,ORD-2025-000561,24,1,32.0,32.0,24,9.0,9.0,23.0
562,ORD-2025-000562,23,1,26.0,26.0,23,7.0,7.0,19.0
563,ORD-2025-000563,5,1,79.99,79.99,5,38.0,38.0,41.99
564,ORD-2025-000564,20,2,79.0,158.0,20,32.0,64.0,94.0
565,ORD-2025-000565,12,1,38.0,38.0,12,14.0,14.0,24.0
566,ORD-2025-000566,11,1,74.0,74.0,11,26.0,26.0,48.0
567,ORD-2025-000567,18,2,89.0,178.0,18,38.0,76.0,102.0
568,ORD-2025-000568,32,1,49.0,49.0,32,18.0,18.0,31.0
569,ORD-2025-000569,29,1,32.0,32.0,29,11.0,11.0,21.0
570,ORD-2025-000570,3,1,89.99,89.99,3,45.0,45.0,44.99
571,ORD-2025-000571,7,1,39.99,39.99,7,18.0,18.0,21.99
572,ORD-2025-000572,32,1,49.0,49.0,32,18.0,18.0,31.0
573,ORD-2025-000573,22,1,110.0,110.0,22,40.0,40.0,70.0
574,ORD-2025-000574,14,1,44.0,44.0,14,16.0,16.0,28.0
575,ORD-2025-000575,13,1,145.0,145.0,13,55.0,55.0,90.0
576,ORD-2025-000576,16,1,48.0,48.0,16,20.0,20.0,28.0
577,ORD-2025-000577,16,1,48.0,48.0,16,20.0,20.0,28.0
578,ORD-2025-000578,9,1,28.0,28.0,9,8.0,8.0,20.0
579,ORD-2025-000579,32,2,49.0,98.0,32,18.0,36.0,62.0
580,ORD-2025-000580,27,1,22.0,22.0,27,6.0,6.0,16.0
581,ORD-2025-000581,28,1,25.0,25.0,28,7.5,7.5,17.5
582,ORD-2025-000582,28,1,25.0,25.0,28,7.5,7.5,17.5
583,ORD-2025-000583,1,1,299.99,299.99,1,180.0,180.0,119.99
584,ORD-2025-000584,20,1,79.0,79.0,20,32.0,32.0,47.0
585,ORD-2025-000585,2,1,149.99,149.99,2,75.0,75.0,74.99
586,ORD-2025-000586,13,2,145.0,290.0,13,55.0,110.0,180.0
587,ORD-2025-000587,21,1,34.0,34.0,21,12.0,12.0,22.0
588,ORD-2025-000588,21,2,34.0,68.0,21,12.0,24.0,44.0
589,ORD-2025-000589,27,2,22.0,44.0,27,6.0,12.0,32.0
590,ORD-2025-000590,27,2,22.0,44.0,27,6.0,12.0,32.0
591,ORD-2025-000591,22,1,110.0,110.0,22,40.0,40.0,70.0
592,ORD-2025-000592,26,1,24.0,24.0,26,8.5,8.5,15.5
593,ORD-2025-000593,10,1,68.0,68.0,10,22.0,22.0,46.0
594,ORD-2025-000594,24,2,32.0,64.0,24,9.0,18.0,46.0
595,ORD-2025-000595,2,1,149.99,149.99,2,75.0,75.0,74.99
596,ORD-2025-000596,29,1,32.0,32.0,29,11.0,11.0,21.0
597,ORD-2025-000597,28,1,25.0,25.0,28,7.5,7.5,17.5
598,ORD-2025-000598,11,1,74.0,74.0,11,26.0,26.0,48.0
599,ORD-2025-000599,33,1,89.0,89.0,33,32.0,32.0,57.0
600,ORD-2025-000600,20,1,79.0,79.0,20,32.0,32.0,47.0
601,ORD-2025-000601,24,1,32.0,32.0,24,9.0,9.0,23.0
602,ORD-2025-000602,9,1,28.0,28.0,9,8.0,8.0,20.0
603,ORD-2025-000603,20,1,79.0,79.0,20,32.0,32.0,47.0
604,ORD-2025-000604,18,2,89.0,178.0,18,38.0,76.0,102.0
605,ORD-2025-000605,19,1,95.0,95.0,19,42.0,42.0,53.0
606,ORD-2025-000606,31,1,42.0,42.0,31,15.0,15.0,27.0
607,ORD-2025-000607,2,2,149.99,299.98,2,75.0,150.0,149.98
608,ORD-2025-000608,13,1,145.0,145.0,13,55.0,55.0,90.0
609,ORD-2025-000609,30,1,85.0,85.0,30,35.0,35.0,50.0
610,ORD-2025-000610,31,2,42.0,84.0,31,15.0,30.0,54.0
611,ORD-2025-000611,23,1,26.0,26.0,23,7.0,7.0,19.0
612,ORD-2025-000612,9,1,28.0,28.0,9,8.0,8.0,20.0
613,ORD-2025-000613,15,1,29.0,29.0,15,10.0,10.0,19.0
614,ORD-2025-000614,9,2,28.0,56.0,9,8.0,16.0,40.0
615,ORD-2025-000615,7,1,39.99,39.99,7,18.0,18.0,21.99
616,ORD-2025-000616,13,1,145.0,145.0,13,55.0,55.0,90.0
617,ORD-2025-000617,4,1,54.99,54.99,4,25.0,25.0,29.99
618,ORD-2025-000618,17,1,349.0,349.0,17,160.0,160.0,189.0
619,ORD-2025-000619,18,1,89.0,89.0,18,38.0,38.0,51.0
620,ORD-2025-000620,17,1,349.0,349.0,17,160.0,160.0,189.0
621,ORD-2025-000621,4,2,54.99,109.98,4,25.0,50.0,59.98
622,ORD-2025-000622,11,2,74.0,148.0,11,26.0,52.0,96.0
623,ORD-2025-000623,13,1,145.0,145.0,13,55.0,55.0,90.0
624,ORD-2025-000624,8,1,49.99,49.99,8,22.0,22.0,27.99
625,ORD-2025-000625,24,2,32.0,64.0,24,9.0,18.0,46.0
626,ORD-2025-000626,18,1,89.0,89.0,18,38.0,38.0,51.0
627,ORD-2025-000627,6,3,69.99,209.97,6,30.0,90.0,119.97
628,ORD-2025-000628,32,1,49.0,49.0,32,18.0,18.0,31.0
629,ORD-2025-000629,19,1,95.0,95.0,19,42.0,42.0,53.0
630,ORD-2025-000630,9,1,28.0,28.0,9,8.0,8.0,20.0
631,ORD-2025-000631,26,1,24.0,24.0,26,8.5,8.5,15.5
632,ORD-2025-000632,30,1,85.0,85.0,30,35.0,35.0,50.0
633,ORD-2025-000633,27,1,22.0,22.0,27,6.0,6.0,16.0
634,ORD-2025-000634,25,3,79.0,237.0,25,28.0,84.0,153.0
635,ORD-2025-000635,14,1,44.0,44.0,14,16.0,16.0,28.0
636,ORD-2025-000636,21,1,34.0,34.0,21,12.0,12.0,22.0
637,ORD-2025-000637,23,2,26.0,52.0,23,7.0,14.0,38.0
638,ORD-2025-000638,17,3,349.0,1047.0,17,160.0,480.0,567.0
639,ORD-2025-000639,17,1,349.0,349.0,17,160.0,160.0,189.0
640,ORD-2025-000640,11,1,74.0,74.0,11,26.0,26.0,48.0
641,ORD-2025-000641,1,1,299.99,299.99,1,180.0,180.0,119.99
642,ORD-2025-000642,9,1,28.0,28.0,9,8.0,8.0,20.0
643,ORD-2025-000643,17,1,349.0,349.0,17,160.0,160.0,189.0
644,ORD-2025-000644,21,1,34.0,34.0,21,12.0,12.0,22.0
645,ORD-2025-000645,22,2,110.0,220.0,22,40.0,80.0,140.0
646,ORD-2025-000646,23,1,26.0,26.0,23,7.0,7.0,19.0
647,ORD-2025-000647,9,1,28.0,28.0,9,8.0,8.0,20.0
648,ORD-2025-000648,25,1,79.0,79.0,25,28.0,28.0,51.0
649,ORD-2025-000649,15,2,29.0,58.0,15,10.0,20.0,38.0
650,ORD-2025-000650,25,1,79.0,79.0,25,28.0,28.0,51.0
651,ORD-2025-000651,14,1,44.0,44.0,14,16.0,16.0,28.0
652,ORD-2025-000652,10,2,68.0,136.0,10,22.0,44.0,92.0
653,ORD-2025-000653,33,1,89.0,89.0,33,32.0,32.0,57.0
654,ORD-2025-000654,16,1,48.0,48.0,16,20.0,20.0,28.0
655,ORD-2025-000655,25,1,79.0,79.0,25,28.0,28.0,51.0
656,ORD-2025-000656,24,2,32.0,64.0,24,9.0,18.0,46.0
657,ORD-2025-000657,6,1,69.99,69.99,6,30.0,30.0,39.99
658,ORD-2025-000658,8,1,49.99,49.99,8,22.0,22.0,27.99
659,ORD-2025-000659,32,3,49.0,147.0,32,18.0,54.0,93.0
660,ORD-2025-000660,27,1,22.0,22.0,27,6.0,6.0,16.0
661,ORD-2025-000661,24,1,32.0,32.0,24,9.0,9.0,23.0
662,ORD-2025-000662,28,1,25.0,25.0,28,7.5,7.5,17.5
663,ORD-2025-000663,24,2,32.0,64.0,24,9.0,18.0,46.0
664,ORD-2025-000664,8,2,49.99,99.98,8,22.0,44.0,55.98
665,ORD-2025-000665,16,1,48.0,48.0,16,20.0,20.0,28.0
666,ORD-2025-000666,29,1,32.0,32.0,29,11.0,11.0,21.0
667,ORD-2025-000667,30,2,85.0,170.0,30,35.0,70.0,100.0
668,ORD-2025-000668,9,3,28.0,84.0,9,8.0,24.0,60.0
669,ORD-2025-000669,13,1,145.0,145.0,13,55.0,55.0,90.0
670,ORD-2025-000670,30,1,85.0,85.0,30,35.0,35.0,50.0
671,ORD-2025-000671,19,1,95.0,95.0,19,42.0,42.0,53.0
672,ORD-2025-000672,20,1,79.0,79.0,20,32.0,32.0,47.0
673,ORD-2025-000673,10,1,68.0,68.0,10,22.0,22.0,46.0
674,ORD-2025-000674,12,1,38.0,38.0,12,14.0,14.0,24.0
675,ORD-2025-000675,12,1,38.0,38.0,12,14.0,14.0,24.0
676,ORD-2025-000676,15,2,29.0,58.0,15,10.0,20.0,38.0
677,ORD-2025-000677,31,3,42.0,126.0,31,15.0,45.0,81.0
678,ORD-2025-000678,31,1,42.0,42.0,31,15.0,15.0,27.0
679,ORD-2025-000679,24,1,32.0,32.0,24,9.0,9.0,23.0
680,ORD-2025-000680,17,1,349.0,349.0,17,160.0,160.0,189.0
681,ORD-2025-000681,31,1,42.0,42.0,31,15.0,15.0,27.0
682,ORD-2025-000682,14,1,44.0,44.0,14,16.0,16.0,28.0
683,ORD-2025-000683,23,2,26.0,52.0,23,7.0,14.0,38.0
684,ORD-2025-000684,24,1,32.0,32.0,24,9.0,9.0,23.0
685,ORD-2025-000685,25,2,79.0,158.0,25,28.0,56.0,102.0
686,ORD-2025-000686,10,2,68.0,136.0,10,22.0,44.0,92.0
687,ORD-2025-000687,15,2,29.0,58.0,15,10.0,20.0,38.0
688,ORD-2025-000688,28,1,25.0,25.0,28,7.5,7.5,17.5
689,ORD-2025-000689,18,1,89.0,89.0,18,38.0,38.0,51.0
690,ORD-2025-000690,18,2,89.0,178.0,18,38.0,76.0,102.0
691,ORD-2025-000691,31,1,42.0,42.0,31,15.0,15.0,27.0
692,ORD-2025-000692,9,3,28.0,84.0,9,8.0,24.0,60.0
693,ORD-2025-000693,4,2,54.99,109.98,4,25.0,50.0,59.98
694,ORD-2025-000694,23,1,26.0,26.0,23,7.0,7.0,19.0
695,ORD-2025-000695,31,1,42.0,42.0,31,15.0,15.0,27.0
696,ORD-2025-000696,3,1,89.99,89.99,3,45.0,45.0,44.99
697,ORD-2025-000697,12,1,38.0,38.0,12,14.0,14.0,24.0
698,ORD-2025-000698,17,1,349.0,349.0,17,160.0,160.0,189.0
699,ORD-2025-000699,1,1,299.99,299.99,1,180.0,180.0,119.99
700,ORD-2025-000700,28,2,25.0,50.0,28,7.5,15.0,35.0
701,ORD-2025-000701,23,1,26.0,26.0,23,7.0,7.0,19.0
702,ORD-2025-000702,10,1,68.0,68.0,10,22.0,22.0,46.0
703,ORD-2025-000703,27,1,22.0,22.0,27,6.0,6.0,16.0
704,ORD-2025-000704,14,1,44.0,44.0,14,16.0,16.0,28.0
705,ORD-2025-000705,8,1,49.99,49.99,8,22.0,22.0,27.99
706,ORD-2025-000706,20,1,79.0,79.0,20,32.0,32.0,47.0
707,ORD-2025-000707,28,1,25.0,25.0,28,7.5,7.5,17.5
708,ORD-2025-000708,11,1,74.0,74.0,11,26.0,26.0,48.0
709,ORD-2025-000709,24,1,32.0,32.0,24,9.0,9.0,23.0
710,ORD-2025-000710,9,1,28.0,28.0,9,8.0,8.0,20.0
711,ORD-2025-000711,3,3,89.99,269.97,3,45.0,135.0,134.97
712,ORD-2025-000712,9,2,28.0,56.0,9,8.0,16.0,40.0
713,ORD-2025-000713,11,2,74.0,148.0,11,26.0,52.0,96.0
714,ORD-2025-000714,8,3,49.99,149.97,8,22.0,66.0,83.97
715,ORD-2025-000715,16,1,48.0,48.0,16,20.0,20.0,28.0
716,ORD-2025-000716,27,1,22.0,22.0,27,6.0,6.0,16.0
717,ORD-2025-000717,27,2,22.0,44.0,27,6.0,12.0,32.0
718,ORD-2025-000718,14,1,44.0,44.0,14,16.0,16.0,28.0
719,ORD-2025-000719,22,1,110.0,110.0,22,40.0,40.0,70.0
720,ORD-2025-000720,12,1,38.0,38.0,12,14.0,14.0,24.0
721,ORD-2025-000721,6,1,69.99,69.99,6,30.0,30.0,39.99
722,ORD-2025-000722,13,2,145.0,290.0,13,55.0,110.0,180.0
723,ORD-2025-000723,26,1,24.0,24.0,26,8.5,8.5,15.5
724,ORD-2025-000724,9,1,28.0,28.0,9,8.0,8.0,20.0
725,ORD-2025-000725,27,3,22.0,66.0,27,6.0,18.0,48.0
726,ORD-2025-000726,33,1,89.0,89.0,33,32.0,32.0,57.0
727,ORD-2025-000727,25,1,79.0,79.0,25,28.0,28.0,51.0
728,ORD-2025-000728,9,2,28.0,56.0,9,8.0,16.0,40.0
729,ORD-2025-000729,23,1,26.0,26.0,23,7.0,7.0,19.0
730,ORD-2025-000730,23,1,26.0,26.0,23,7.0,7.0,19.0
731,ORD-2025-000731,5,3,79.99,239.97,5,38.0,114.0,125.97
732,ORD-2025-000732,13,3,145.0,435.0,13,55.0,165.0,270.0
733,ORD-2025-000733,13,1,145.0,145.0,13,55.0,55.0,90.0
734,ORD-2025-000734,12,1,38.0,38.0,12,14.0,14.0,24.0
735,ORD-2025-000735,5,1,79.99,79.99,5,38.0,38.0,41.99
736,ORD-2025-000736,15,1,29.0,29.0,15,10.0,10.0,19.0
737,ORD-2025-000737,12,3,38.0,114.0,12,14.0,42.0,72.0
738,ORD-2025-000738,25,1,79.0,79.0,25,28.0,28.0,51.0
739,ORD-2025-000739,28,1,25.0,25.0,28,7.5,7.5,17.5
740,ORD-2025-000740,22,2,110.0,220.0,22,40.0,80.0,140.0
741,ORD-2025-000741,32,2,49.0,98.0,32,18.0,36.0,62.0
742,ORD-2025-000742,6,3,69.99,209.97,6,30.0,90.0,119.97
743,ORD-2025-000743,28,1,25.0,25.0,28,7.5,7.5,17.5
744,ORD-2025-000744,7,2,39.99,79.98,7,18.0,36.0,43.98
745,ORD-2025-000745,17,2,349.0,698.0,17,160.0,320.0,378.0
746,ORD-2025-000746,9,1,28.0,28.0,9,8.0,8.0,20.0
747,ORD-2025-000747,33,1,89.0,89.0,33,32.0,32.0,57.0
748,ORD-2025-000748,3,1,89.99,89.99,3,45.0,45.0,44.99
749,ORD-2025-000749,23,1,26.0,26.0,23,7.0,7.0,19.0
750,ORD-2025-000750,15,1,29.0,29.0,15,10.0,10.0,19.0
751,ORD-2025-000751,33,1,89.0,89.0,33,32.0,32.0,57.0
752,ORD-2025-000752,14,1,44.0,44.0,14,16.0,16.0,28.0
753,ORD-2025-000753,9,1,28.0,28.0,9,8.0,8.0,20.0
754,ORD-2025-000754,6,1,69.99,69.99,6,30.0,30.0,39.99
755,ORD-2025-000755,10,1,68.0,68.0,10,22.0,22.0,46.0
756,ORD-2025-000756,24,1,32.0,32.0,24,9.0,9.0,23.0
757,ORD-2025-000757,7,1,39.99,39.99,7,18.0,18.0,21.99
758,ORD-2025-000758,17,2,349.0,698.0,17,160.0,320.0,378.0
759,ORD-2025-000759,20,1,79.0,79.0,20,32.0,32.0,47.0
760,ORD-2025-000760,20,1,79.0,79.0,20,32.0,32.0,47.0
761,ORD-2025-000761,11,1,74.0,74.0,11,26.0,26.0,48.0
762,ORD-2025-000762,16,2,48.0,96.0,16,20.0,40.0,56.0
763,ORD-2025-000763,7,1,39.99,39.99,7,18.0,18.0,21.99
764,ORD-2025-000764,14,1,44.0,44.0,14,16.0,16.0,28.0
765,ORD-2025-000765,29,1,32.0,32.0,29,11.0,11.0,21.0
766,ORD-2025-000766,7,1,39.99,39.99,7,18.0,18.0,21.99
767,ORD-2025-000767,26,1,24.0,24.0,26,8.5,8.5,15.5
768,ORD-2025-000768,4,1,54.99,54.99,4,25.0,25.0,29.99
769,ORD-2025-000769,10,2,68.0,136.0,10,22.0,44.0,92.0
770,ORD-2025-000770,33,1,89.0,89.0,33,32.0,32.0,57.0
771,ORD-2025-000771,30,2,85.0,170.0,30,35.0,70.0,100.0
772,ORD-2025-000772,24,2,32.0,64.0,24,9.0,18.0,46.0
773,ORD-2025-000773,14,1,44.0,44.0,14,16.0,16.0,28.0
774,ORD-2025-000774,24,1,32.0,32.0,24,9.0,9.0,23.0
775,ORD-2025-000775,16,1,48.0,48.0,16,20.0,20.0,28.0
776,ORD-2025-000776,29,1,32.0,32.0,29,11.0,11.0,21.0
777,ORD-2025-000777,10,1,68.0,68.0,10,22.0,22.0,46.0
778,ORD-2025-000778,10,1,68.0,68.0,10,22.0,22.0,46.0
779,ORD-2025-000779,27,2,22.0,44.0,27,6.0,12.0,32.0
780,ORD-2025-000780,3,2,89.99,179.98,3,45.0,90.0,89.98
781,ORD-2025-000781,28,1,25.0,25.0,28,7.5,7.5,17.5
782,ORD-2025-000782,24,1,32.0,32.0,24,9.0,9.0,23.0
783,ORD-2025-000783,14,2,44.0,88.0,14,16.0,32.0,56.0
784,ORD-2025-000784,27,1,22.0,22.0,27,6.0,6.0,16.0
785,ORD-2025-000785,4,1,54.99,54.99,4,25.0,25.0,29.99
786,ORD-2025-000786,4,1,54.99,54.99,4,25.0,25.0,29.99
787,ORD-2025-000787,28,2,25.0,50.0,28,7.5,15.0,35.0
788,ORD-2025-000788,19,1,95.0,95.0,19,42.0,42.0,53.0
789,ORD-2025-000789,17,1,349.0,349.0,17,160.0,160.0,189.0
790,ORD-2025-000790,21,1,34.0,34.0,21,12.0,12.0,22.0
791,ORD-2025-000791,29,1,32.0,32.0,29,11.0,11.0,21.0
792,ORD-2025-000792,23,1,26.0,26.0,23,7.0,7.0,19.0
793,ORD-2025-000793,24,1,32.0,32.0,24,9.0,9.0,23.0
794,ORD-2025-000794,9,1,28.0,28.0,9,8.0,8.0,20.0
795,ORD-2025-000795,14,1,44.0,44.0,14,16.0,16.0,28.0
796,ORD-2025-000796,22,1,110.0,110.0,22,40.0,40.0,70.0
797,ORD-2025-000797,23,1,26.0,26.0,23,7.0,7.0,19.0
798,ORD-2025-000798,13,2,145.0,290.0,13,55.0,110.0,180.0
799,ORD-2025-000799,20,3,79.0,237.0,20,32.0,96.0,141.0
800,ORD-2025-000800,21,1,34.0,34.0,21,12.0,12.0,22.0
801,ORD-2025-000801,10,1,68.0,68.0,10,22.0,22.0,46.0
802,ORD-2025-000802,33,1,89.0,89.0,33,32.0,32.0,57.0
803,ORD-2025-000803,27,1,22.0,22.0,27,6.0,6.0,16.0
804,ORD-2025-000804,10,1,68.0,68.0,10,22.0,22.0,46.0
805,ORD-2025-000805,14,2,44.0,88.0,14,16.0,32.0,56.0
806,ORD-2025-000806,17,2,349.0,698.0,17,160.0,320.0,378.0
807,ORD-2025-000807,26,2,24.0,48.0,26,8.5,17.0,31.0
808,ORD-2025-000808,12,2,38.0,76.0,12,14.0,28.0,48.0
809,ORD-2025-000809,19,2,95.0,190.0,19,42.0,84.0,106.0
810,ORD-2025-000810,7,2,39.99,79.98,7,18.0,36.0,43.98
811,ORD-2025-000811,25,1,79.0,79.0,25,28.0,28.0,51.0
812,ORD-2025-000812,14,1,44.0,44.0,14,16.0,16.0,28.0
813,ORD-2025-000813,15,1,29.0,29.0,15,10.0,10.0,19.0
814,ORD-2025-000814,10,1,68.0,68.0,10,22.0,22.0,46.0
815,ORD-2025-000815,8,1,49.99,49.99,8,22.0,22.0,27.99
816,ORD-2025-000816,17,1,349.0,349.0,17,160.0,160.0,189.0
817,ORD-2025-000817,16,2,48.0,96.0,16,20.0,40.0,56.0
818,ORD-2025-000818,9,1,28.0,28.0,9,8.0,8.0,20.0
819,ORD-2025-000819,27,1,22.0,22.0,27,6.0,6.0,16.0
820,ORD-2025-000820,14,1,44.0,44.0,14,16.0,16.0,28.0
821,ORD-2025-000821,28,1,25.0,25.0,28,7.5,7.5,17.5
822,ORD-2025-000822,20,1,79.0,79.0,20,32.0,32.0,47.0
823,ORD-2025-000823,7,3,39.99,119.97,7,18.0,54.0,65.97
824,ORD-2025-000824,1,1,299.99,299.99,1,180.0,180.0,119.99
825,ORD-2025-000825,7,1,39.99,39.99,7,18.0,18.0,21.99
826,ORD-2025-000826,23,2,26.0,52.0,23,7.0,14.0,38.0
827,ORD-2025-000827,29,1,32.0,32.0,29,11.0,11.0,21.0
828,ORD-2025-000828,15,1,29.0,29.0,15,10.0,10.0,19.0
829,ORD-2025-000829,10,1,68.0,68.0,10,22.0,22.0,46.0
830,ORD-2025-000830,8,1,49.99,49.99,8,22.0,22.0,27.99
831,ORD-2025-000831,2,2,149.99,299.98,2,75.0,150.0,149.98
832,ORD-2025-000832,2,1,149.99,149.99,2,75.0,75.0,74.99
833,ORD-2025-000833,19,2,95.0,190.0,19,42.0,84.0,106.0
834,ORD-2025-000834,33,2,89.0,178.0,33,32.0,64.0,114.0
835,ORD-2025-000835,30,1,85.0,85.0,30,35.0,35.0,50.0
836,ORD-2025-000836,16,1,48.0,48.0,16,20.0,20.0,28.0
837,ORD-2025-000837,30,1,85.0,85.0,30,35.0,35.0,50.0
838,ORD-2025-000838,29,1,32.0,32.0,29,11.0,11.0,21.0
839,ORD-2025-000839,6,1,69.99,69.99,6,30.0,30.0,39.99
840,ORD-2025-000840,18,1,89.0,89.0,18,38.0,38.0,51.0
841,ORD-2025-000841,31,2,42.0,84.0,31,15.0,30.0,54.0
842,ORD-2025-000842,27,1,22.0,22.0,27,6.0,6.0,16.0
843,ORD-2025-000843,23,1,26.0,26.0,23,7.0,7.0,19.0
844,ORD-2025-000844,28,1,25.0,25.0,28,7.5,7.5,17.5
845,ORD-2025-000845,28,1,25.0,25.0,28,7.5,7.5,17.5
846,ORD-2025-000846,33,2,89.0,178.0,33,32.0,64.0,114.0
847,ORD-2025-000847,4,2,54.99,109.98,4,25.0,50.0,59.98
848,ORD-2025-000848,26,1,24.0,24.0,26,8.5,8.5,15.5
849,ORD-2025-000849,31,2,42.0,84.0,31,15.0,30.0,54.0
850,ORD-2025-000850,7,1,39.99,39.99,7,18.0,18.0,21.99
851,ORD-2025-000851,32,2,49.0,98.0,32,18.0,36.0,62.0
852,ORD-2025-000852,8,1,49.99,49.99,8,22.0,22.0,27.99
853,ORD-2025-000853,12,1,38.0,38.0,12,14.0,14.0,24.0
854,ORD-2025-000854,31,1,42.0,42.0,31,15.0,15.0,27.0
855,ORD-2025-000855,14,1,44.0,44.0,14,16.0,16.0,28.0
856,ORD-2025-000856,4,1,54.99,54.99,4,25.0,25.0,29.99
857,ORD-2025-000857,10,1,68.0,68.0,10,22.0,22.0,46.0
