order_id,user_key,session_id,date_key,subtotal,discount_amount,shipping_fee,tax_amount,total_amount,order_status,shipping_method
ORD-2025-000001,834,SES-2025-000142,20250908,24.0,0.0,7.99,1.98,33.97,Delivered,Standard Ground
ORD-2025-000002,1386,SES-2025-000165,20251010,79.99,0.0,0.0,6.6,86.59,Delivered,Free Standard
ORD-2025-000003,6201,SES-2025-000213,20251218,22.0,2.2,7.99,1.82,29.61,Delivered,Standard Ground
ORD-2025-000004,9354,SES-2025-000251,20251129,267.0,0.0,0.0,22.03,289.03,Delivered,Free Standard
ORD-2025-000005,8422,SES-2025-000316,20251008,48.0,0.0,7.99,3.96,59.95,Delivered,Standard Ground
ORD-2025-000006,9574,SES-2025-000381,20251219,698.0,0.0,0.0,57.59,755.59,Delivered,Free Standard
ORD-2025-000007,8363,SES-2025-000408,20250822,68.0,0.0,7.99,5.61,81.6,Delivered,Standard Ground
ORD-2025-000008,8376,SES-2025-000428,20250515,170.0,0.0,0.0,14.03,184.03,Delivered,Free Standard
ORD-2025-000009,6095,SES-2025-000504,20250511,34.0,0.0,7.99,2.81,44.8,Delivered,Standard Ground
ORD-2025-000010,8893,SES-2025-000522,20250925,49.0,4.9,7.99,4.04,56.13,Delivered,Standard Ground
ORD-2025-000011,2773,SES-2025-000538,20250426,95.0,0.0,0.0,7.84,102.84,Delivered,Free Standard
ORD-2025-000012,8403,SES-2025-000609,20251026,170.0,0.0,0.0,14.03,184.03,Delivered,Free Standard
ORD-2025-000013,9470,SES-2025-000651,20251005,25.0,0.0,7.99,2.06,35.05,Processing,Standard Ground
ORD-2025-000014,8737,SES-2025-000754,20250923,28.0,0.0,7.99,2.31,38.3,Delivered,Standard Ground
ORD-2025-000015,1992,SES-2025-000891,20251129,290.0,0.0,0.0,23.93,313.93,Delivered,Free Standard
ORD-2025-000016,3204,SES-2025-000926,20251202,79.0,7.9,0.0,6.52,77.62,Delivered,Free Standard
ORD-2025-000017,7740,SES-2025-000969,20251108,68.0,0.0,7.99,5.61,81.6,Delivered,Standard Ground
ORD-2025-000018,4176,SES-2025-000971,20250925,38.0,0.0,7.99,3.14,49.13,Delivered,Standard Ground
ORD-2025-000019,32,SES-2025-001040,20251224,68.0,0.0,7.99,5.61,81.6,Delivered,Standard Ground
ORD-2025-000020,8126,SES-2025-001071,20251117,44.0,0.0,7.99,3.63,55.62,Delivered,Standard Ground
ORD-2025-000021,5355,SES-2025-001144,20251024,56.0,0.0,7.99,4.62,68.61,Delivered,Standard Ground
ORD-2025-000022,4826,SES-2025-001187,20250313,24.0,2.4,7.99,1.98,31.57,Delivered,Standard Ground
ORD-2025-000023,1703,SES-2025-001224,20251127,34.0,0.0,7.99,2.81,44.8,Delivered,Standard Ground
ORD-2025-000024,7574,SES-2025-001243,20251224,22.0,0.0,7.99,1.82,31.81,Delivered,Standard Ground
ORD-2025-000025,5298,SES-2025-001435,20251220,34.0,0.0,7.99,2.81,44.8,Delivered,Standard Ground
ORD-2025-000026,1059,SES-2025-001482,20251024,44.0,0.0,7.99,3.63,55.62,Delivered,Standard Ground
ORD-2025-000027,7241,SES-2025-001502,20250605,64.0,0.0,7.99,5.28,77.27,Delivered,Standard Ground
ORD-2025-000028,3868,SES-2025-001537,20250427,149.99,0.0,0.0,12.37,162.36,Delivered,Free Standard
ORD-2025-000029,8591,SES-2025-001554,20251002,255.0,0.0,0.0,21.04,276.04,Delivered,Free Standard
ORD-2025-000030,402,SES-2025-001566,20251231,85.0,0.0,0.0,7.01,92.01,Delivered,Free Standard
ORD-2025-000031,8613,SES-2025-001567,20250305,85.0,8.5,0.0,7.01,83.51,Delivered,Free Standard
ORD-2025-000032,716,SES-2025-001620,20251109,29.0,0.0,7.99,2.39,39.38,Delivered,Standard Ground
ORD-2025-000033,488,SES-2025-001623,20250228,79.99,0.0,0.0,6.6,86.59,Delivered,Free Standard
ORD-2025-000034,1861,SES-2025-001713,20250907,145.0,0.0,0.0,11.96,156.96,Delivered,Free Standard
ORD-2025-000035,9348,SES-2025-001794,20251216,49.99,0.0,7.99,4.12,62.1,Delivered,Standard Ground
ORD-2025-000036,8890,SES-2025-001807,20251008,698.0,0.0,0.0,57.59,755.59,Processing,Free Standard
ORD-2025-000037,7939,SES-2025-001833,20250902,98.0,0.0,0.0,8.09,106.09,Delivered,Free Standard
ORD-2025-000038,2702,SES-2025-001849,20250609,26.0,0.0,7.99,2.15,36.14,Delivered,Standard Ground
ORD-2025-000039,886,SES-2025-001851,20250909,79.0,0.0,0.0,6.52,85.52,Delivered,Free Standard
ORD-2025-000040,4216,SES-2025-001897,20250305,599.98,60.0,0.0,49.5,589.48,Delivered,Free Standard
ORD-2025-000041,6454,SES-2025-001938,20251124,79.0,0.0,0.0,6.52,85.52,Delivered,Free Standard
ORD-2025-000042,5270,SES-2025-001942,20251210,42.0,0.0,7.99,3.47,53.46,Delivered,Standard Ground
ORD-2025-000043,1685,SES-2025-002141,20250806,38.0,0.0,7.99,3.14,49.13,Delivered,Standard Ground
ORD-2025-000044,3546,SES-2025-002157,20251231,48.0,0.0,7.99,3.96,59.95,Delivered,Standard Ground
ORD-2025-000045,756,SES-2025-002238,20251229,34.0,0.0,7.99,2.81,44.8,Delivered,Standard Ground
ORD-2025-000046,8021,SES-2025-002272,20250911,159.98,0.0,0.0,13.2,173.18,Delivered,Free Standard
ORD-2025-000047,5964,SES-2025-002273,20250624,79.0,0.0,0.0,6.52,85.52,Delivered,Free Standard
ORD-2025-000048,2711,SES-2025-002320,20250706,42.0,0.0,7.99,3.47,53.46,Delivered,Standard Ground
ORD-2025-000049,7799,SES-2025-002340,20251230,204.0,0.0,0.0,16.83,220.83,Delivered,Free Standard
ORD-2025-000050,7190,SES-2025-002395,20250521,64.0,0.0,7.99,5.28,77.27,Delivered,Standard Ground
ORD-2025-000051,4447,SES-2025-002461,20250117,145.0,0.0,0.0,11.96,156.96,Delivered,Free Standard
ORD-2025-000052,4702,SES-2025-002585,20250701,79.0,0.0,0.0,6.52,85.52,Delivered,Free Standard
ORD-2025-000053,4414,SES-2025-002588,20250307,95.0,0.0,0.0,7.84,102.84,Delivered,Free Standard
ORD-2025-000054,75,SES-2025-002637,20251204,145.0,0.0,0.0,11.96,156.96,Delivered,Free Standard
ORD-2025-000055,3080,SES-2025-002669,20251226,49.0,0.0,7.99,4.04,61.03,Delivered,Standard Ground
ORD-2025-000056,7209,SES-2025-002670,20251228,24.0,0.0,7.99,1.98,33.97,Delivered,Standard Ground
ORD-2025-000057,3822,SES-2025-002715,20251011,139.98,0.0,0.0,11.55,151.53,Delivered,Free Standard
ORD-2025-000058,8830,SES-2025-002762,20251122,39.99,0.0,7.99,3.3,51.28,Delivered,Standard Ground
ORD-2025-000059,6824,SES-2025-002811,20250125,32.0,3.2,7.99,2.64,39.43,Delivered,Standard Ground
ORD-2025-000060,4207,SES-2025-002908,20251228,110.0,0.0,0.0,9.08,119.08,Delivered,Free Standard
ORD-2025-000061,880,SES-2025-002914,20250319,110.0,11.0,0.0,9.08,108.08,Delivered,Free Standard
ORD-2025-000062,9088,SES-2025-002928,20250925,74.0,0.0,7.99,6.11,88.1,Delivered,Standard Ground
ORD-2025-000063,4237,SES-2025-003078,20250103,42.0,0.0,7.99,3.47,53.46,Delivered,Standard Ground
ORD-2025-000064,310,SES-2025-003115,20250504,25.0,0.0,7.99,2.06,35.05,Delivered,Standard Ground
ORD-2025-000065,2328,SES-2025-003117,20250802,158.0,0.0,0.0,13.04,171.04,Delivered,Free Standard
ORD-2025-000066,9258,SES-2025-003142,20251227,79.0,0.0,0.0,6.52,85.52,Delivered,Free Standard
ORD-2025-000067,8252,SES-2025-003155,20250928,79.99,0.0,0.0,6.6,86.59,Delivered,Free Standard
ORD-2025-000068,497,SES-2025-003158,20250727,32.0,3.2,7.99,2.64,39.43,Delivered,Standard Ground
ORD-2025-000069,7172,SES-2025-003159,20250928,68.0,0.0,7.99,5.61,81.6,Delivered,Standard Ground
ORD-2025-000070,6946,SES-2025-003175,20251217,22.0,0.0,7.99,1.82,31.81,Processing,Standard Ground
ORD-2025-000071,8551,SES-2025-003235,20251129,32.0,0.0,7.99,2.64,42.63,Delivered,Standard Ground
ORD-2025-000072,2048,SES-2025-003251,20251209,52.0,5.2,7.99,4.29,59.08,Delivered,Standard Ground
ORD-2025-000073,2513,SES-2025-003254,20250901,145.0,0.0,0.0,11.96,156.96,Delivered,Free Standard
ORD-2025-000074,9010,SES-2025-003264,20250707,79.0,0.0,0.0,6.52,85.52,Delivered,Free Standard
ORD-2025-000075,5345,SES-2025-003325,20250708,69.99,0.0,7.99,5.77,83.75,Delivered,Standard Ground
ORD-2025-000076,3348,SES-2025-003354,20250804,32.0,0.0,7.99,2.64,42.63,Delivered,Standard Ground
ORD-2025-000077,4789,SES-2025-003356,20250618,74.0,0.0,7.99,6.11,88.1,Delivered,Standard Ground
ORD-2025-000078,7693,SES-2025-003468,20250308,220.0,0.0,0.0,18.15,238.15,Delivered,Free Standard
ORD-2025-000079,3269,SES-2025-003559,20250722,89.0,0.0,0.0,7.34,96.34,Delivered,Free Standard
ORD-2025-000080,6521,SES-2025-003564,20250304,89.99,0.0,0.0,7.42,97.41,Delivered,Free Standard
ORD-2025-000081,6569,SES-2025-003625,20250507,64.0,0.0,7.99,5.28,77.27,Delivered,Standard Ground
ORD-2025-000082,7754,SES-2025-003632,20250828,32.0,0.0,7.99,2.64,42.63,Delivered,Standard Ground
ORD-2025-000083,9551,SES-2025-003655,20251113,79.99,0.0,0.0,6.6,86.59,Delivered,Free Standard
ORD-2025-000084,8731,SES-2025-003706,20250911,28.0,0.0,7.99,2.31,38.3,Delivered,Standard Ground
ORD-2025-000085,8055,SES-2025-003719,20251129,79.99,8.0,0.0,6.6,78.59,Delivered,Free Standard
ORD-2025-000086,6959,SES-2025-003856,20251015,25.0,0.0,7.99,2.06,35.05,Delivered,Standard Ground
ORD-2025-000087,4682,SES-2025-003904,20251223,54.99,0.0,7.99,4.54,67.52,Delivered,Standard Ground
ORD-2025-000088,2776,SES-2025-003920,20251205,145.0,0.0,0.0,11.96,156.96,Delivered,Free Standard
ORD-2025-000089,6023,SES-2025-004009,20251217,85.0,0.0,0.0,7.01,92.01,Delivered,Free Standard
ORD-2025-000090,612,SES-2025-004040,20251103,136.0,0.0,0.0,11.22,147.22,Delivered,Free Standard
ORD-2025-000091,9274,SES-2025-004127,20250928,26.0,0.0,7.99,2.15,36.14,Delivered,Standard Ground
ORD-2025-000092,2416,SES-2025-004141,20250918,79.99,0.0,0.0,6.6,86.59,Delivered,Free Standard
ORD-2025-000093,6984,SES-2025-004162,20250501,76.0,0.0,0.0,6.27,82.27,Delivered,Free Standard
ORD-2025-000094,9469,SES-2025-004216,20250324,79.0,0.0,0.0,6.52,85.52,Delivered,Free Standard
ORD-2025-000095,876,SES-2025-004217,20250404,34.0,0.0,7.99,2.81,44.8,Delivered,Standard Ground
ORD-2025-000096,981,SES-2025-004258,20251025,56.0,0.0,7.99,4.62,68.61,Delivered,Standard Ground
ORD-2025-000097,1803,SES-2025-004261,20251209,159.98,0.0,0.0,13.2,173.18,Delivered,Free Standard
ORD-2025-000098,3023,SES-2025-004267,20251121,25.0,0.0,7.99,2.06,35.05,Delivered,Standard Ground
ORD-2025-000099,2362,SES-2025-004297,20251023,49.99,0.0,7.99,4.12,62.1,Delivered,Standard Ground
ORD-2025-000100,465,SES-2025-004302,20251017,64.0,0.0,7.99,5.28,77.27,Delivered,Standard Ground
ORD-2025-000101,3108,SES-2025-004310,20251204,26.0,0.0,7.99,2.15,36.14,Delivered,Standard Ground
ORD-2025-000102,1609,SES-2025-004315,20250905,75.0,0.0,0.0,6.19,81.19,Delivered,Free Standard
ORD-2025-000103,2986,SES-2025-004363,20251018,68.0,0.0,7.99,5.61,81.6,Delivered,Standard Ground
ORD-2025-000104,9715,SES-2025-004412,20250511,299.98,0.0,0.0,24.75,324.73,Delivered,Free Standard
ORD-2025-000105,4959,SES-2025-004413,20250806,32.0,0.0,7.99,2.64,42.63,Delivered,Standard Ground
ORD-2025-000106,8614,SES-2025-004424,20250802,89.0,0.0,0.0,7.34,96.34,Delivered,Free Standard
ORD-2025-000107,3931,SES-2025-004455,20251217,49.99,0.0,7.99,4.12,62.1,Delivered,Standard Ground
ORD-2025-000108,8298,SES-2025-004575,20250219,64.0,0.0,7.99,5.28,77.27,Delivered,Standard Ground
ORD-2025-000109,4100,SES-2025-004578,20250211,89.99,0.0,0.0,7.42,97.41,Delivered,Free Standard
ORD-2025-000110,1033,SES-2025-004674,20250421,42.0,4.2,7.99,3.47,49.26,Delivered,Standard Ground
ORD-2025-000111,2280,SES-2025-004712,20251123,69.99,0.0,7.99,5.77,83.75,Delivered,Standard Ground
ORD-2025-000112,2171,SES-2025-004715,20250415,32.0,0.0,7.99,2.64,42.63,Delivered,Standard Ground
ORD-2025-000113,1994,SES-2025-004720,20250916,79.99,8.0,0.0,6.6,78.59,Delivered,Free Standard
ORD-2025-000114,565,SES-2025-004763,20251025,34.0,0.0,7.99,2.81,44.8,Delivered,Standard Ground
ORD-2025-000115,9181,SES-2025-004803,20250905,170.0,0.0,0.0,14.03,184.03,Delivered,Free Standard
ORD-2025-000116,4631,SES-2025-004844,20251111,110.0,0.0,0.0,9.08,119.08,Delivered,Free Standard
ORD-2025-000117,449,SES-2025-004845,20250617,42.0,0.0,7.99,3.47,53.46,Delivered,Standard Ground
ORD-2025-000118,4261,SES-2025-004871,20250129,79.0,0.0,0.0,6.52,85.52,Delivered,Free Standard
ORD-2025-000119,202,SES-2025-004877,20250326,84.0,0.0,0.0,6.93,90.93,Delivered,Free Standard
ORD-2025-000120,8341,SES-2025-004888,20251031,349.0,0.0,0.0,28.79,377.79,Delivered,Free Standard
ORD-2025-000121,8410,SES-2025-004916,20251010,299.99,0.0,0.0,24.75,324.74,Processing,Free Standard
ORD-2025-000122,1831,SES-2025-004991,20251226,44.0,0.0,7.99,3.63,55.62,Delivered,Standard Ground
ORD-2025-000123,773,SES-2025-004998,20251010,149.99,0.0,0.0,12.37,162.36,Delivered,Free Standard
ORD-2025-000124,8551,SES-2025-005010,20250218,50.0,5.0,7.99,4.12,57.11,Delivered,Standard Ground
ORD-2025-000125,828,SES-2025-005016,20250919,25.0,2.5,7.99,2.06,32.55,Delivered,Standard Ground
ORD-2025-000126,6324,SES-2025-005075,20251230,88.0,0.0,0.0,7.26,95.26,Delivered,Free Standard
ORD-2025-000127,4229,SES-2025-005085,20250329,26.0,0.0,7.99,2.15,36.14,Delivered,Standard Ground
ORD-2025-000128,6003,SES-2025-005104,20250506,79.99,0.0,0.0,6.6,86.59,Delivered,Free Standard
ORD-2025-000129,8116,SES-2025-005135,20250721,68.0,0.0,7.99,5.61,81.6,Processing,Standard Ground
ORD-2025-000130,1262,SES-2025-005183,20251223,44.0,0.0,7.99,3.63,55.62,Delivered,Standard Ground
ORD-2025-000131,7804,SES-2025-005195,20250310,69.99,0.0,7.99,5.77,83.75,Delivered,Standard Ground
ORD-2025-000132,5902,SES-2025-005202,20250324,44.0,0.0,7.99,3.63,55.62,Delivered,Standard Ground
ORD-2025-000133,6531,SES-2025-005208,20251115,24.0,0.0,7.99,1.98,33.97,Delivered,Standard Ground
ORD-2025-000134,6805,SES-2025-005219,20251105,79.99,0.0,0.0,6.6,86.59,Delivered,Free Standard
ORD-2025-000135,6645,SES-2025-005233,20251104,119.97,0.0,0.0,9.9,129.87,Delivered,Free Standard
ORD-2025-000136,2883,SES-2025-005237,20251118,299.99,0.0,0.0,24.75,324.74,Delivered,Free Standard
ORD-2025-000137,5036,SES-2025-005258,20250522,79.0,0.0,0.0,6.52,85.52,Processing,Free Standard
ORD-2025-000138,7260,SES-2025-005276,20251007,69.99,0.0,7.99,5.77,83.75,Delivered,Standard Ground
ORD-2025-000139,510,SES-2025-005279,20251114,39.99,0.0,7.99,3.3,51.28,Delivered,Standard Ground
ORD-2025-000140,9419,SES-2025-005281,20250706,158.0,15.8,0.0,13.04,155.24,Processing,Free Standard
ORD-2025-000141,6771,SES-2025-005288,20251216,74.0,0.0,7.99,6.11,88.1,Delivered,Standard Ground
ORD-2025-000142,758,SES-2025-005316,20251025,84.0,0.0,0.0,6.93,90.93,Processing,Free Standard
ORD-2025-000143,5753,SES-2025-005466,20251226,42.0,0.0,7.99,3.47,53.46,Delivered,Standard Ground
ORD-2025-000144,5610,SES-2025-005482,20250810,39.99,0.0,7.99,3.3,51.28,Delivered,Standard Ground
ORD-2025-000145,1407,SES-2025-005491,20251212,109.98,0.0,0.0,9.07,119.05,Delivered,Free Standard
ORD-2025-000146,6511,SES-2025-005528,20250830,38.0,0.0,7.99,3.14,49.13,Delivered,Standard Ground
ORD-2025-000147,7315,SES-2025-005540,20251211,34.0,0.0,7.99,2.81,44.8,Delivered,Standard Ground
ORD-2025-000148,9794,SES-2025-005557,20251022,79.0,0.0,0.0,6.52,85.52,Delivered,Free Standard
ORD-2025-000149,7629,SES-2025-005601,20251205,158.0,0.0,0.0,13.04,171.04,Delivered,Free Standard
ORD-2025-000150,6439,SES-2025-005691,20250912,44.0,0.0,7.99,3.63,55.62,Delivered,Standard Ground
ORD-2025-000151,7773,SES-2025-005740,20251106,79.99,0.0,0.0,6.6,86.59,Delivered,Free Standard
ORD-2025-000152,2814,SES-2025-005752,20250604,79.99,0.0,0.0,6.6,86.59,Processing,Free Standard
ORD-2025-000153,6286,SES-2025-005766,20250731,148.0,0.0,0.0,12.21,160.21,Delivered,Free Standard
ORD-2025-000154,1783,SES-2025-005768,20251005,149.99,0.0,0.0,12.37,162.36,Delivered,Free Standard
ORD-2025-000155,149,SES-2025-005886,20250719,25.0,0.0,7.99,2.06,35.05,Delivered,Standard Ground
ORD-2025-000156,4131,SES-2025-006083,20250814,48.0,4.8,7.99,3.96,55.15,Delivered,Standard Ground
ORD-2025-000157,7535,SES-2025-006164,20251119,22.0,0.0,7.99,1.82,31.81,Delivered,Standard Ground
ORD-2025-000158,2612,SES-2025-006184,20250526,39.99,0.0,7.99,3.3,51.28,Delivered,Standard Ground
ORD-2025-000159,1943,SES-2025-006217,20250406,22.0,0.0,7.99,1.82,31.81,Delivered,Standard Ground
ORD-2025-000160,1782,SES-2025-006238,20250521,79.0,0.0,0.0,6.52,85.52,Delivered,Free Standard
ORD-2025-000161,3535,SES-2025-006242,20250524,79.0,0.0,0.0,6.52,85.52,Delivered,Free Standard
ORD-2025-000162,8455,SES-2025-006290,20251218,145.0,14.5,0.0,11.96,142.46,Delivered,Free Standard
ORD-2025-000163,8771,SES-2025-006393,20250813,48.0,0.0,7.99,3.96,59.95,Delivered,Standard Ground
ORD-2025-000164,2674,SES-2025-006420,20251006,69.99,7.0,7.99,5.77,76.75,Delivered,Standard Ground
ORD-2025-000165,6211,SES-2025-006493,20250612,79.99,0.0,0.0,6.6,86.59,Delivered,Free Standard
ORD-2025-000166,437,SES-2025-006494,20251105,64.0,0.0,7.99,5.28,77.27,Delivered,Standard Ground
ORD-2025-000167,2453,SES-2025-006499,20251124,22.0,0.0,7.99,1.82,31.81,Delivered,Standard Ground
ORD-2025-000168,3297,SES-2025-006514,20251215,38.0,0.0,7.99,3.14,49.13,Delivered,Standard Ground
ORD-2025-000169,4241,SES-2025-006521,20251228,50.0,5.0,7.99,4.12,57.11,Delivered,Standard Ground
ORD-2025-000170,2978,SES-2025-006556,20250504,22.0,2.2,7.99,1.82,29.61,Delivered,Standard Ground
ORD-2025-000171,3572,SES-2025-006606,20250423,95.0,0.0,0.0,7.84,102.84,Delivered,Free Standard
ORD-2025-000172,806,SES-2025-006706,20251005,147.0,0.0,0.0,12.13,159.13,Delivered,Free Standard
ORD-2025-000173,9454,SES-2025-006761,20251114,48.0,4.8,7.99,3.96,55.15,Delivered,Standard Ground
ORD-2025-000174,1260,SES-2025-006783,20251212,64.0,0.0,7.99,5.28,77.27,Delivered,Standard Ground
ORD-2025-000175,3864,SES-2025-006794,20251129,28.0,2.8,7.99,2.31,35.5,Delivered,Standard Ground
ORD-2025-000176,9354,SES-2025-006810,20250221,42.0,0.0,7.99,3.47,53.46,Delivered,Standard Ground
ORD-2025-000177,826,SES-2025-006865,20251018,34.0,0.0,7.99,2.81,44.8,Delivered,Standard Ground
ORD-2025-000178,6063,SES-2025-006890,20251212,74.0,0.0,7.99,6.11,88.1,Delivered,Standard Ground
ORD-2025-000179,5706,SES-2025-006897,20250105,32.0,0.0,7.99,2.64,42.63,Delivered,Standard Ground
ORD-2025-000180,2713,SES-2025-006916,20250928,79.0,0.0,0.0,6.52,85.52,Delivered,Free Standard
ORD-2025-000181,558,SES-2025-006919,20251214,114.0,0.0,0.0,9.41,123.41,Delivered,Free Standard
ORD-2025-000182,4573,SES-2025-006922,20250222,22.0,0.0,7.99,1.82,31.81,Delivered,Standard Ground
ORD-2025-000183,8821,SES-2025-006923,20250603,49.0,0.0,7.99,4.04,61.03,Delivered,Standard Ground
ORD-2025-000184,6594,SES-2025-006969,20250808,48.0,0.0,7.99,3.96,59.95,Delivered,Standard Ground
ORD-2025-000185,796,SES-2025-006992,20250415,89.0,0.0,0.0,7.34,96.34,Delivered,Free Standard
ORD-2025-000186,3644,SES-2025-007039,20251211,89.99,0.0,0.0,7.42,97.41,Delivered,Free Standard
ORD-2025-000187,8607,SES-2025-007110,20251230,54.99,0.0,7.99,4.54,67.52,Delivered,Standard Ground
ORD-2025-000188,2094,SES-2025-007122,20251229,69.99,0.0,7.99,5.77,83.75,Delivered,Standard Ground
ORD-2025-000189,2279,SES-2025-007127,20250116,48.0,4.8,7.99,3.96,55.15,Processing,Standard Ground
ORD-2025-000190,5126,SES-2025-007139,20250907,38.0,0.0,7.99,3.14,49.13,Delivered,Standard Ground
ORD-2025-000191,5580,SES-2025-007254,20251123,49.0,4.9,7.99,4.04,56.13,Delivered,Standard Ground
ORD-2025-000192,4629,SES-2025-007272,20250617,139.98,0.0,0.0,11.55,151.53,Delivered,Free Standard
ORD-2025-000193,3415,SES-2025-007296,20250916,64.0,0.0,7.99,5.28,77.27,Delivered,Standard Ground
ORD-2025-000194,6068,SES-2025-007310,20251212,95.0,0.0,0.0,7.84,102.84,Delivered,Free Standard
ORD-2025-000195,8481,SES-2025-007316,20251112,84.0,0.0,0.0,6.93,90.93,Delivered,Free Standard
ORD-2025-000196,6995,SES-2025-007322,20250505,44.0,0.0,7.99,3.63,55.62,Delivered,Standard Ground
ORD-2025-000197,6789,SES-2025-007403,20250512,299.99,0.0,0.0,24.75,324.74,Delivered,Free Standard
ORD-2025-000198,4299,SES-2025-007479,20251111,126.0,0.0,0.0,10.4,136.4,Delivered,Free Standard
ORD-2025-000199,5871,SES-2025-007492,20251228,48.0,4.8,7.99,3.96,55.15,Delivered,Standard Ground
ORD-2025-000200,4446,SES-2025-007501,20251224,28.0,0.0,7.99,2.31,38.3,Delivered,Standard Ground
ORD-2025-000201,619,SES-2025-007530,20251226,42.0,0.0,7.99,3.47,53.46,Delivered,Standard Ground
ORD-2025-000202,9169,SES-2025-007695,20251221,85.0,0.0,0.0,7.01,92.01,Delivered,Free Standard
ORD-2025-000203,8682,SES-2025-007752,20250906,24.0,0.0,7.99,1.98,33.97,Delivered,Standard Ground
ORD-2025-000204,6848,SES-2025-007768,20250130,149.99,0.0,0.0,12.37,162.36,Delivered,Free Standard
ORD-2025-000205,2158,SES-2025-007774,20251213,29.0,0.0,7.99,2.39,39.38,Delivered,Standard Ground
ORD-2025-000206,5649,SES-2025-007791,20250728,68.0,0.0,7.99,5.61,81.6,Delivered,Standard Ground
ORD-2025-000207,2214,SES-2025-007794,20251019,28.0,0.0,7.99,2.31,38.3,Delivered,Standard Ground
ORD-2025-000208,988,SES-2025-007854,20251208,267.0,0.0,0.0,22.03,289.03,Delivered,Free Standard
ORD-2025-000209,651,SES-2025-007878,20251218,42.0,4.2,7.99,3.47,49.26,Delivered,Standard Ground
ORD-2025-000210,2955,SES-2025-007879,20250423,24.0,0.0,7.99,1.98,33.97,Delivered,Standard Ground
ORD-2025-000211,5636,SES-2025-007905,20250606,170.0,0.0,0.0,14.03,184.03,Delivered,Free Standard
ORD-2025-000212,6993,SES-2025-007960,20250621,22.0,0.0,7.99,1.82,31.81,Delivered,Standard Ground
ORD-2025-000213,331,SES-2025-007974,20250628,66.0,6.6,7.99,5.45,72.84,Delivered,Standard Ground
ORD-2025-000214,6553,SES-2025-008042,20250809,74.0,0.0,7.99,6.11,88.1,Delivered,Standard Ground
ORD-2025-000215,1917,SES-2025-008181,20251129,149.99,15.0,0.0,12.37,147.36,Delivered,Free Standard
ORD-2025-000216,3172,SES-2025-008225,20250529,74.0,0.0,7.99,6.11,88.1,Delivered,Standard Ground
ORD-2025-000217,374,SES-2025-008259,20250423,76.0,0.0,0.0,6.27,82.27,Delivered,Free Standard
ORD-2025-000218,1835,SES-2025-008312,20251228,158.0,0.0,0.0,13.04,171.04,Delivered,Free Standard
ORD-2025-000219,9182,SES-2025-008326,20250915,85.0,0.0,0.0,7.01,92.01,Delivered,Free Standard
ORD-2025-000220,9531,SES-2025-008328,20250801,28.0,0.0,7.99,2.31,38.3,Delivered,Standard Ground
ORD-2025-000221,6572,SES-2025-008337,20251220,34.0,0.0,7.99,2.81,44.8,Delivered,Standard Ground
ORD-2025-000222,1019,SES-2025-008347,20251215,49.0,0.0,7.99,4.04,61.03,Delivered,Standard Ground
ORD-2025-000223,4510,SES-2025-008378,20251107,68.0,0.0,7.99,5.61,81.6,Delivered,Standard Ground
ORD-2025-000224,8834,SES-2025-008418,20251010,24.0,0.0,7.99,1.98,33.97,Delivered,Standard Ground
ORD-2025-000225,9467,SES-2025-008443,20250102,349.0,0.0,0.0,28.79,377.79,Delivered,Free Standard
ORD-2025-000226,1532,SES-2025-008530,20251224,54.99,0.0,7.99,4.54,67.52,Delivered,Standard Ground
ORD-2025-000227,1377,SES-2025-008543,20250914,26.0,0.0,7.99,2.15,36.14,Delivered,Standard Ground
ORD-2025-000228,7489,SES-2025-008572,20250111,44.0,0.0,7.99,3.63,55.62,Delivered,Standard Ground
ORD-2025-000229,2277,SES-2025-008770,20251220,28.0,0.0,7.99,2.31,38.3,Delivered,Standard Ground
ORD-2025-000230,9759,SES-2025-008808,20250825,449.97,0.0,0.0,37.12,487.09,Delivered,Free Standard
ORD-2025-000231,1842,SES-2025-008878,20251208,69.99,0.0,7.99,5.77,83.75,Delivered,Standard Ground
ORD-2025-000232,5441,SES-2025-008991,20250327,48.0,0.0,7.99,3.96,59.95,Delivered,Standard Ground
ORD-2025-000233,8693,SES-2025-009014,20251018,44.0,0.0,7.99,3.63,55.62,Delivered,Standard Ground
ORD-2025-000234,1492,SES-2025-009069,20250803,299.99,0.0,0.0,24.75,324.74,Delivered,Free Standard
ORD-2025-000235,8706,SES-2025-009089,20251123,145.0,0.0,0.0,11.96,156.96,Delivered,Free Standard
ORD-2025-000236,5866,SES-2025-009099,20250714,22.0,0.0,7.99,1.82,31.81,Delivered,Standard Ground
ORD-2025-000237,2536,SES-2025-009127,20251003,32.0,0.0,7.99,2.64,42.63,Delivered,Standard Ground
ORD-2025-000238,7742,SES-2025-009256,20250204,28.0,0.0,7.99,2.31,38.3,Delivered,Standard Ground
ORD-2025-000239,4433,SES-2025-009266,20250531,39.99,0.0,7.99,3.3,51.28,Delivered,Standard Ground
ORD-2025-000240,2902,SES-2025-009278,20250302,48.0,0.0,7.99,3.96,59.95,Delivered,Standard Ground
ORD-2025-000241,7978,SES-2025-009349,20250901,89.0,0.0,0.0,7.34,96.34,Delivered,Free Standard
ORD-2025-000242,4570,SES-2025-009386,20251117,24.0,0.0,7.99,1.98,33.97,Delivered,Standard Ground
ORD-2025-000243,7857,SES-2025-009401,20250821,69.99,0.0,7.99,5.77,83.75,Delivered,Standard Ground
ORD-2025-000244,441,SES-2025-009434,20251028,349.0,0.0,0.0,28.79,377.79,Delivered,Free Standard
ORD-2025-000245,9032,SES-2025-009496,20250223,349.0,0.0,0.0,28.79,377.79,Delivered,Free Standard
ORD-2025-000246,1373,SES-2025-009503,20251124,88.0,0.0,0.0,7.26,95.26,Delivered,Free Standard
ORD-2025-000247,9660,SES-2025-009637,20250820,50.0,0.0,7.99,4.12,62.11,Delivered,Standard Ground
ORD-2025-000248,8373,SES-2025-009642,20250613,42.0,0.0,7.99,3.47,53.46,Delivered,Standard Ground
ORD-2025-000249,9440,SES-2025-009656,20250901,79.0,0.0,0.0,6.52,85.52,Delivered,Free Standard
ORD-2025-000250,4557,SES-2025-009681,20251228,74.0,0.0,7.99,6.11,88.1,Delivered,Standard Ground
ORD-2025-000251,8930,SES-2025-009755,20251108,52.0,0.0,7.99,4.29,64.28,Delivered,Standard Ground
ORD-2025-000252,110,SES-2025-009803,20251213,89.99,0.0,0.0,7.42,97.41,Delivered,Free Standard
ORD-2025-000253,4807,SES-2025-009817,20251213,38.0,0.0,7.99,3.14,49.13,Delivered,Standard Ground
ORD-2025-000254,6409,SES-2025-009836,20250525,79.0,0.0,0.0,6.52,85.52,Delivered,Free Standard
ORD-2025-000255,6369,SES-2025-009992,20251222,89.99,0.0,0.0,7.42,97.41,Delivered,Free Standard
ORD-2025-000256,2990,SES-2025-010057,20251031,145.0,0.0,0.0,11.96,156.96,Delivered,Free Standard
ORD-2025-000257,1540,SES-2025-010059,20251125,79.0,7.9,0.0,6.52,77.62,Delivered,Free Standard
ORD-2025-000258,8501,SES-2025-010088,20250413,29.0,0.0,7.99,2.39,39.38,Delivered,Standard Ground
ORD-2025-000259,309,SES-2025-010145,20250806,158.0,0.0,0.0,13.04,171.04,Delivered,Free Standard
ORD-2025-000260,2707,SES-2025-010146,20251109,25.0,0.0,7.99,2.06,35.05,Delivered,Standard Ground
ORD-2025-000261,6048,SES-2025-010221,20250911,25.0,0.0,7.99,2.06,35.05,Delivered,Standard Ground
ORD-2025-000262,1239,SES-2025-010467,20250626,89.0,0.0,0.0,7.34,96.34,Delivered,Free Standard
ORD-2025-000263,1064,SES-2025-010645,20250516,28.0,0.0,7.99,2.31,38.3,Delivered,Standard Ground
ORD-2025-000264,9222,SES-2025-010677,20251227,26.0,0.0,7.99,2.15,36.14,Delivered,Standard Ground
ORD-2025-000265,3970,SES-2025-010768,20251022,49.99,0.0,7.99,4.12,62.1,Delivered,Standard Ground
ORD-2025-000266,4378,SES-2025-010803,20251226,89.0,0.0,0.0,7.34,96.34,Delivered,Free Standard
ORD-2025-000267,3335,SES-2025-010972,20251128,110.0,0.0,0.0,9.08,119.08,Delivered,Free Standard
ORD-2025-000268,3592,SES-2025-010974,20250624,79.0,0.0,0.0,6.52,85.52,Delivered,Free Standard
ORD-2025-000269,1253,SES-2025-010979,20250807,28.0,0.0,7.99,2.31,38.3,Delivered,Standard Ground
ORD-2025-000270,9595,SES-2025-011016,20250511,145.0,0.0,0.0,11.96,156.96,Delivered,Free Standard
ORD-2025-000271,4556,SES-2025-011019,20251211,28.0,0.0,7.99,2.31,38.3,Delivered,Standard Ground
ORD-2025-000272,6157,SES-2025-011045,20251110,237.0,0.0,0.0,19.55,256.55,Delivered,Free Standard
ORD-2025-000273,517,SES-2025-011057,20250916,178.0,0.0,0.0,14.69,192.69,Delivered,Free Standard
ORD-2025-000274,7963,SES-2025-011121,20250803,74.0,0.0,7.99,6.11,88.1,Delivered,Standard Ground
ORD-2025-000275,3724,SES-2025-011148,20251211,79.99,0.0,0.0,6.6,86.59,Processing,Free Standard
ORD-2025-000276,6775,SES-2025-011176,20250603,26.0,2.6,7.99,2.15,33.54,Delivered,Standard Ground
ORD-2025-000277,6696,SES-2025-011184,20251216,48.0,0.0,7.99,3.96,59.95,Delivered,Standard Ground
ORD-2025-000278,4807,SES-2025-011241,20251222,28.0,0.0,7.99,2.31,38.3,Delivered,Standard Ground
ORD-2025-000279,6957,SES-2025-011269,20250817,34.0,0.0,7.99,2.81,44.8,Delivered,Standard Ground
ORD-2025-000280,8907,SES-2025-011311,20251222,89.0,0.0,0.0,7.34,96.34,Delivered,Free Standard
ORD-2025-000281,7119,SES-2025-011394,20251115,74.0,0.0,7.99,6.11,88.1,Delivered,Standard Ground
ORD-2025-000282,6247,SES-2025-011399,20251227,79.0,0.0,0.0,6.52,85.52,Delivered,Free Standard
ORD-2025-000283,9649,SES-2025-011434,20250224,68.0,0.0,7.99,5.61,81.6,Delivered,Standard Ground
ORD-2025-000284,5928,SES-2025-011554,20251207,149.99,0.0,0.0,12.37,162.36,Delivered,Free Standard
ORD-2025-000285,3931,SES-2025-011600,20250807,449.97,0.0,0.0,37.12,487.09,Delivered,Free Standard
ORD-2025-000286,9228,SES-2025-011704,20250511,52.0,0.0,7.99,4.29,64.28,Delivered,Standard Ground
ORD-2025-000287,9955,SES-2025-011816,20250528,38.0,0.0,7.99,3.14,49.13,Delivered,Standard Ground
ORD-2025-000288,8608,SES-2025-011838,20251211,49.99,0.0,7.99,4.12,62.1,Delivered,Standard Ground
ORD-2025-000289,352,SES-2025-011920,20250913,89.0,0.0,0.0,7.34,96.34,Delivered,Free Standard
ORD-2025-000290,4389,SES-2025-012006,20251010,34.0,0.0,7.99,2.81,44.8,Delivered,Standard Ground
ORD-2025-000291,4436,SES-2025-012120,20251008,68.0,0.0,7.99,5.61,81.6,Delivered,Standard Ground
ORD-2025-000292,1218,SES-2025-012199,20251225,34.0,0.0,7.99,2.81,44.8,Delivered,Standard Ground
ORD-2025-000293,8078,SES-2025-012212,20251205,44.0,0.0,7.99,3.63,55.62,Delivered,Standard Ground
ORD-2025-000294,6428,SES-2025-012213,20251225,79.98,0.0,0.0,6.6,86.58,Delivered,Free Standard
ORD-2025-000295,9028,SES-2025-012246,20250118,159.98,0.0,0.0,13.2,173.18,Delivered,Free Standard
ORD-2025-000296,2749,SES-2025-012301,20250831,49.99,0.0,7.99,4.12,62.1,Delivered,Standard Ground
ORD-2025-000297,4893,SES-2025-012326,20250803,88.0,0.0,0.0,7.26,95.26,Delivered,Free Standard
ORD-2025-000298,7638,SES-2025-012335,20251225,99.98,0.0,0.0,8.25,108.23,Processing,Free Standard
ORD-2025-000299,830,SES-2025-012342,20251210,110.0,0.0,0.0,9.08,119.08,Delivered,Free Standard
ORD-2025-000300,1953,SES-2025-012346,20250206,68.0,0.0,7.99,5.61,81.6,Processing,Standard Ground
ORD-2025-000301,9193,SES-2025-012393,20250917,79.0,7.9,0.0,6.52,77.62,Delivered,Free Standard
ORD-2025-000302,3678,SES-2025-012394,20251012,89.99,0.0,0.0,7.42,97.41,Delivered,Free Standard
ORD-2025-000303,6710,SES-2025-012399,20250430,84.0,8.4,0.0,6.93,82.53,Processing,Free Standard
ORD-2025-000304,4058,SES-2025-012411,20251029,44.0,0.0,7.99,3.63,55.62,Delivered,Standard Ground
ORD-2025-000305,4129,SES-2025-012465,20250625,99.98,0.0,0.0,8.25,108.23,Delivered,Free Standard
ORD-2025-000306,2042,SES-2025-012490,20250426,136.0,0.0,0.0,11.22,147.22,Processing,Free Standard
ORD-2025-000307,3597,SES-2025-012553,20251001,74.0,0.0,7.99,6.11,88.1,Delivered,Standard Ground
ORD-2025-000308,5215,SES-2025-012566,20250409,28.0,0.0,7.99,2.31,38.3,Delivered,Standard Ground
ORD-2025-000309,7790,SES-2025-012580,20250912,74.0,0.0,7.99,6.11,88.1,Delivered,Standard Ground
ORD-2025-000310,6619,SES-2025-012585,20251003,74.0,7.4,7.99,6.11,80.7,Processing,Standard Ground
ORD-2025-000311,4341,SES-2025-012664,20251207,48.0,0.0,7.99,3.96,59.95,Delivered,Standard Ground
ORD-2025-000312,5594,SES-2025-012730,20251229,44.0,0.0,7.99,3.63,55.62,Delivered,Standard Ground
ORD-2025-000313,9376,SES-2025-012737,20250613,79.0,0.0,0.0,6.52,85.52,Delivered,Free Standard
ORD-2025-000314,9947,SES-2025-012765,20251107,79.0,7.9,0.0,6.52,77.62,Delivered,Free Standard
ORD-2025-000315,4087,SES-2025-012789,20250317,79.98,0.0,0.0,6.6,86.58,Processing,Free Standard
ORD-2025-000316,2848,SES-2025-012848,20251222,95.0,9.5,0.0,7.84,93.34,Delivered,Free Standard
ORD-2025-000317,636,SES-2025-012872,20251120,32.0,3.2,7.99,2.64,39.43,Delivered,Standard Ground
ORD-2025-000318,5353,SES-2025-012916,20251027,26.0,0.0,7.99,2.15,36.14,Delivered,Standard Ground
ORD-2025-000319,5582,SES-2025-012924,20250425,54.99,0.0,7.99,4.54,67.52,Delivered,Standard Ground
ORD-2025-000320,6380,SES-2025-012968,20251103,42.0,0.0,7.99,3.47,53.46,Delivered,Standard Ground
ORD-2025-000321,5580,SES-2025-013079,20251216,599.98,0.0,0.0,49.5,649.48,Delivered,Free Standard
ORD-2025-000322,5296,SES-2025-013084,20250528,54.99,0.0,7.99,4.54,67.52,Delivered,Standard Ground
ORD-2025-000323,7165,SES-2025-013086,20250905,698.0,0.0,0.0,57.59,755.59,Delivered,Free Standard
ORD-2025-000324,2605,SES-2025-013156,20251119,48.0,0.0,7.99,3.96,59.95,Delivered,Standard Ground
ORD-2025-000325,1853,SES-2025-013174,20250914,84.0,8.4,0.0,6.93,82.53,Delivered,Free Standard
ORD-2025-000326,7826,SES-2025-013285,20251114,99.98,0.0,0.0,8.25,108.23,Delivered,Free Standard
ORD-2025-000327,1051,SES-2025-013310,20251010,89.99,9.0,0.0,7.42,88.41,Delivered,Free Standard
ORD-2025-000328,3155,SES-2025-013313,20251116,69.99,0.0,7.99,5.77,83.75,Delivered,Standard Ground
ORD-2025-000329,2805,SES-2025-013362,20250522,110.0,0.0,0.0,9.08,119.08,Delivered,Free Standard
ORD-2025-000330,1325,SES-2025-013369,20251109,24.0,0.0,7.99,1.98,33.97,Delivered,Standard Ground
ORD-2025-000331,2801,SES-2025-013377,20251023,49.0,0.0,7.99,4.04,61.03,Delivered,Standard Ground
ORD-2025-000332,5380,SES-2025-013393,20250605,89.0,0.0,0.0,7.34,96.34,Delivered,Free Standard
ORD-2025-000333,5004,SES-2025-013425,20250222,28.0,0.0,7.99,2.31,38.3,Delivered,Standard Ground
ORD-2025-000334,5576,SES-2025-013431,20250805,145.0,0.0,0.0,11.96,156.96,Delivered,Free Standard
ORD-2025-000335,5860,SES-2025-013438,20251002,179.98,0.0,0.0,14.85,194.83,Delivered,Free Standard
ORD-2025-000336,3144,SES-2025-013469,20250719,349.0,0.0,0.0,28.79,377.79,Delivered,Free Standard
ORD-2025-000337,8163,SES-2025-013543,20250303,158.0,0.0,0.0,13.04,171.04,Delivered,Free Standard
ORD-2025-000338,5451,SES-2025-013551,20250131,85.0,0.0,0.0,7.01,92.01,Delivered,Free Standard
ORD-2025-000339,2645,SES-2025-013560,20250514,74.0,0.0,7.99,6.11,88.1,Delivered,Standard Ground
ORD-2025-000340,158,SES-2025-013578,20251222,349.0,0.0,0.0,28.79,377.79,Delivered,Free Standard
ORD-2025-000341,270,SES-2025-013587,20251014,74.0,0.0,7.99,6.11,88.1,Delivered,Standard Ground
ORD-2025-000342,8577,SES-2025-013633,20250611,109.98,0.0,0.0,9.07,119.05,Delivered,Free Standard
ORD-2025-000343,7815,SES-2025-013773,20251109,145.0,0.0,0.0,11.96,156.96,Delivered,Free Standard
ORD-2025-000344,1826,SES-2025-013777,20250826,74.0,7.4,7.99,6.11,80.7,Delivered,Standard Ground
ORD-2025-000345,6995,SES-2025-013897,20251108,290.0,0.0,0.0,23.93,313.93,Delivered,Free Standard
ORD-2025-000346,9172,SES-2025-013949,20250217,49.99,0.0,7.99,4.12,62.1,Delivered,Standard Ground
ORD-2025-000347,4068,SES-2025-014014,20250917,22.0,0.0,7.99,1.82,31.81,Delivered,Standard Ground
ORD-2025-000348,5579,SES-2025-014051,20250305,435.0,0.0,0.0,35.89,470.89,Delivered,Free Standard
ORD-2025-000349,2605,SES-2025-014055,20250514,89.0,0.0,0.0,7.34,96.34,Delivered,Free Standard
ORD-2025-000350,8002,SES-2025-014059,20251128,299.99,0.0,0.0,24.75,324.74,Delivered,Free Standard
ORD-2025-000351,6350,SES-2025-014080,20250329,39.99,0.0,7.99,3.3,51.28,Delivered,Standard Ground
ORD-2025-000352,9738,SES-2025-014147,20250207,25.0,0.0,7.99,2.06,35.05,Delivered,Standard Ground
ORD-2025-000353,2039,SES-2025-014172,20250206,255.0,0.0,0.0,21.04,276.04,Delivered,Free Standard
ORD-2025-000354,1171,SES-2025-014177,20251025,119.97,0.0,0.0,9.9,129.87,Delivered,Free Standard
ORD-2025-000355,7912,SES-2025-014235,20250102,145.0,0.0,0.0,11.96,156.96,Delivered,Free Standard
ORD-2025-000356,8624,SES-2025-014270,20251211,79.99,0.0,0.0,6.6,86.59,Delivered,Free Standard
ORD-2025-000357,3865,SES-2025-014294,20251029,179.98,0.0,0.0,14.85,194.83,Delivered,Free Standard
ORD-2025-000358,1606,SES-2025-014316,20251207,74.0,7.4,7.99,6.11,80.7,Delivered,Standard Ground
ORD-2025-000359,6603,SES-2025-014351,20251214,89.99,0.0,0.0,7.42,97.41,Delivered,Free Standard
ORD-2025-000360,7799,SES-2025-014428,20251230,68.0,0.0,7.99,5.61,81.6,Delivered,Standard Ground
ORD-2025-000361,5715,SES-2025-014441,20251128,89.0,0.0,0.0,7.34,96.34,Delivered,Free Standard
ORD-2025-000362,7197,SES-2025-014444,20251228,95.0,0.0,0.0,7.84,102.84,Delivered,Free Standard
ORD-2025-000363,5549,SES-2025-014465,20251108,39.99,0.0,7.99,3.3,51.28,Delivered,Standard Ground
ORD-2025-000364,5138,SES-2025-014477,20251128,50.0,0.0,7.99,4.12,62.11,Delivered,Standard Ground
ORD-2025-000365,5040,SES-2025-014514,20250426,84.0,0.0,0.0,6.93,90.93,Delivered,Free Standard
ORD-2025-000366,7575,SES-2025-014625,20251228,25.0,0.0,7.99,2.06,35.05,Delivered,Standard Ground
ORD-2025-000367,6245,SES-2025-014626,20251222,24.0,0.0,7.99,1.98,33.97,Delivered,Standard Ground
ORD-2025-000368,1323,SES-2025-014686,20251215,32.0,3.2,7.99,2.64,39.43,Delivered,Standard Ground
ORD-2025-000369,674,SES-2025-014747,20251223,39.99,0.0,7.99,3.3,51.28,Processing,Standard Ground
ORD-2025-000370,252,SES-2025-014767,20250805,159.98,0.0,0.0,13.2,173.18,Delivered,Free Standard
ORD-2025-000371,1093,SES-2025-014797,20250618,79.0,0.0,0.0,6.52,85.52,Delivered,Free Standard
ORD-2025-000372,5805,SES-2025-014843,20250506,56.0,0.0,7.99,4.62,68.61,Delivered,Standard Ground
ORD-2025-000373,3595,SES-2025-014846,20250515,38.0,0.0,7.99,3.14,49.13,Delivered,Standard Ground
ORD-2025-000374,1418,SES-2025-014909,20251228,68.0,0.0,7.99,5.61,81.6,Delivered,Standard Ground
ORD-2025-000375,72,SES-2025-014946,20250412,110.0,0.0,0.0,9.08,119.08,Delivered,Free Standard
ORD-2025-000376,6926,SES-2025-014969,20250616,34.0,0.0,7.99,2.81,44.8,Delivered,Standard Ground
ORD-2025-000377,693,SES-2025-015007,20251127,98.0,9.8,0.0,8.09,96.29,Delivered,Free Standard
ORD-2025-000378,1186,SES-2025-015031,20250915,28.0,0.0,7.99,2.31,38.3,Delivered,Standard Ground
ORD-2025-000379,6191,SES-2025-015077,20251214,28.0,0.0,7.99,2.31,38.3,Delivered,Standard Ground
ORD-2025-000380,6681,SES-2025-015088,20250525,145.0,14.5,0.0,11.96,142.46,Processing,Free Standard
ORD-2025-000381,7832,SES-2025-015094,20250512,79.99,8.0,0.0,6.6,78.59,Delivered,Free Standard
ORD-2025-000382,4926,SES-2025-015201,20250707,49.0,0.0,7.99,4.04,61.03,Delivered,Standard Ground
ORD-2025-000383,1537,SES-2025-015206,20250321,28.0,2.8,7.99,2.31,35.5,Processing,Standard Ground
ORD-2025-000384,9097,SES-2025-015222,20250317,22.0,0.0,7.99,1.82,31.81,Delivered,Standard Ground
ORD-2025-000385,8326,SES-2025-015225,20251001,68.0,0.0,7.99,5.61,81.6,Delivered,Standard Ground
ORD-2025-000386,1654,SES-2025-015284,20251025,26.0,0.0,7.99,2.15,36.14,Processing,Standard Ground
ORD-2025-000387,6975,SES-2025-015290,20250421,110.0,0.0,0.0,9.08,119.08,Delivered,Free Standard
ORD-2025-000388,581,SES-2025-015369,20250423,66.0,0.0,7.99,5.45,79.44,Delivered,Standard Ground
ORD-2025-000389,9885,SES-2025-015375,20250329,110.0,0.0,0.0,9.08,119.08,Delivered,Free Standard
ORD-2025-000390,8081,SES-2025-015517,20250309,42.0,0.0,7.99,3.47,53.46,Delivered,Standard Ground
ORD-2025-000391,2859,SES-2025-015545,20251209,95.0,9.5,0.0,7.84,93.34,Delivered,Free Standard
ORD-2025-000392,9572,SES-2025-015581,20251203,72.0,0.0,7.99,5.94,85.93,Delivered,Standard Ground
ORD-2025-000393,6168,SES-2025-015609,20250611,148.0,0.0,0.0,12.21,160.21,Delivered,Free Standard
ORD-2025-000394,1245,SES-2025-015616,20251119,110.0,0.0,0.0,9.08,119.08,Delivered,Free Standard
ORD-2025-000395,3771,SES-2025-015689,20250302,237.0,23.7,0.0,19.55,232.85,Delivered,Free Standard
ORD-2025-000396,5609,SES-2025-015700,20250710,435.0,0.0,0.0,35.89,470.89,Delivered,Free Standard
ORD-2025-000397,7475,SES-2025-015741,20250314,88.0,0.0,0.0,7.26,95.26,Delivered,Free Standard
ORD-2025-000398,9488,SES-2025-015750,20251215,96.0,0.0,0.0,7.92,103.92,Delivered,Free Standard
ORD-2025-000399,7173,SES-2025-015755,20250805,48.0,0.0,7.99,3.96,59.95,Delivered,Standard Ground
ORD-2025-000400,7272,SES-2025-015800,20251002,48.0,0.0,7.99,3.96,59.95,Delivered,Standard Ground
ORD-2025-000401,1468,SES-2025-015836,20250527,66.0,0.0,7.99,5.45,79.44,Delivered,Standard Ground
ORD-2025-000402,5791,SES-2025-015845,20251221,69.99,0.0,7.99,5.77,83.75,Delivered,Standard Ground
ORD-2025-000403,7285,SES-2025-015854,20251202,89.0,0.0,0.0,7.34,96.34,Delivered,Free Standard
ORD-2025-000404,4105,SES-2025-015863,20250509,267.0,0.0,0.0,22.03,289.03,Delivered,Free Standard
ORD-2025-000405,8175,SES-2025-015890,20251021,54.99,0.0,7.99,4.54,67.52,Delivered,Standard Ground
ORD-2025-000406,172,SES-2025-015928,20250825,38.0,0.0,7.99,3.14,49.13,Delivered,Standard Ground
ORD-2025-000407,8995,SES-2025-015940,20251222,49.0,4.9,7.99,4.04,56.13,Delivered,Standard Ground
ORD-2025-000408,8600,SES-2025-015960,20251226,110.0,0.0,0.0,9.08,119.08,Delivered,Free Standard
ORD-2025-000409,156,SES-2025-015971,20251231,79.98,8.0,0.0,6.6,78.58,Processing,Free Standard
ORD-2025-000410,543,SES-2025-016059,20251024,239.97,0.0,0.0,19.8,259.77,Delivered,Free Standard
ORD-2025-000411,372,SES-2025-016071,20250906,145.0,14.5,0.0,11.96,142.46,Delivered,Free Standard
ORD-2025-000412,3003,SES-2025-016120,20251216,32.0,3.2,7.99,2.64,39.43,Delivered,Standard Ground
ORD-2025-000413,3590,SES-2025-016150,20251009,28.0,0.0,7.99,2.31,38.3,Delivered,Standard Ground
ORD-2025-000414,4097,SES-2025-016159,20251229,85.0,8.5,0.0,7.01,83.51,Delivered,Free Standard
ORD-2025-000415,403,SES-2025-016217,20250211,145.0,0.0,0.0,11.96,156.96,Delivered,Free Standard
ORD-2025-000416,5420,SES-2025-016223,20251004,48.0,0.0,7.99,3.96,59.95,Delivered,Standard Ground
ORD-2025-000417,228,SES-2025-016257,20251128,29.0,0.0,7.99,2.39,39.38,Delivered,Standard Ground
ORD-2025-000418,6859,SES-2025-016339,20250908,44.0,0.0,7.99,3.63,55.62,Delivered,Standard Ground
ORD-2025-000419,4382,SES-2025-016426,20250825,349.0,0.0,0.0,28.79,377.79,Delivered,Free Standard
ORD-2025-000420,7684,SES-2025-016437,20251013,149.99,0.0,0.0,12.37,162.36,Delivered,Free Standard
ORD-2025-000421,3774,SES-2025-016444,20250909,29.0,0.0,7.99,2.39,39.38,Delivered,Standard Ground
ORD-2025-000422,9943,SES-2025-016500,20251205,79.99,0.0,0.0,6.6,86.59,Delivered,Free Standard
ORD-2025-000423,9586,SES-2025-016508,20251210,79.0,0.0,0.0,6.52,85.52,Delivered,Free Standard
ORD-2025-000424,26,SES-2025-016605,20251204,56.0,0.0,7.99,4.62,68.61,Processing,Standard Ground
ORD-2025-000425,5623,SES-2025-016626,20250927,44.0,0.0,7.99,3.63,55.62,Processing,Standard Ground
ORD-2025-000426,4294,SES-2025-016631,20250322,54.99,0.0,7.99,4.54,67.52,Delivered,Standard Ground
ORD-2025-000427,1726,SES-2025-016670,20251027,24.0,0.0,7.99,1.98,33.97,Delivered,Standard Ground
ORD-2025-000428,5770,SES-2025-016714,20251211,39.99,0.0,7.99,3.3,51.28,Delivered,Standard Ground
ORD-2025-000429,4228,SES-2025-016723,20251116,89.0,8.9,0.0,7.34,87.44,Delivered,Free Standard
ORD-2025-000430,3730,SES-2025-016731,20250520,26.0,0.0,7.99,2.15,36.14,Delivered,Standard Ground
ORD-2025-000431,3697,SES-2025-016765,20250202,24.0,0.0,7.99,1.98,33.97,Delivered,Standard Ground
ORD-2025-000432,4297,SES-2025-016797,20251017,29.0,0.0,7.99,2.39,39.38,Delivered,Standard Ground
ORD-2025-000433,9890,SES-2025-016804,20251225,698.0,0.0,0.0,57.59,755.59,Delivered,Free Standard
ORD-2025-000434,298,SES-2025-016818,20251225,38.0,0.0,7.99,3.14,49.13,Delivered,Standard Ground
ORD-2025-000435,11,SES-2025-016853,20250510,79.0,7.9,0.0,6.52,77.62,Delivered,Free Standard
ORD-2025-000436,3625,SES-2025-016857,20250408,89.0,0.0,0.0,7.34,96.34,Delivered,Free Standard
ORD-2025-000437,2048,SES-2025-017011,20250109,68.0,6.8,7.99,5.61,74.8,Delivered,Standard Ground
ORD-2025-000438,8690,SES-2025-017030,20250806,39.99,4.0,7.99,3.3,47.28,Delivered,Standard Ground
ORD-2025-000439,3491,SES-2025-017052,20250702,69.99,0.0,7.99,5.77,83.75,Delivered,Standard Ground
ORD-2025-000440,3113,SES-2025-017118,20250608,349.0,0.0,0.0,28.79,377.79,Processing,Free Standard
ORD-2025-000441,2252,SES-2025-017147,20251209,34.0,0.0,7.99,2.81,44.8,Delivered,Standard Ground
ORD-2025-000442,7694,SES-2025-017206,20250706,22.0,0.0,7.99,1.82,31.81,Delivered,Standard Ground
ORD-2025-000443,5306,SES-2025-017258,20251225,349.0,0.0,0.0,28.79,377.79,Processing,Free Standard
ORD-2025-000444,851,SES-2025-017272,20250821,54.99,0.0,7.99,4.54,67.52,Delivered,Standard Ground
ORD-2025-000445,427,SES-2025-017306,20250927,299.98,0.0,0.0,24.75,324.73,Delivered,Free Standard
ORD-2025-000446,5945,SES-2025-017340,20250610,85.0,0.0,0.0,7.01,92.01,Delivered,Free Standard
ORD-2025-000447,4228,SES-2025-017342,20250703,49.0,0.0,7.99,4.04,61.03,Delivered,Standard Ground
ORD-2025-000448,3430,SES-2025-017364,20251114,34.0,0.0,7.99,2.81,44.8,Delivered,Standard Ground
ORD-2025-000449,7613,SES-2025-017366,20250925,79.0,0.0,0.0,6.52,85.52,Delivered,Free Standard
ORD-2025-000450,2874,SES-2025-017453,20251218,25.0,0.0,7.99,2.06,35.05,Delivered,Standard Ground
ORD-2025-000451,3832,SES-2025-017496,20250412,26.0,0.0,7.99,2.15,36.14,Processing,Standard Ground
ORD-2025-000452,9557,SES-2025-017550,20251108,68.0,0.0,7.99,5.61,81.6,Delivered,Standard Ground
ORD-2025-000453,9190,SES-2025-017558,20251227,110.0,11.0,0.0,9.08,108.08,Delivered,Free Standard
ORD-2025-000454,2468,SES-2025-017586,20251225,267.0,0.0,0.0,22.03,289.03,Delivered,Free Standard
ORD-2025-000455,5448,SES-2025-017603,20250727,88.0,0.0,0.0,7.26,95.26,Delivered,Free Standard
ORD-2025-000456,8289,SES-2025-017606,20251031,68.0,0.0,7.99,5.61,81.6,Delivered,Standard Ground
ORD-2025-000457,7983,SES-2025-017635,20250805,34.0,0.0,7.99,2.81,44.8,Delivered,Standard Ground
ORD-2025-000458,9814,SES-2025-017692,20250409,64.0,0.0,7.99,5.28,77.27,Delivered,Standard Ground
ORD-2025-000459,7436,SES-2025-017767,20250907,599.98,60.0,0.0,49.5,589.48,Delivered,Free Standard
ORD-2025-000460,2503,SES-2025-017811,20250129,96.0,0.0,0.0,7.92,103.92,Processing,Free Standard
ORD-2025-000461,2663,SES-2025-017812,20250424,26.0,0.0,7.99,2.15,36.14,Delivered,Standard Ground
ORD-2025-000462,5980,SES-2025-017856,20251219,28.0,0.0,7.99,2.31,38.3,Delivered,Standard Ground
ORD-2025-000463,6004,SES-2025-017862,20251215,49.0,0.0,7.99,4.04,61.03,Delivered,Standard Ground
ORD-2025-000464,5931,SES-2025-017955,20251008,68.0,6.8,7.99,5.61,74.8,Delivered,Standard Ground
ORD-2025-000465,1555,SES-2025-017958,20250926,99.98,10.0,0.0,8.25,98.23,Delivered,Free Standard
ORD-2025-000466,4371,SES-2025-017971,20250221,44.0,0.0,7.99,3.63,55.62,Delivered,Standard Ground
ORD-2025-000467,5084,SES-2025-018109,20250201,32.0,0.0,7.99,2.64,42.63,Delivered,Standard Ground
ORD-2025-000468,3840,SES-2025-018120,20250917,64.0,0.0,7.99,5.28,77.27,Delivered,Standard Ground
ORD-2025-000469,2347,SES-2025-018345,20250804,48.0,4.8,7.99,3.96,55.15,Delivered,Standard Ground
ORD-2025-000470,2573,SES-2025-018347,20251228,28.0,0.0,7.99,2.31,38.3,Delivered,Standard Ground
ORD-2025-000471,7635,SES-2025-018352,20250429,44.0,0.0,7.99,3.63,55.62,Delivered,Standard Ground
ORD-2025-000472,8731,SES-2025-018397,20251107,32.0,3.2,7.99,2.64,39.43,Delivered,Standard Ground
ORD-2025-000473,6001,SES-2025-018542,20250408,42.0,0.0,7.99,3.47,53.46,Delivered,Standard Ground
ORD-2025-000474,2830,SES-2025-018548,20251124,74.0,0.0,7.99,6.11,88.1,Delivered,Standard Ground
ORD-2025-000475,8437,SES-2025-018574,20250928,85.0,0.0,0.0,7.01,92.01,Delivered,Free Standard
ORD-2025-000476,3725,SES-2025-018578,20251222,110.0,0.0,0.0,9.08,119.08,Delivered,Free Standard
ORD-2025-000477,3752,SES-2025-018647,20250915,84.0,0.0,0.0,6.93,90.93,Delivered,Free Standard
ORD-2025-000478,7640,SES-2025-018879,20251217,95.0,0.0,0.0,7.84,102.84,Processing,Free Standard
ORD-2025-000479,5787,SES-2025-018930,20250612,299.99,0.0,0.0,24.75,324.74,Delivered,Free Standard
ORD-2025-000480,5373,SES-2025-019012,20250806,54.99,0.0,7.99,4.54,67.52,Delivered,Standard Ground
ORD-2025-000481,7110,SES-2025-019025,20250924,49.99,0.0,7.99,4.12,62.1,Delivered,Standard Ground
ORD-2025-000482,8555,SES-2025-019028,20250722,79.0,0.0,0.0,6.52,85.52,Delivered,Free Standard
ORD-2025-000483,1233,SES-2025-019065,20251216,29.0,2.9,7.99,2.39,36.48,Delivered,Standard Ground
ORD-2025-000484,5481,SES-2025-019164,20250827,68.0,6.8,7.99,5.61,74.8,Delivered,Standard Ground
ORD-2025-000485,5030,SES-2025-019220,20250709,28.0,0.0,7.99,2.31,38.3,Delivered,Standard Ground
ORD-2025-000486,9636,SES-2025-019383,20250919,159.98,0.0,0.0,13.2,173.18,Delivered,Free Standard
ORD-2025-000487,7956,SES-2025-019396,20251212,44.0,0.0,7.99,3.63,55.62,Delivered,Standard Ground
ORD-2025-000488,4243,SES-2025-019403,20250719,89.0,0.0,0.0,7.34,96.34,Delivered,Free Standard
ORD-2025-000489,3044,SES-2025-019423,20250828,89.0,0.0,0.0,7.34,96.34,Delivered,Free Standard
ORD-2025-000490,133,SES-2025-019447,20250103,38.0,0.0,7.99,3.14,49.13,Delivered,Standard Ground
ORD-2025-000491,6697,SES-2025-019478,20250929,74.0,0.0,7.99,6.11,88.1,Delivered,Standard Ground
ORD-2025-000492,805,SES-2025-019487,20250823,26.0,2.6,7.99,2.15,33.54,Processing,Standard Ground
ORD-2025-000493,8365,SES-2025-019510,20250921,190.0,0.0,0.0,15.68,205.68,Delivered,Free Standard
ORD-2025-000494,2938,SES-2025-019551,20250711,32.0,0.0,7.99,2.64,42.63,Delivered,Standard Ground
ORD-2025-000495,3511,SES-2025-019580,20251203,22.0,0.0,7.99,1.82,31.81,Delivered,Standard Ground
ORD-2025-000496,1852,SES-2025-019663,20250717,49.0,0.0,7.99,4.04,61.03,Delivered,Standard Ground
ORD-2025-000497,1405,SES-2025-019684,20250112,24.0,0.0,7.99,1.98,33.97,Delivered,Standard Ground
ORD-2025-000498,4160,SES-2025-019687,20250927,44.0,0.0,7.99,3.63,55.62,Delivered,Standard Ground
ORD-2025-000499,386,SES-2025-019720,20251206,89.0,0.0,0.0,7.34,96.34,Delivered,Free Standard
ORD-2025-000500,7064,SES-2025-019852,20250522,79.0,0.0,0.0,6.52,85.52,Delivered,Free Standard
ORD-2025-000501,942,SES-2025-019902,20251106,220.0,0.0,0.0,18.15,238.15,Delivered,Free Standard
ORD-2025-000502,7914,SES-2025-019963,20251014,54.99,0.0,7.99,4.54,67.52,Delivered,Standard Ground
ORD-2025-000503,2571,SES-2025-019967,20250803,139.98,0.0,0.0,11.55,151.53,Delivered,Free Standard
ORD-2025-000504,9548,SES-2025-019968,20251123,64.0,0.0,7.99,5.28,77.27,Delivered,Standard Ground
ORD-2025-000505,2629,SES-2025-020024,20251221,89.0,0.0,0.0,7.34,96.34,Delivered,Free Standard
ORD-2025-000506,9972,SES-2025-020031,20251214,24.0,0.0,7.99,1.98,33.97,Delivered,Standard Ground
ORD-2025-000507,3133,SES-2025-020058,20250706,149.99,0.0,0.0,12.37,162.36,Delivered,Free Standard
ORD-2025-000508,8189,SES-2025-020066,20250716,24.0,0.0,7.99,1.98,33.97,Delivered,Standard Ground
ORD-2025-000509,7352,SES-2025-020074,20250905,126.0,0.0,0.0,10.4,136.4,Delivered,Free Standard
ORD-2025-000510,8363,SES-2025-020076,20250129,69.99,0.0,7.99,5.77,83.75,Delivered,Standard Ground
ORD-2025-000511,108,SES-2025-020095,20250219,39.99,0.0,7.99,3.3,51.28,Delivered,Standard Ground
ORD-2025-000512,3773,SES-2025-020117,20250927,145.0,0.0,0.0,11.96,156.96,Delivered,Free Standard
ORD-2025-000513,9803,SES-2025-020152,20251207,26.0,0.0,7.99,2.15,36.14,Delivered,Standard Ground
ORD-2025-000514,9934,SES-2025-020168,20250428,52.0,0.0,7.99,4.29,64.28,Delivered,Standard Ground
ORD-2025-000515,2736,SES-2025-020175,20251127,85.0,0.0,0.0,7.01,92.01,Delivered,Free Standard
ORD-2025-000516,8446,SES-2025-020196,20251209,178.0,0.0,0.0,14.69,192.69,Delivered,Free Standard
ORD-2025-000517,6914,SES-2025-020267,20250204,48.0,0.0,7.99,3.96,59.95,Delivered,Standard Ground
ORD-2025-000518,4618,SES-2025-020292,20250830,34.0,3.4,7.99,2.81,41.4,Delivered,Standard Ground
ORD-2025-000519,6665,SES-2025-020293,20250501,158.0,0.0,0.0,13.04,171.04,Delivered,Free Standard
ORD-2025-000520,2251,SES-2025-020339,20251217,22.0,0.0,7.99,1.82,31.81,Delivered,Standard Ground
ORD-2025-000521,7363,SES-2025-020409,20250813,145.0,0.0,0.0,11.96,156.96,Delivered,Free Standard
ORD-2025-000522,6071,SES-2025-020471,20250223,44.0,0.0,7.99,3.63,55.62,Delivered,Standard Ground
ORD-2025-000523,8043,SES-2025-020490,20251228,49.0,0.0,7.99,4.04,61.03,Delivered,Standard Ground
ORD-2025-000524,3798,SES-2025-020532,20251010,32.0,0.0,7.99,2.64,42.63,Delivered,Standard Ground
ORD-2025-000525,9736,SES-2025-020568,20250410,89.99,0.0,0.0,7.42,97.41,Delivered,Free Standard
ORD-2025-000526,601,SES-2025-020570,20251207,76.0,0.0,0.0,6.27,82.27,Delivered,Free Standard
ORD-2025-000527,7421,SES-2025-020580,20250307,49.99,0.0,7.99,4.12,62.1,Delivered,Standard Ground
ORD-2025-000528,5235,SES-2025-020660,20250909,32.0,0.0,7.99,2.64,42.63,Delivered,Standard Ground
ORD-2025-000529,6850,SES-2025-020661,20250917,49.99,0.0,7.99,4.12,62.1,Delivered,Standard Ground
ORD-2025-000530,2205,SES-2025-020693,20251209,85.0,0.0,0.0,7.01,92.01,Delivered,Free Standard
ORD-2025-000531,2994,SES-2025-020720,20251211,89.0,0.0,0.0,7.34,96.34,Delivered,Free Standard
ORD-2025-000532,7338,SES-2025-020729,20250909,44.0,0.0,7.99,3.63,55.62,Processing,Standard Ground
ORD-2025-000533,3470,SES-2025-020771,20250208,299.99,0.0,0.0,24.75,324.74,Delivered,Free Standard
ORD-2025-000534,738,SES-2025-020825,20250114,38.0,0.0,7.99,3.14,49.13,Delivered,Standard Ground
ORD-2025-000535,1144,SES-2025-020853,20250916,58.0,5.8,7.99,4.79,64.98,Delivered,Standard Ground
ORD-2025-000536,4685,SES-2025-020879,20250825,48.0,0.0,7.99,3.96,59.95,Delivered,Standard Ground
ORD-2025-000537,6118,SES-2025-020910,20251122,28.0,0.0,7.99,2.31,38.3,Delivered,Standard Ground
ORD-2025-000538,3958,SES-2025-020962,20251009,136.0,0.0,0.0,11.22,147.22,Delivered,Free Standard
ORD-2025-000539,3487,SES-2025-021026,20251204,75.0,0.0,0.0,6.19,81.19,Delivered,Free Standard
ORD-2025-000540,7485,SES-2025-021038,20251008,48.0,0.0,7.99,3.96,59.95,Delivered,Standard Ground
ORD-2025-000541,6885,SES-2025-021065,20251002,69.99,0.0,7.99,5.77,83.75,Delivered,Standard Ground
ORD-2025-000542,8587,SES-2025-021127,20251028,148.0,0.0,0.0,12.21,160.21,Delivered,Free Standard
ORD-2025-000543,5347,SES-2025-021168,20251107,32.0,0.0,7.99,2.64,42.63,Delivered,Standard Ground
ORD-2025-000544,9046,SES-2025-021185,20251227,119.97,12.0,0.0,9.9,117.87,Delivered,Free Standard
ORD-2025-000545,734,SES-2025-021295,20250921,110.0,0.0,0.0,9.08,119.08,Delivered,Free Standard
ORD-2025-000546,4303,SES-2025-021301,20251222,24.0,0.0,7.99,1.98,33.97,Delivered,Standard Ground
ORD-2025-000547,6539,SES-2025-021305,20250812,32.0,0.0,7.99,2.64,42.63,Delivered,Standard Ground
ORD-2025-000548,2961,SES-2025-021378,20250807,49.0,0.0,7.99,4.04,61.03,Delivered,Standard Ground
ORD-2025-000549,7784,SES-2025-021439,20251219,109.98,11.0,0.0,9.07,108.05,Delivered,Free Standard
ORD-2025-000550,7618,SES-2025-021497,20251216,39.99,0.0,7.99,3.3,51.28,Processing,Standard Ground
ORD-2025-000551,9422,SES-2025-021528,20250408,145.0,0.0,0.0,11.96,156.96,Delivered,Free Standard
ORD-2025-000552,5143,SES-2025-021529,20250419,89.0,0.0,0.0,7.34,96.34,Delivered,Free Standard
ORD-2025-000553,3133,SES-2025-021544,20250327,25.0,0.0,7.99,2.06,35.05,Delivered,Standard Ground
ORD-2025-000554,1928,SES-2025-021561,20251105,42.0,0.0,7.99,3.47,53.46,Delivered,Standard Ground
ORD-2025-000555,5817,SES-2025-021590,20250916,24.0,0.0,7.99,1.98,33.97,Delivered,Standard Ground
ORD-2025-000556,1006,SES-2025-021603,20250530,110.0,0.0,0.0,9.08,119.08,Delivered,Free Standard
ORD-2025-000557,1828,SES-2025-021604,20250619,95.0,0.0,0.0,7.84,102.84,Delivered,Free Standard
ORD-2025-000558,5660,SES-2025-021614,20250513,109.98,0.0,0.0,9.07,119.05,Delivered,Free Standard
ORD-2025-000559,8305,SES-2025-021680,20251129,32.0,0.0,7.99,2.64,42.63,Delivered,Standard Ground
ORD-2025-000560,7985,SES-2025-021735,20251212,49.0,0.0,7.99,4.04,61.03,Delivered,Standard Ground
ORD-2025-000561,1746,SES-2025-021748,20251028,32.0,0.0,7.99,2.64,42.63,Delivered,Standard Ground
ORD-2025-000562,9728,SES-2025-021753,20250811,26.0,0.0,7.99,2.15,36.14,Delivered,Standard Ground
ORD-2025-000563,2177,SES-2025-021789,20251211,79.99,0.0,0.0,6.6,86.59,Delivered,Free Standard
ORD-2025-000564,799,SES-2025-021863,20250419,158.0,0.0,0.0,13.04,171.04,Delivered,Free Standard
ORD-2025-000565,3574,SES-2025-021865,20250919,38.0,0.0,7.99,3.14,49.13,Delivered,Standard Ground
ORD-2025-000566,2079,SES-2025-021923,20250517,74.0,0.0,7.99,6.11,88.1,Delivered,Standard Ground
ORD-2025-000567,4181,SES-2025-021948,20251118,178.0,0.0,0.0,14.69,192.69,Delivered,Free Standard
ORD-2025-000568,168,SES-2025-021957,20251129,49.0,0.0,7.99,4.04,61.03,Delivered,Standard Ground
ORD-2025-000569,8224,SES-2025-021959,20250711,32.0,0.0,7.99,2.64,42.63,Processing,Standard Ground
ORD-2025-000570,5294,SES-2025-021974,20251213,89.99,0.0,0.0,7.42,97.41,Delivered,Free Standard
ORD-2025-000571,8503,SES-2025-021978,20251214,39.99,0.0,7.99,3.3,51.28,Delivered,Standard Ground
ORD-2025-000572,4598,SES-2025-022183,20250906,49.0,0.0,7.99,4.04,61.03,Delivered,Standard Ground
ORD-2025-000573,4695,SES-2025-022195,20250623,110.0,0.0,0.0,9.08,119.08,Delivered,Free Standard
ORD-2025-000574,9831,SES-2025-022208,20251122,44.0,0.0,7.99,3.63,55.62,Delivered,Standard Ground
ORD-2025-000575,2965,SES-2025-022287,20251213,145.0,14.5,0.0,11.96,142.46,Delivered,Free Standard
ORD-2025-000576,2097,SES-2025-022332,20250630,48.0,0.0,7.99,3.96,59.95,Delivered,Standard Ground
ORD-2025-000577,7886,SES-2025-022342,20251212,48.0,0.0,7.99,3.96,59.95,Delivered,Standard Ground
ORD-2025-000578,1324,SES-2025-022359,20251109,28.0,0.0,7.99,2.31,38.3,Delivered,Standard Ground
ORD-2025-000579,7315,SES-2025-022362,20250921,98.0,0.0,0.0,8.09,106.09,Delivered,Free Standard
ORD-2025-000580,7317,SES-2025-022373,20250726,22.0,0.0,7.99,1.82,31.81,Delivered,Standard Ground
ORD-2025-000581,3679,SES-2025-022391,20250310,25.0,0.0,7.99,2.06,35.05,Delivered,Standard Ground
ORD-2025-000582,9601,SES-2025-022411,20251231,25.0,0.0,7.99,2.06,35.05,Delivered,Standard Ground
ORD-2025-000583,7314,SES-2025-022417,20250826,299.99,30.0,0.0,24.75,294.74,Delivered,Free Standard
ORD-2025-000584,9122,SES-2025-022422,20251125,79.0,0.0,0.0,6.52,85.52,Delivered,Free Standard
ORD-2025-000585,4551,SES-2025-022431,20250717,149.99,0.0,0.0,12.37,162.36,Processing,Free Standard
ORD-2025-000586,8872,SES-2025-022452,20250226,290.0,29.0,0.0,23.93,284.93,Delivered,Free Standard
ORD-2025-000587,2992,SES-2025-022503,20250705,34.0,3.4,7.99,2.81,41.4,Delivered,Standard Ground
ORD-2025-000588,5315,SES-2025-022599,20251017,68.0,0.0,7.99,5.61,81.6,Delivered,Standard Ground
ORD-2025-000589,9380,SES-2025-022624,20250219,44.0,0.0,7.99,3.63,55.62,Delivered,Standard Ground
ORD-2025-000590,8565,SES-2025-022626,20250921,44.0,0.0,7.99,3.63,55.62,Delivered,Standard Ground
ORD-2025-000591,8166,SES-2025-022683,20250917,110.0,0.0,0.0,9.08,119.08,Delivered,Free Standard
ORD-2025-000592,9615,SES-2025-022704,20250430,24.0,0.0,7.99,1.98,33.97,Delivered,Standard Ground
ORD-2025-000593,1690,SES-2025-022726,20250826,68.0,0.0,7.99,5.61,81.6,Delivered,Standard Ground
ORD-2025-000594,7510,SES-2025-022741,20251121,64.0,0.0,7.99,5.28,77.27,Delivered,Standard Ground
ORD-2025-000595,3539,SES-2025-022772,20250918,149.99,15.0,0.0,12.37,147.36,Delivered,Free Standard
ORD-2025-000596,941,SES-2025-022843,20250518,32.0,0.0,7.99,2.64,42.63,Delivered,Standard Ground
ORD-2025-000597,7605,SES-2025-022946,20250408,25.0,0.0,7.99,2.06,35.05,Delivered,Standard Ground
ORD-2025-000598,8498,SES-2025-022971,20251014,74.0,0.0,7.99,6.11,88.1,Delivered,Standard Ground
ORD-2025-000599,3282,SES-2025-022973,20251209,89.0,0.0,0.0,7.34,96.34,Delivered,Free Standard
ORD-2025-000600,4924,SES-2025-022980,20250626,79.0,0.0,0.0,6.52,85.52,Delivered,Free Standard
ORD-2025-000601,8147,SES-2025-022982,20251225,32.0,0.0,7.99,2.64,42.63,Delivered,Standard Ground
ORD-2025-000602,445,SES-2025-023028,20250810,28.0,0.0,7.99,2.31,38.3,Delivered,Standard Ground
ORD-2025-000603,9612,SES-2025-023053,20251204,79.0,0.0,0.0,6.52,85.52,Delivered,Free Standard
ORD-2025-000604,5108,SES-2025-023109,20250208,178.0,0.0,0.0,14.69,192.69,Processing,Free Standard
ORD-2025-000605,9373,SES-2025-023157,20251203,95.0,0.0,0.0,7.84,102.84,Delivered,Free Standard
ORD-2025-000606,4470,SES-2025-023192,20251218,42.0,0.0,7.99,3.47,53.46,Delivered,Standard Ground
ORD-2025-000607,1717,SES-2025-023242,20250201,299.98,0.0,0.0,24.75,324.73,Delivered,Free Standard
ORD-2025-000608,8293,SES-2025-023248,20251109,145.0,0.0,0.0,11.96,156.96,Delivered,Free Standard
ORD-2025-000609,4497,SES-2025-023281,20251224,85.0,0.0,0.0,7.01,92.01,Delivered,Free Standard
ORD-2025-000610,2717,SES-2025-023305,20250922,84.0,0.0,0.0,6.93,90.93,Delivered,Free Standard
ORD-2025-000611,922,SES-2025-023356,20250925,26.0,0.0,7.99,2.15,36.14,Delivered,Standard Ground
ORD-2025-000612,5929,SES-2025-023367,20251210,28.0,0.0,7.99,2.31,38.3,Delivered,Standard Ground
ORD-2025-000613,6208,SES-2025-023391,20250621,29.0,0.0,7.99,2.39,39.38,Processing,Standard Ground
ORD-2025-000614,5842,SES-2025-023407,20251130,56.0,5.6,7.99,4.62,63.01,Delivered,Standard Ground
ORD-2025-000615,6811,SES-2025-023413,20251016,39.99,0.0,7.99,3.3,51.28,Delivered,Standard Ground
ORD-2025-000616,4892,SES-2025-023427,20250314,145.0,0.0,0.0,11.96,156.96,Delivered,Free Standard
ORD-2025-000617,6952,SES-2025-023443,20250322,54.99,0.0,7.99,4.54,67.52,Delivered,Standard Ground
ORD-2025-000618,3096,SES-2025-023444,20251231,349.0,34.9,0.0,28.79,342.89,Delivered,Free Standard
ORD-2025-000619,5934,SES-2025-023508,20251226,89.0,0.0,0.0,7.34,96.34,Delivered,Free Standard
ORD-2025-000620,2546,SES-2025-023524,20250623,349.0,0.0,0.0,28.79,377.79,Processing,Free Standard
ORD-2025-000621,8691,SES-2025-023548,20250524,109.98,11.0,0.0,9.07,108.05,Delivered,Free Standard
ORD-2025-000622,2011,SES-2025-023575,20251112,148.0,14.8,0.0,12.21,145.41,Delivered,Free Standard
ORD-2025-000623,8862,SES-2025-023577,20251031,145.0,14.5,0.0,11.96,142.46,Delivered,Free Standard
ORD-2025-000624,6530,SES-2025-023580,20250128,49.99,0.0,7.99,4.12,62.1,Delivered,Standard Ground
ORD-2025-000625,8407,SES-2025-023596,20251225,64.0,6.4,7.99,5.28,70.87,Delivered,Standard Ground
ORD-2025-000626,9187,SES-2025-023600,20250922,89.0,0.0,0.0,7.34,96.34,Delivered,Free Standard
ORD-2025-000627,2495,SES-2025-023684,20251116,209.97,21.0,0.0,17.32,206.29,Processing,Free Standard
ORD-2025-000628,2464,SES-2025-023704,20250821,49.0,0.0,7.99,4.04,61.03,Delivered,Standard Ground
ORD-2025-000629,6681,SES-2025-023750,20250616,95.0,9.5,0.0,7.84,93.34,Delivered,Free Standard
ORD-2025-000630,5216,SES-2025-023783,20250528,28.0,0.0,7.99,2.31,38.3,Processing,Standard Ground
ORD-2025-000631,254,SES-2025-023801,20250304,24.0,0.0,7.99,1.98,33.97,Delivered,Standard Ground
ORD-2025-000632,5044,SES-2025-023842,20251112,85.0,0.0,0.0,7.01,92.01,Delivered,Free Standard
ORD-2025-000633,738,SES-2025-023935,20251122,22.0,0.0,7.99,1.82,31.81,Delivered,Standard Ground
ORD-2025-000634,8952,SES-2025-023983,20250913,237.0,23.7,0.0,19.55,232.85,Delivered,Free Standard
ORD-2025-000635,5736,SES-2025-024017,20250910,44.0,4.4,7.99,3.63,51.22,Delivered,Standard Ground
ORD-2025-000636,6886,SES-2025-024048,20251208,34.0,3.4,7.99,2.81,41.4,Delivered,Standard Ground
ORD-2025-000637,7234,SES-2025-024060,20250221,52.0,5.2,7.99,4.29,59.08,Delivered,Standard Ground
ORD-2025-000638,2860,SES-2025-024101,20250821,1047.0,0.0,0.0,86.38,1133.38,Delivered,Free Standard
ORD-2025-000639,5538,SES-2025-024116,20250929,349.0,0.0,0.0,28.79,377.79,Delivered,Free Standard
ORD-2025-000640,3258,SES-2025-024145,20250107,74.0,0.0,7.99,6.11,88.1,Delivered,Standard Ground
ORD-2025-000641,9703,SES-2025-024154,20251210,299.99,0.0,0.0,24.75,324.74,Delivered,Free Standard
ORD-2025-000642,7843,SES-2025-024165,20250709,28.0,0.0,7.99,2.31,38.3,Delivered,Standard Ground
ORD-2025-000643,1141,SES-2025-024237,20251025,349.0,0.0,0.0,28.79,377.79,Processing,Free Standard
ORD-2025-000644,3613,SES-2025-024273,20251117,34.0,0.0,7.99,2.81,44.8,Delivered,Standard Ground
ORD-2025-000645,1651,SES-2025-024298,20251030,220.0,22.0,0.0,18.15,216.15,Processing,Free Standard
ORD-2025-000646,8090,SES-2025-024373,20251222,26.0,2.6,7.99,2.15,33.54,Delivered,Standard Ground
ORD-2025-000647,847,SES-2025-024412,20251219,28.0,0.0,7.99,2.31,38.3,Delivered,Standard Ground
ORD-2025-000648,9363,SES-2025-024497,20250516,79.0,0.0,0.0,6.52,85.52,Delivered,Free Standard
ORD-2025-000649,6056,SES-2025-024525,20251223,58.0,0.0,7.99,4.79,70.78,Delivered,Standard Ground
ORD-2025-000650,1213,SES-2025-024544,20250124,79.0,7.9,0.0,6.52,77.62,Delivered,Free Standard
ORD-2025-000651,3392,SES-2025-024551,20250714,44.0,4.4,7.99,3.63,51.22,Delivered,Standard Ground
ORD-2025-000652,8495,SES-2025-024568,20250319,136.0,13.6,0.0,11.22,133.62,Processing,Free Standard
ORD-2025-000653,9532,SES-2025-024647,20250503,89.0,0.0,0.0,7.34,96.34,Delivered,Free Standard
ORD-2025-000654,2662,SES-2025-024650,20251120,48.0,0.0,7.99,3.96,59.95,Delivered,Standard Ground
ORD-2025-000655,1738,SES-2025-024727,20250712,79.0,0.0,0.0,6.52,85.52,Delivered,Free Standard
ORD-2025-000656,3537,SES-2025-024731,20251219,64.0,0.0,7.99,5.28,77.27,Delivered,Standard Ground
ORD-2025-000657,1627,SES-2025-024741,20250824,69.99,0.0,7.99,5.77,83.75,Delivered,Standard Ground
ORD-2025-000658,8059,SES-2025-024813,20250820,49.99,5.0,7.99,4.12,57.1,Delivered,Standard Ground
ORD-2025-000659,9912,SES-2025-024823,20250322,147.0,0.0,0.0,12.13,159.13,Delivered,Free Standard
ORD-2025-000660,6580,SES-2025-024856,20250104,22.0,0.0,7.99,1.82,31.81,Delivered,Standard Ground
ORD-2025-000661,5990,SES-2025-024891,20251202,32.0,0.0,7.99,2.64,42.63,Delivered,Standard Ground
ORD-2025-000662,8266,SES-2025-024944,20250330,25.0,2.5,7.99,2.06,32.55,Delivered,Standard Ground
ORD-2025-000663,5778,SES-2025-024978,20250521,64.0,0.0,7.99,5.28,77.27,Delivered,Standard Ground
ORD-2025-000664,9079,SES-2025-024991,20251113,99.98,10.0,0.0,8.25,98.23,Delivered,Free Standard
ORD-2025-000665,9750,SES-2025-025008,20250330,48.0,0.0,7.99,3.96,59.95,Processing,Standard Ground
ORD-2025-000666,1121,SES-2025-025017,20251231,32.0,0.0,7.99,2.64,42.63,Delivered,Standard Ground
ORD-2025-000667,9416,SES-2025-025042,20250509,170.0,0.0,0.0,14.03,184.03,Delivered,Free Standard
ORD-2025-000668,6346,SES-2025-025077,20251123,84.0,0.0,0.0,6.93,90.93,Delivered,Free Standard
ORD-2025-000669,9189,SES-2025-025094,20251225,145.0,0.0,0.0,11.96,156.96,Delivered,Free Standard
ORD-2025-000670,1873,SES-2025-025146,20251124,85.0,0.0,0.0,7.01,92.01,Delivered,Free Standard
ORD-2025-000671,9895,SES-2025-025157,20250121,95.0,0.0,0.0,7.84,102.84,Delivered,Free Standard
ORD-2025-000672,4453,SES-2025-025208,20251026,79.0,0.0,0.0,6.52,85.52,Delivered,Free Standard
ORD-2025-000673,5645,SES-2025-025211,20251027,68.0,6.8,7.99,5.61,74.8,Delivered,Standard Ground
ORD-2025-000674,2969,SES-2025-025338,20250828,38.0,0.0,7.99,3.14,49.13,Delivered,Standard Ground
ORD-2025-000675,4972,SES-2025-025433,20251228,38.0,0.0,7.99,3.14,49.13,Delivered,Standard Ground
ORD-2025-000676,1001,SES-2025-025434,20250524,58.0,0.0,7.99,4.79,70.78,Delivered,Standard Ground
ORD-2025-000677,1683,SES-2025-025470,20251017,126.0,12.6,0.0,10.4,123.8,Delivered,Free Standard
ORD-2025-000678,2087,SES-2025-025512,20250705,42.0,0.0,7.99,3.47,53.46,Delivered,Standard Ground
ORD-2025-000679,1044,SES-2025-025523,20250725,32.0,0.0,7.99,2.64,42.63,Delivered,Standard Ground
ORD-2025-000680,9275,SES-2025-025631,20250330,349.0,0.0,0.0,28.79,377.79,Delivered,Free Standard
ORD-2025-000681,6465,SES-2025-025633,20251001,42.0,0.0,7.99,3.47,53.46,Delivered,Standard Ground
ORD-2025-000682,5723,SES-2025-025649,20250905,44.0,4.4,7.99,3.63,51.22,Delivered,Standard Ground
ORD-2025-000683,691,SES-2025-025662,20251122,52.0,0.0,7.99,4.29,64.28,Delivered,Standard Ground
ORD-2025-000684,1057,SES-2025-025746,20250524,32.0,0.0,7.99,2.64,42.63,Delivered,Standard Ground
ORD-2025-000685,1946,SES-2025-025802,20251224,158.0,15.8,0.0,13.04,155.24,Processing,Free Standard
ORD-2025-000686,6584,SES-2025-025889,20251118,136.0,0.0,0.0,11.22,147.22,Delivered,Free Standard
ORD-2025-000687,9770,SES-2025-025897,20251002,58.0,0.0,7.99,4.79,70.78,Delivered,Standard Ground
ORD-2025-000688,8767,SES-2025-025977,20250926,25.0,0.0,7.99,2.06,35.05,Delivered,Standard Ground
ORD-2025-000689,236,SES-2025-026009,20250810,89.0,0.0,0.0,7.34,96.34,Delivered,Free Standard
ORD-2025-000690,3503,SES-2025-026019,20251202,178.0,0.0,0.0,14.69,192.69,Delivered,Free Standard
ORD-2025-000691,2583,SES-2025-026024,20251219,42.0,4.2,7.99,3.47,49.26,Delivered,Standard Ground
ORD-2025-000692,4046,SES-2025-026105,20250528,84.0,0.0,0.0,6.93,90.93,Delivered,Free Standard
ORD-2025-000693,7513,SES-2025-026121,20251109,109.98,0.0,0.0,9.07,119.05,Delivered,Free Standard
ORD-2025-000694,7910,SES-2025-026129,20250611,26.0,0.0,7.99,2.15,36.14,Delivered,Standard Ground
ORD-2025-000695,5872,SES-2025-026167,20250401,42.0,0.0,7.99,3.47,53.46,Delivered,Standard Ground
ORD-2025-000696,1439,SES-2025-026194,20251129,89.99,0.0,0.0,7.42,97.41,Processing,Free Standard
ORD-2025-000697,9553,SES-2025-026202,20250726,38.0,0.0,7.99,3.14,49.13,Delivered,Standard Ground
ORD-2025-000698,1907,SES-2025-026228,20251231,349.0,0.0,0.0,28.79,377.79,Delivered,Free Standard
ORD-2025-000699,7273,SES-2025-026307,20251126,299.99,0.0,0.0,24.75,324.74,Delivered,Free Standard
ORD-2025-000700,5471,SES-2025-026318,20251117,50.0,5.0,7.99,4.12,57.11,Delivered,Standard Ground
ORD-2025-000701,5688,SES-2025-026331,20251122,26.0,0.0,7.99,2.15,36.14,Delivered,Standard Ground
ORD-2025-000702,2777,SES-2025-026476,20251215,68.0,0.0,7.99,5.61,81.6,Delivered,Standard Ground
ORD-2025-000703,4430,SES-2025-026586,20251216,22.0,0.0,7.99,1.82,31.81,Delivered,Standard Ground
ORD-2025-000704,8017,SES-2025-026598,20250526,44.0,0.0,7.99,3.63,55.62,Delivered,Standard Ground
ORD-2025-000705,2800,SES-2025-026630,20250909,49.99,5.0,7.99,4.12,57.1,Delivered,Standard Ground
ORD-2025-000706,6905,SES-2025-026634,20251010,79.0,0.0,0.0,6.52,85.52,Delivered,Free Standard
ORD-2025-000707,2048,SES-2025-026670,20250221,25.0,0.0,7.99,2.06,35.05,Delivered,Standard Ground
ORD-2025-000708,5855,SES-2025-026675,20250402,74.0,0.0,7.99,6.11,88.1,Delivered,Standard Ground
ORD-2025-000709,3426,SES-2025-026680,20251214,32.0,0.0,7.99,2.64,42.63,Delivered,Standard Ground
ORD-2025-000710,8573,SES-2025-026730,20251016,28.0,0.0,7.99,2.31,38.3,Delivered,Standard Ground
ORD-2025-000711,185,SES-2025-026797,20250403,269.97,0.0,0.0,22.27,292.24,Delivered,Free Standard
ORD-2025-000712,8177,SES-2025-026900,20250226,56.0,0.0,7.99,4.62,68.61,Delivered,Standard Ground
ORD-2025-000713,498,SES-2025-026927,20250101,148.0,0.0,0.0,12.21,160.21,Delivered,Free Standard
ORD-2025-000714,7496,SES-2025-026941,20251010,149.97,0.0,0.0,12.37,162.34,Delivered,Free Standard
ORD-2025-000715,4788,SES-2025-027115,20251221,48.0,0.0,7.99,3.96,59.95,Delivered,Standard Ground
ORD-2025-000716,1451,SES-2025-027141,20250822,22.0,0.0,7.99,1.82,31.81,Delivered,Standard Ground
ORD-2025-000717,5985,SES-2025-027257,20250812,44.0,0.0,7.99,3.63,55.62,Processing,Standard Ground
ORD-2025-000718,6267,SES-2025-027340,20251021,44.0,4.4,7.99,3.63,51.22,Delivered,Standard Ground
ORD-2025-000719,6345,SES-2025-027361,20251117,110.0,0.0,0.0,9.08,119.08,Delivered,Free Standard
ORD-2025-000720,8239,SES-2025-027453,20251012,38.0,0.0,7.99,3.14,49.13,Delivered,Standard Ground
ORD-2025-000721,4814,SES-2025-027560,20251219,69.99,0.0,7.99,5.77,83.75,Delivered,Standard Ground
ORD-2025-000722,3391,SES-2025-027589,20250906,290.0,0.0,0.0,23.93,313.93,Delivered,Free Standard
ORD-2025-000723,9761,SES-2025-027656,20251014,24.0,2.4,7.99,1.98,31.57,Delivered,Standard Ground
ORD-2025-000724,6505,SES-2025-027724,20250816,28.0,2.8,7.99,2.31,35.5,Delivered,Standard Ground
ORD-2025-000725,6278,SES-2025-027731,20250105,66.0,0.0,7.99,5.45,79.44,Delivered,Standard Ground
ORD-2025-000726,4279,SES-2025-027764,20250217,89.0,0.0,0.0,7.34,96.34,Delivered,Free Standard
ORD-2025-000727,8967,SES-2025-027775,20251117,79.0,0.0,0.0,6.52,85.52,Delivered,Free Standard
ORD-2025-000728,6033,SES-2025-027814,20251229,56.0,0.0,7.99,4.62,68.61,Delivered,Standard Ground
ORD-2025-000729,8264,SES-2025-027933,20251029,26.0,0.0,7.99,2.15,36.14,Delivered,Standard Ground
ORD-2025-000730,8239,SES-2025-027968,20250204,26.0,0.0,7.99,2.15,36.14,Delivered,Standard Ground
ORD-2025-000731,3953,SES-2025-027995,20250718,239.97,0.0,0.0,19.8,259.77,Delivered,Free Standard
ORD-2025-000732,7521,SES-2025-028022,20250105,435.0,0.0,0.0,35.89,470.89,Delivered,Free Standard
ORD-2025-000733,2670,SES-2025-028153,20251026,145.0,0.0,0.0,11.96,156.96,Delivered,Free Standard
ORD-2025-000734,9126,SES-2025-028176,20250913,38.0,0.0,7.99,3.14,49.13,Delivered,Standard Ground
ORD-2025-000735,832,SES-2025-028188,20251210,79.99,0.0,0.0,6.6,86.59,Delivered,Free Standard
ORD-2025-000736,9220,SES-2025-028203,20250526,29.0,0.0,7.99,2.39,39.38,Delivered,Standard Ground
ORD-2025-000737,6371,SES-2025-028282,20250628,114.0,0.0,0.0,9.41,123.41,Delivered,Free Standard
ORD-2025-000738,1094,SES-2025-028334,20250917,79.0,0.0,0.0,6.52,85.52,Delivered,Free Standard
ORD-2025-000739,5695,SES-2025-028338,20250416,25.0,0.0,7.99,2.06,35.05,Delivered,Standard Ground
ORD-2025-000740,5308,SES-2025-028362,20250520,220.0,22.0,0.0,18.15,216.15,Delivered,Free Standard
ORD-2025-000741,5187,SES-2025-028477,20251026,98.0,0.0,0.0,8.09,106.09,Delivered,Free Standard
ORD-2025-000742,4801,SES-2025-028489,20251204,209.97,0.0,0.0,17.32,227.29,Delivered,Free Standard
ORD-2025-000743,2168,SES-2025-028538,20250616,25.0,0.0,7.99,2.06,35.05,Delivered,Standard Ground
ORD-2025-000744,6461,SES-2025-028580,20250517,79.98,0.0,0.0,6.6,86.58,Delivered,Free Standard
ORD-2025-000745,2959,SES-2025-028638,20251215,698.0,0.0,0.0,57.59,755.59,Delivered,Free Standard
ORD-2025-000746,1300,SES-2025-028650,20251209,28.0,2.8,7.99,2.31,35.5,Delivered,Standard Ground
ORD-2025-000747,9237,SES-2025-028660,20251114,89.0,8.9,0.0,7.34,87.44,Delivered,Free Standard
ORD-2025-000748,2452,SES-2025-028684,20250726,89.99,0.0,0.0,7.42,97.41,Processing,Free Standard
ORD-2025-000749,5925,SES-2025-028730,20250802,26.0,0.0,7.99,2.15,36.14,Delivered,Standard Ground
ORD-2025-000750,6951,SES-2025-028732,20251226,29.0,0.0,7.99,2.39,39.38,Delivered,Standard Ground
ORD-2025-000751,2460,SES-2025-028735,20250930,89.0,0.0,0.0,7.34,96.34,Delivered,Free Standard
ORD-2025-000752,3269,SES-2025-028765,20251016,44.0,0.0,7.99,3.63,55.62,Delivered,Standard Ground
ORD-2025-000753,9233,SES-2025-028772,20251201,28.0,0.0,7.99,2.31,38.3,Delivered,Standard Ground
ORD-2025-000754,5175,SES-2025-028785,20250717,69.99,7.0,7.99,5.77,76.75,Processing,Standard Ground
ORD-2025-000755,6019,SES-2025-028846,20250802,68.0,0.0,7.99,5.61,81.6,Delivered,Standard Ground
ORD-2025-000756,8934,SES-2025-029020,20250714,32.0,0.0,7.99,2.64,42.63,Delivered,Standard Ground
ORD-2025-000757,9884,SES-2025-029021,20251002,39.99,0.0,7.99,3.3,51.28,Delivered,Standard Ground
ORD-2025-000758,1748,SES-2025-029045,20251209,698.0,0.0,0.0,57.59,755.59,Delivered,Free Standard
ORD-2025-000759,6765,SES-2025-029111,20251012,79.0,0.0,0.0,6.52,85.52,Delivered,Free Standard
ORD-2025-000760,6874,SES-2025-029126,20251104,79.0,7.9,0.0,6.52,77.62,Delivered,Free Standard
ORD-2025-000761,3129,SES-2025-029138,20251201,74.0,0.0,7.99,6.11,88.1,Delivered,Standard Ground
ORD-2025-000762,9714,SES-2025-029166,20251111,96.0,0.0,0.0,7.92,103.92,Delivered,Free Standard
ORD-2025-000763,5183,SES-2025-029203,20250212,39.99,4.0,7.99,3.3,47.28,Delivered,Standard Ground
ORD-2025-000764,9493,SES-2025-029206,20251014,44.0,0.0,7.99,3.63,55.62,Processing,Standard Ground
ORD-2025-000765,2882,SES-2025-029220,20251025,32.0,0.0,7.99,2.64,42.63,Delivered,Standard Ground
ORD-2025-000766,8003,SES-2025-029234,20251022,39.99,0.0,7.99,3.3,51.28,Delivered,Standard Ground
ORD-2025-000767,1591,SES-2025-029244,20250327,24.0,0.0,7.99,1.98,33.97,Delivered,Standard Ground
ORD-2025-000768,4853,SES-2025-029254,20250920,54.99,0.0,7.99,4.54,67.52,Delivered,Standard Ground
ORD-2025-000769,5963,SES-2025-029255,20251205,136.0,0.0,0.0,11.22,147.22,Delivered,Free Standard
ORD-2025-000770,1258,SES-2025-029261,20250724,89.0,8.9,0.0,7.34,87.44,Delivered,Free Standard
ORD-2025-000771,4942,SES-2025-029304,20250804,170.0,17.0,0.0,14.03,167.03,Delivered,Free Standard
ORD-2025-000772,5670,SES-2025-029326,20250904,64.0,0.0,7.99,5.28,77.27,Delivered,Standard Ground
ORD-2025-000773,5393,SES-2025-029386,20251220,44.0,0.0,7.99,3.63,55.62,Delivered,Standard Ground
ORD-2025-000774,5006,SES-2025-029407,20251217,32.0,0.0,7.99,2.64,42.63,Processing,Standard Ground
ORD-2025-000775,1263,SES-2025-029452,20250915,48.0,4.8,7.99,3.96,55.15,Delivered,Standard Ground
ORD-2025-000776,4492,SES-2025-029465,20250211,32.0,0.0,7.99,2.64,42.63,Delivered,Standard Ground
ORD-2025-000777,5696,SES-2025-029553,20251128,68.0,0.0,7.99,5.61,81.6,Delivered,Standard Ground
ORD-2025-000778,9862,SES-2025-029594,20250929,68.0,0.0,7.99,5.61,81.6,Delivered,Standard Ground
ORD-2025-000779,1548,SES-2025-029611,20250731,44.0,0.0,7.99,3.63,55.62,Delivered,Standard Ground
ORD-2025-000780,5480,SES-2025-029774,20250810,179.98,0.0,0.0,14.85,194.83,Delivered,Free Standard
ORD-2025-000781,460,SES-2025-029832,20250805,25.0,0.0,7.99,2.06,35.05,Delivered,Standard Ground
ORD-2025-000782,1543,SES-2025-029865,20250922,32.0,0.0,7.99,2.64,42.63,Delivered,Standard Ground
ORD-2025-000783,9620,SES-2025-029880,20250912,88.0,0.0,0.0,7.26,95.26,Delivered,Free Standard
ORD-2025-000784,2436,SES-2025-029894,20250428,22.0,0.0,7.99,1.82,31.81,Delivered,Standard Ground
ORD-2025-000785,6080,SES-2025-029944,20251119,54.99,0.0,7.99,4.54,67.52,Delivered,Standard Ground
ORD-2025-000786,9594,SES-2025-030023,20250604,54.99,0.0,7.99,4.54,67.52,Delivered,Standard Ground
ORD-2025-000787,6668,SES-2025-030037,20251129,50.0,0.0,7.99,4.12,62.11,Delivered,Standard Ground
ORD-2025-000788,3613,SES-2025-030054,20251222,95.0,0.0,0.0,7.84,102.84,Delivered,Free Standard
ORD-2025-000789,7914,SES-2025-030056,20250922,349.0,0.0,0.0,28.79,377.79,Delivered,Free Standard
ORD-2025-000790,4154,SES-2025-030058,20250924,34.0,0.0,7.99,2.81,44.8,Delivered,Standard Ground
ORD-2025-000791,2159,SES-2025-030111,20251225,32.0,0.0,7.99,2.64,42.63,Delivered,Standard Ground
ORD-2025-000792,623,SES-2025-030183,20251203,26.0,0.0,7.99,2.15,36.14,Delivered,Standard Ground
ORD-2025-000793,4687,SES-2025-030218,20251016,32.0,0.0,7.99,2.64,42.63,Processing,Standard Ground
ORD-2025-000794,9308,SES-2025-030220,20251114,28.0,0.0,7.99,2.31,38.3,Processing,Standard Ground
ORD-2025-000795,1007,SES-2025-030265,20250820,44.0,4.4,7.99,3.63,51.22,Delivered,Standard Ground
ORD-2025-000796,342,SES-2025-030289,20251108,110.0,11.0,0.0,9.08,108.08,Delivered,Free Standard
ORD-2025-000797,4191,SES-2025-030316,20251029,26.0,2.6,7.99,2.15,33.54,Processing,Standard Ground
ORD-2025-000798,8391,SES-2025-030317,20250824,290.0,0.0,0.0,23.93,313.93,Delivered,Free Standard
ORD-2025-000799,857,SES-2025-030346,20251212,237.0,0.0,0.0,19.55,256.55,Delivered,Free Standard
ORD-2025-000800,2973,SES-2025-030380,20250129,34.0,0.0,7.99,2.81,44.8,Delivered,Standard Ground
ORD-2025-000801,3194,SES-2025-030402,20251107,68.0,0.0,7.99,5.61,81.6,Delivered,Standard Ground
ORD-2025-000802,239,SES-2025-030430,20251228,89.0,8.9,0.0,7.34,87.44,Delivered,Free Standard
ORD-2025-000803,300,SES-2025-030473,20251001,22.0,0.0,7.99,1.82,31.81,Delivered,Standard Ground
ORD-2025-000804,9326,SES-2025-030475,20251001,68.0,0.0,7.99,5.61,81.6,Delivered,Standard Ground
ORD-2025-000805,9740,SES-2025-030481,20251204,88.0,0.0,0.0,7.26,95.26,Delivered,Free Standard
ORD-2025-000806,185,SES-2025-030502,20250424,698.0,0.0,0.0,57.59,755.59,Delivered,Free Standard
ORD-2025-000807,4325,SES-2025-030517,20250822,48.0,0.0,7.99,3.96,59.95,Delivered,Standard Ground
ORD-2025-000808,245,SES-2025-030556,20251009,76.0,0.0,0.0,6.27,82.27,Processing,Free Standard
ORD-2025-000809,9567,SES-2025-030559,20250104,190.0,19.0,0.0,15.68,186.68,Delivered,Free Standard
ORD-2025-000810,4891,SES-2025-030563,20250827,79.98,0.0,0.0,6.6,86.58,Processing,Free Standard
ORD-2025-000811,8755,SES-2025-030600,20251221,79.0,7.9,0.0,6.52,77.62,Delivered,Free Standard
ORD-2025-000812,6487,SES-2025-030620,20251114,44.0,0.0,7.99,3.63,55.62,Delivered,Standard Ground
ORD-2025-000813,550,SES-2025-030632,20250801,29.0,2.9,7.99,2.39,36.48,Delivered,Standard Ground
ORD-2025-000814,2042,SES-2025-030637,20250327,68.0,0.0,7.99,5.61,81.6,Delivered,Standard Ground
ORD-2025-000815,3203,SES-2025-030652,20250103,49.99,0.0,7.99,4.12,62.1,Delivered,Standard Ground
ORD-2025-000816,6567,SES-2025-030653,20251125,349.0,0.0,0.0,28.79,377.79,Delivered,Free Standard
ORD-2025-000817,8945,SES-2025-030682,20251022,96.0,0.0,0.0,7.92,103.92,Processing,Free Standard
ORD-2025-000818,2517,SES-2025-030749,20251218,28.0,0.0,7.99,2.31,38.3,Delivered,Standard Ground
ORD-2025-000819,8592,SES-2025-030820,20250812,22.0,0.0,7.99,1.82,31.81,Delivered,Standard Ground
ORD-2025-000820,7518,SES-2025-030890,20250424,44.0,0.0,7.99,3.63,55.62,Delivered,Standard Ground
ORD-2025-000821,458,SES-2025-030894,20251117,25.0,0.0,7.99,2.06,35.05,Delivered,Standard Ground
ORD-2025-000822,5523,SES-2025-030933,20251031,79.0,0.0,0.0,6.52,85.52,Delivered,Free Standard
ORD-2025-000823,717,SES-2025-030956,20250510,119.97,0.0,0.0,9.9,129.87,Delivered,Free Standard
ORD-2025-000824,5933,SES-2025-030965,20251129,299.99,0.0,0.0,24.75,324.74,Delivered,Free Standard
ORD-2025-000825,750,SES-2025-030988,20251228,39.99,4.0,7.99,3.3,47.28,Delivered,Standard Ground
ORD-2025-000826,954,SES-2025-030999,20251120,52.0,0.0,7.99,4.29,64.28,Delivered,Standard Ground
ORD-2025-000827,937,SES-2025-031005,20250521,32.0,0.0,7.99,2.64,42.63,Delivered,Standard Ground
ORD-2025-000828,176,SES-2025-031054,20251124,29.0,0.0,7.99,2.39,39.38,Delivered,Standard Ground
ORD-2025-000829,6702,SES-2025-031061,20250512,68.0,0.0,7.99,5.61,81.6,Delivered,Standard Ground
ORD-2025-000830,6973,SES-2025-031091,20251220,49.99,5.0,7.99,4.12,57.1,Delivered,Standard Ground
ORD-2025-000831,76,SES-2025-031172,20250728,299.98,0.0,0.0,24.75,324.73,Delivered,Free Standard
ORD-2025-000832,6740,SES-2025-031181,20251204,149.99,0.0,0.0,12.37,162.36,Processing,Free Standard
ORD-2025-000833,1066,SES-2025-031200,20251114,190.0,19.0,0.0,15.68,186.68,Delivered,Free Standard
ORD-2025-000834,5802,SES-2025-031233,20250123,178.0,0.0,0.0,14.69,192.69,Delivered,Free Standard
ORD-2025-000835,8794,SES-2025-031246,20250924,85.0,8.5,0.0,7.01,83.51,Delivered,Free Standard
ORD-2025-000836,3651,SES-2025-031260,20251027,48.0,0.0,7.99,3.96,59.95,Delivered,Standard Ground
ORD-2025-000837,8791,SES-2025-031276,20250311,85.0,0.0,0.0,7.01,92.01,Delivered,Free Standard
ORD-2025-000838,5032,SES-2025-031277,20251006,32.0,0.0,7.99,2.64,42.63,Delivered,Standard Ground
ORD-2025-000839,3217,SES-2025-031287,20251123,69.99,0.0,7.99,5.77,83.75,Delivered,Standard Ground
ORD-2025-000840,8615,SES-2025-031312,20250312,89.0,0.0,0.0,7.34,96.34,Delivered,Free Standard
ORD-2025-000841,5517,SES-2025-031370,20251101,84.0,0.0,0.0,6.93,90.93,Delivered,Free Standard
ORD-2025-000842,297,SES-2025-031404,20250716,22.0,0.0,7.99,1.82,31.81,Delivered,Standard Ground
ORD-2025-000843,5130,SES-2025-031436,20250315,26.0,0.0,7.99,2.15,36.14,Delivered,Standard Ground
ORD-2025-000844,2316,SES-2025-031451,20250717,25.0,0.0,7.99,2.06,35.05,Delivered,Standard Ground
ORD-2025-000845,6755,SES-2025-031569,20250813,25.0,0.0,7.99,2.06,35.05,Delivered,Standard Ground
ORD-2025-000846,9070,SES-2025-031590,20250809,178.0,17.8,0.0,14.69,174.89,Delivered,Free Standard
ORD-2025-000847,6967,SES-2025-031646,20250810,109.98,0.0,0.0,9.07,119.05,Delivered,Free Standard
ORD-2025-000848,1929,SES-2025-031656,20251202,24.0,0.0,7.99,1.98,33.97,Delivered,Standard Ground
ORD-2025-000849,4488,SES-2025-031741,20251210,84.0,8.4,0.0,6.93,82.53,Delivered,Free Standard
ORD-2025-000850,6902,SES-2025-031779,20250921,39.99,0.0,7.99,3.3,51.28,Delivered,Standard Ground
ORD-2025-000851,7001,SES-2025-031801,20251126,98.0,0.0,0.0,8.09,106.09,Delivered,Free Standard
ORD-2025-000852,663,SES-2025-031837,20251226,49.99,0.0,7.99,4.12,62.1,Delivered,Standard Ground
ORD-2025-000853,9773,SES-2025-031868,20250731,38.0,0.0,7.99,3.14,49.13,Processing,Standard Ground
ORD-2025-000854,178,SES-2025-031893,20251219,42.0,0.0,7.99,3.47,53.46,Delivered,Standard Ground
ORD-2025-000855,2382,SES-2025-031894,20250804,44.0,0.0,7.99,3.63,55.62,Delivered,Standard Ground
ORD-2025-000856,7510,SES-2025-031938,20250907,54.99,0.0,7.99,4.54,67.52,Delivered,Standard Ground
ORD-2025-000857,9470,SES-2025-031968,20250812,68.0,0.0,7.99,5.61,81.6,Delivered,Standard Ground
